original_index,review_text,review_text_processed,review_text_tokenized,polarity,rating,kfold_polarity,kfold_rating
40021,Produtos de boa qualidade.,produtos de boa qualidade.,"['produtos', 'de', 'boa', 'qualidade']",1.0,5,10,10
79498,As lojas lannister até agora foram perfeitas,as lojas lannister ate agora foram perfeitas,"['as', 'lojas', 'lannister', 'ate', 'agora', 'foram', 'perfeitas']",1.0,5,10,10
60411,"Apesar que na imagem de venda NÃO dava pra ver que tinha Tantas corujas, folhas e flores estampadas.
A criançada iria gostar mais.
O preço era razoável, e por último, acho que vi duas tampas na vend","apesar que na imagem de venda nao dava pra ver que tinha tantas corujas, folhas e flores estampadas.
a criancada iria gostar mais.
o preco era razoavel, e por ultimo, acho que vi duas tampas na vend","['apesar', 'que', 'na', 'imagem', 'de', 'venda', 'nao', 'dava', 'pra', 'ver', 'que', 'tinha', 'tantas', 'corujas', 'folhas', 'flores', 'estampadas', 'criancada', 'iria', 'gostar', 'mais', 'preco', 'era', 'razoavel', 'por', 'ultimo', 'acho', 'que', 'vi', 'duas', 'tampas', 'na', 'vend']",,3,-1,10
54718,"Cobrei uma posição após os correios informarem que não receberam o produto e a empresa não deu resposta. Nem percam tempo tentando comprar com esta empresa, estou cancelando a compra. Péssimo!","cobrei uma posicao apos os correios informarem que nao receberam o produto e a empresa nao deu resposta. nem percam tempo tentando comprar com esta empresa, estou cancelando a compra. pessimo!","['cobrei', 'uma', 'posicao', 'apos', 'os', 'correios', 'informarem', 'que', 'nao', 'receberam', 'produto', 'empresa', 'nao', 'deu', 'resposta', 'nem', 'percam', 'tempo', 'tentando', 'comprar', 'com', 'esta', 'empresa', 'estou', 'cancelando', 'compra', 'pessimo']",0.0,1,10,10
58711,Por enquanto td certo. Ainda não testei o produto mas já recebi.,por enquanto td certo. ainda nao testei o produto mas ja recebi.,"['por', 'enquanto', 'td', 'certo', 'ainda', 'nao', 'testei', 'produto', 'mas', 'ja', 'recebi']",1.0,5,10,10
73628,Tive problemas mandei email para devolver a lannister disse que eu receberia retorno da targaryen em 48 hrs e ja se passaram 3 dias e nada ainda.,tive problemas mandei email para devolver a lannister disse que eu receberia retorno da targaryen em 48 hrs e ja se passaram 3 dias e nada ainda.,"['tive', 'problemas', 'mandei', 'email', 'para', 'devolver', 'lannister', 'disse', 'que', 'eu', 'receberia', 'retorno', 'da', 'targaryen', 'em', '48', 'hrs', 'ja', 'se', 'passaram', 'dias', 'nada', 'ainda']",0.0,1,10,10
31525,"Entrega antes do prazo...recomendo
","entrega antes do prazo...recomendo
","['entrega', 'antes', 'do', 'prazo', 'recomendo']",1.0,5,10,10
87073,No 110v e meio fraca mais no 220v como manda a voltagem responde bem 😎,no 110v e meio fraca mais no 220v como manda a voltagem responde bem 😎,"['no', '110v', 'meio', 'fraca', 'mais', 'no', '220v', 'como', 'manda', 'voltagem', 'responde', 'bem']",1.0,5,10,10
24647,O pedido não foi entregue ,o pedido nao foi entregue ,"['pedido', 'nao', 'foi', 'entregue']",0.0,1,10,10
78640,"Minha prima que indicou o produto, ela gostou, estou usando agora, vou vê se gosto","minha prima que indicou o produto, ela gostou, estou usando agora, vou ve se gosto","['minha', 'prima', 'que', 'indicou', 'produto', 'ela', 'gostou', 'estou', 'usando', 'agora', 'vou', 've', 'se', 'gosto']",1.0,4,10,10
96376,"No boleto está escrito que quem está recebendo meu dinheiro é a loja lannister. Quero o produto não o dinheiro de volta perdi outra promoção em outro site para comprar nas lannister.
","no boleto esta escrito que quem esta recebendo meu dinheiro e a loja lannister. quero o produto nao o dinheiro de volta perdi outra promocao em outro site para comprar nas lannister.
","['no', 'boleto', 'esta', 'escrito', 'que', 'quem', 'esta', 'recebendo', 'meu', 'dinheiro', 'loja', 'lannister', 'quero', 'produto', 'nao', 'dinheiro', 'de', 'volta', 'perdi', 'outra', 'promocao', 'em', 'outro', 'site', 'para', 'comprar', 'nas', 'lannister']",0.0,1,10,10
84630,"Sempre obtive ótimos resultados, nas compras efetuadas através desse Site.","sempre obtive otimos resultados, nas compras efetuadas atraves desse site.","['sempre', 'obtive', 'otimos', 'resultados', 'nas', 'compras', 'efetuadas', 'atraves', 'desse', 'site']",1.0,5,10,10
28140,Pedido chegou antes do Prazo. CONTINUE ASSIM L&A,pedido chegou antes do prazo. continue assim l&a,"['pedido', 'chegou', 'antes', 'do', 'prazo', 'continue', 'assim']",1.0,5,10,10
52007,"Produto de qualidade, entrega no prazo. Recomendo!","produto de qualidade, entrega no prazo. recomendo!","['produto', 'de', 'qualidade', 'entrega', 'no', 'prazo', 'recomendo']",1.0,5,10,10
65618,Imaginei que obproduto fosse melhor. Na verdade o produto decepcionou minhas expectativas.,imaginei que obproduto fosse melhor. na verdade o produto decepcionou minhas expectativas.,"['imaginei', 'que', 'obproduto', 'fosse', 'melhor', 'na', 'verdade', 'produto', 'decepcionou', 'minhas', 'expectativas']",0.0,2,10,10
87250,"A cadeira é bem simples, é nova então não deu problema ainda, mas é bem barata e por essa faixa de preço não se poderia esperar nada melhor mesmo!","a cadeira e bem simples, e nova entao nao deu problema ainda, mas e bem barata e por essa faixa de preco nao se poderia esperar nada melhor mesmo!","['cadeira', 'bem', 'simples', 'nova', 'entao', 'nao', 'deu', 'problema', 'ainda', 'mas', 'bem', 'barata', 'por', 'essa', 'faixa', 'de', 'preco', 'nao', 'se', 'poderia', 'esperar', 'nada', 'melhor', 'mesmo']",,3,-1,10
48908,"Achei diferente do anunciado,mas tá valendo pelo custo benefício!","achei diferente do anunciado,mas ta valendo pelo custo beneficio!","['achei', 'diferente', 'do', 'anunciado', 'mas', 'ta', 'valendo', 'pelo', 'custo', 'beneficio']",,3,-1,10
34790,"Solicitei um produto e me enviaram outro, foi devolvido conforme orientação do vendedor mas ate agora não fui ressarcida do valor pago, uma vez que a compra foi efetuada com cartão de credito.","solicitei um produto e me enviaram outro, foi devolvido conforme orientacao do vendedor mas ate agora nao fui ressarcida do valor pago, uma vez que a compra foi efetuada com cartao de credito.","['solicitei', 'um', 'produto', 'me', 'enviaram', 'outro', 'foi', 'devolvido', 'conforme', 'orientacao', 'do', 'vendedor', 'mas', 'ate', 'agora', 'nao', 'fui', 'ressarcida', 'do', 'valor', 'pago', 'uma', 'vez', 'que', 'compra', 'foi', 'efetuada', 'com', 'cartao', 'de', 'credito']",,3,-1,10
50977,"Super recomendo o vendedor, o produto chegou em 4 dias após o reconhecimento do pagamento. Produto igual ao descrito.","super recomendo o vendedor, o produto chegou em 4 dias apos o reconhecimento do pagamento. produto igual ao descrito.","['super', 'recomendo', 'vendedor', 'produto', 'chegou', 'em', 'dias', 'apos', 'reconhecimento', 'do', 'pagamento', 'produto', 'igual', 'ao', 'descrito']",1.0,5,10,10
80731,Ótimo produto,otimo produto,"['otimo', 'produto']",1.0,5,10,10
58316,"O cubo é muito maleável, sua cores são maravilhosas. Recomendo muito.","o cubo e muito maleavel, sua cores sao maravilhosas. recomendo muito.","['cubo', 'muito', 'maleavel', 'sua', 'cores', 'sao', 'maravilhosas', 'recomendo', 'muito']",1.0,5,10,10
6713,Muito bom! Foi entregue entes do prazo.,muito bom! foi entregue entes do prazo.,"['muito', 'bom', 'foi', 'entregue', 'entes', 'do', 'prazo']",1.0,5,10,10
6831,Foi entregue somente 1. Quero saber do outro produto.,foi entregue somente 1. quero saber do outro produto.,"['foi', 'entregue', 'somente', 'quero', 'saber', 'do', 'outro', 'produto']",0.0,2,10,10
86384,"O produto veio todo quebrado o papel bolha marrom lotado de sombra, não recomendo a loja quero meu dinheiro de volta péssima entrega.
Por ser um produto frágil, deveria vim dentro de uma caixa ","o produto veio todo quebrado o papel bolha marrom lotado de sombra, nao recomendo a loja quero meu dinheiro de volta pessima entrega.
por ser um produto fragil, deveria vim dentro de uma caixa ","['produto', 'veio', 'todo', 'quebrado', 'papel', 'bolha', 'marrom', 'lotado', 'de', 'sombra', 'nao', 'recomendo', 'loja', 'quero', 'meu', 'dinheiro', 'de', 'volta', 'pessima', 'entrega', 'por', 'ser', 'um', 'produto', 'fragil', 'deveria', 'vim', 'dentro', 'de', 'uma', 'caixa']",0.0,1,10,10
91462,"Gostei muito
","gostei muito
","['gostei', 'muito']",1.0,5,10,10
84539,Gostei bastante do produto,gostei bastante do produto,"['gostei', 'bastante', 'do', 'produto']",1.0,5,10,10
90475,Já é o segundo produto que compro na lannister.com e chega antes do prazo e com muita qualidade! A maca chegou em perfeito estado e a qualidade é indiscutível!,ja e o segundo produto que compro na lannister.com e chega antes do prazo e com muita qualidade! a maca chegou em perfeito estado e a qualidade e indiscutivel!,"['ja', 'segundo', 'produto', 'que', 'compro', 'na', 'lannister', 'com', 'chega', 'antes', 'do', 'prazo', 'com', 'muita', 'qualidade', 'maca', 'chegou', 'em', 'perfeito', 'estado', 'qualidade', 'indiscutivel']",1.0,5,10,10
78443,Realizei um pedido com dois itens e apenas 1 deles foi entregue. Fiz algumas reclamações e até agora ninguém entrou em contato comigo pra entregar o outro produto ou para devolver o dinheiro.,realizei um pedido com dois itens e apenas 1 deles foi entregue. fiz algumas reclamacoes e ate agora ninguem entrou em contato comigo pra entregar o outro produto ou para devolver o dinheiro.,"['realizei', 'um', 'pedido', 'com', 'dois', 'itens', 'apenas', 'deles', 'foi', 'entregue', 'fiz', 'algumas', 'reclamacoes', 'ate', 'agora', 'ninguem', 'entrou', 'em', 'contato', 'comigo', 'pra', 'entregar', 'outro', 'produto', 'ou', 'para', 'devolver', 'dinheiro']",0.0,1,10,10
99820,"Boa qualidade da mercadoria, pontualidade e preço justo.","boa qualidade da mercadoria, pontualidade e preco justo.","['boa', 'qualidade', 'da', 'mercadoria', 'pontualidade', 'preco', 'justo']",1.0,4,10,10
1012,Adoro comprar nas lojas lannister,adoro comprar nas lojas lannister,"['adoro', 'comprar', 'nas', 'lojas', 'lannister']",1.0,4,10,10
63972,Bom ,bom ,['bom'],1.0,4,10,10
39874,"A targaryen entregou bem antes do prazo, O produto ainda não vi mandei entregar na casa de minha mãe.","a targaryen entregou bem antes do prazo, o produto ainda nao vi mandei entregar na casa de minha mae.","['targaryen', 'entregou', 'bem', 'antes', 'do', 'prazo', 'produto', 'ainda', 'nao', 'vi', 'mandei', 'entregar', 'na', 'casa', 'de', 'minha', 'mae']",1.0,4,10,10
10323,Amei o produto..recomendo,amei o produto..recomendo,"['amei', 'produto', 'recomendo']",1.0,5,10,10
1149,Super recomendo.entrega e produtos ok.,super recomendo.entrega e produtos ok.,"['super', 'recomendo', 'entrega', 'produtos', 'ok']",1.0,5,10,10
30419,"Parabéns pelo atendimento, fidelidade na entrega; chegou bem antes do previsto;Muito bem protegido com a nota fiscal colada na caixa; sempre comprei e nunca me frustrei, parabéns por tudo...","parabens pelo atendimento, fidelidade na entrega; chegou bem antes do previsto;muito bem protegido com a nota fiscal colada na caixa; sempre comprei e nunca me frustrei, parabens por tudo...","['parabens', 'pelo', 'atendimento', 'fidelidade', 'na', 'entrega', 'chegou', 'bem', 'antes', 'do', 'previsto', 'muito', 'bem', 'protegido', 'com', 'nota', 'fiscal', 'colada', 'na', 'caixa', 'sempre', 'comprei', 'nunca', 'me', 'frustrei', 'parabens', 'por', 'tudo']",1.0,4,10,10
93987,"Recebi o produto dentro do tempo estipulado...
Porém o mesmo veio trincado. ","recebi o produto dentro do tempo estipulado...
porem o mesmo veio trincado. ","['recebi', 'produto', 'dentro', 'do', 'tempo', 'estipulado', 'porem', 'mesmo', 'veio', 'trincado']",1.0,4,10,10
22511,A entrega foi muito rápida e o produto atende as expectativas!,a entrega foi muito rapida e o produto atende as expectativas!,"['entrega', 'foi', 'muito', 'rapida', 'produto', 'atende', 'as', 'expectativas']",1.0,5,10,10
90421,"Exatamente como na foto, produto chegou super rápido.","exatamente como na foto, produto chegou super rapido.","['exatamente', 'como', 'na', 'foto', 'produto', 'chegou', 'super', 'rapido']",1.0,5,10,10
26201,"O pedido chegou antes da data prevista, satisfeitíssima","o pedido chegou antes da data prevista, satisfeitissima","['pedido', 'chegou', 'antes', 'da', 'data', 'prevista', 'satisfeitissima']",1.0,4,10,10
8116,"Produto que sinais de uso , manchado , marcado e quebrado ","produto que sinais de uso , manchado , marcado e quebrado ","['produto', 'que', 'sinais', 'de', 'uso', 'manchado', 'marcado', 'quebrado']",0.0,1,10,10
49700,"O produto chegou no prazo e é como descrito porem na parte de tras do produto ficou desnivelado, faltou acabamento.","o produto chegou no prazo e e como descrito porem na parte de tras do produto ficou desnivelado, faltou acabamento.","['produto', 'chegou', 'no', 'prazo', 'como', 'descrito', 'porem', 'na', 'parte', 'de', 'tras', 'do', 'produto', 'ficou', 'desnivelado', 'faltou', 'acabamento']",1.0,4,10,10
49609,"Na foto parecia cinza, porém eu queria preta mas comprei mesmo assim por que o valor estava ótimo. Chegou preta como eu gostaria. Amei!!!","na foto parecia cinza, porem eu queria preta mas comprei mesmo assim por que o valor estava otimo. chegou preta como eu gostaria. amei!!!","['na', 'foto', 'parecia', 'cinza', 'porem', 'eu', 'queria', 'preta', 'mas', 'comprei', 'mesmo', 'assim', 'por', 'que', 'valor', 'estava', 'otimo', 'chegou', 'preta', 'como', 'eu', 'gostaria', 'amei']",1.0,5,10,10
49084,"Produto conforme descrito, muito bom e entrega rápida.","produto conforme descrito, muito bom e entrega rapida.","['produto', 'conforme', 'descrito', 'muito', 'bom', 'entrega', 'rapida']",1.0,5,10,10
74157,muito bom,muito bom,"['muito', 'bom']",1.0,5,10,10
63634,"o produto era o que esperado, fiquei satisfeita","o produto era o que esperado, fiquei satisfeita","['produto', 'era', 'que', 'esperado', 'fiquei', 'satisfeita']",1.0,4,10,10
14739,"Escolhi a luminária, comprei e como é usual já esperava receber no prazo máximo. Na verdade, achei que era até um engano quando recebi poucos dias depois da compra e tudo conforme combinado no pedido.","escolhi a luminaria, comprei e como e usual ja esperava receber no prazo maximo. na verdade, achei que era ate um engano quando recebi poucos dias depois da compra e tudo conforme combinado no pedido.","['escolhi', 'luminaria', 'comprei', 'como', 'usual', 'ja', 'esperava', 'receber', 'no', 'prazo', 'maximo', 'na', 'verdade', 'achei', 'que', 'era', 'ate', 'um', 'engano', 'quando', 'recebi', 'poucos', 'dias', 'depois', 'da', 'compra', 'tudo', 'conforme', 'combinado', 'no', 'pedido']",1.0,5,10,10
6736,Boa loja,boa loja,"['boa', 'loja']",1.0,5,10,10
10364,"Sem comentários, prazo, qualidade, eficiência e etc......
Muito obrigado a essa equipe, pelo respeito ao consumidor.","sem comentarios, prazo, qualidade, eficiencia e etc......
muito obrigado a essa equipe, pelo respeito ao consumidor.","['sem', 'comentarios', 'prazo', 'qualidade', 'eficiencia', 'etc', 'muito', 'obrigado', 'essa', 'equipe', 'pelo', 'respeito', 'ao', 'consumidor']",1.0,5,10,10
85899,Adorei estou super satisfeita com baratheon ,adorei estou super satisfeita com baratheon ,"['adorei', 'estou', 'super', 'satisfeita', 'com', 'baratheon']",1.0,5,10,10
11476,Ótimo foi como esperado,otimo foi como esperado,"['otimo', 'foi', 'como', 'esperado']",1.0,5,10,10
78244,"Produto muito bom, entrega rápida, antes do prazo, facilidade na compra. Nada a reclamar. Recomendo.","produto muito bom, entrega rapida, antes do prazo, facilidade na compra. nada a reclamar. recomendo.","['produto', 'muito', 'bom', 'entrega', 'rapida', 'antes', 'do', 'prazo', 'facilidade', 'na', 'compra', 'nada', 'reclamar', 'recomendo']",1.0,5,10,10
79557,"Comprei um cabo tipo c para utilizar no meu moto z play, e recebi um cabo mini usb","comprei um cabo tipo c para utilizar no meu moto z play, e recebi um cabo mini usb","['comprei', 'um', 'cabo', 'tipo', 'para', 'utilizar', 'no', 'meu', 'moto', 'play', 'recebi', 'um', 'cabo', 'mini', 'usb']",0.0,1,10,10
58216,"Acho que deveria explicar melhor o que está sendo oferecido, para que o consumidor não tenha duvidas na Hora da compra. 
Pedi k1 que tem os nomes no fone de ouvido e veio kb1 que não vem.","acho que deveria explicar melhor o que esta sendo oferecido, para que o consumidor nao tenha duvidas na hora da compra. 
pedi k1 que tem os nomes no fone de ouvido e veio kb1 que nao vem.","['acho', 'que', 'deveria', 'explicar', 'melhor', 'que', 'esta', 'sendo', 'oferecido', 'para', 'que', 'consumidor', 'nao', 'tenha', 'duvidas', 'na', 'hora', 'da', 'compra', 'pedi', 'k1', 'que', 'tem', 'os', 'nomes', 'no', 'fone', 'de', 'ouvido', 'veio', 'kb1', 'que', 'nao', 'vem']",0.0,1,10,10
41153,Boa,boa,['boa'],1.0,5,10,10
24221,"correios informa que ate agora não chegou no cd da minha cidade, mas loja que entrega com o correio so se pode esperar isso mesmo","correios informa que ate agora nao chegou no cd da minha cidade, mas loja que entrega com o correio so se pode esperar isso mesmo","['correios', 'informa', 'que', 'ate', 'agora', 'nao', 'chegou', 'no', 'cd', 'da', 'minha', 'cidade', 'mas', 'loja', 'que', 'entrega', 'com', 'correio', 'so', 'se', 'pode', 'esperar', 'isso', 'mesmo']",0.0,1,10,10
97126,Tudo conforme o combinado.,tudo conforme o combinado.,"['tudo', 'conforme', 'combinado']",1.0,5,10,10
14546,"Entrega rápida, bem antes do prazo. Ótimo produto e muito bonito.","entrega rapida, bem antes do prazo. otimo produto e muito bonito.","['entrega', 'rapida', 'bem', 'antes', 'do', 'prazo', 'otimo', 'produto', 'muito', 'bonito']",1.0,5,10,10
1879,Excelente.,excelente.,['excelente'],1.0,5,10,10
31149,Produto de excelente qualidade.,produto de excelente qualidade.,"['produto', 'de', 'excelente', 'qualidade']",1.0,5,10,10
28016,"Produto bem embalado e chegou em menos de dois dias após a nota fiscal ser emitida.
Recomendo. ","produto bem embalado e chegou em menos de dois dias apos a nota fiscal ser emitida.
recomendo. ","['produto', 'bem', 'embalado', 'chegou', 'em', 'menos', 'de', 'dois', 'dias', 'apos', 'nota', 'fiscal', 'ser', 'emitida', 'recomendo']",1.0,5,10,10
22094,"Recomendo a compra desse produto, meia segunda pele.","recomendo a compra desse produto, meia segunda pele.","['recomendo', 'compra', 'desse', 'produto', 'meia', 'segunda', 'pele']",1.0,5,10,10
644,ainda não recebi o produto,ainda nao recebi o produto,"['ainda', 'nao', 'recebi', 'produto']",,3,-1,10
92744,O produto foi enviado com defeito.,o produto foi enviado com defeito.,"['produto', 'foi', 'enviado', 'com', 'defeito']",0.0,1,10,10
6613,O prazo da entrega era grande e caro... Agora atrasar a entrega foi a primeira vez. 👎,o prazo da entrega era grande e caro... agora atrasar a entrega foi a primeira vez. 👎,"['prazo', 'da', 'entrega', 'era', 'grande', 'caro', 'agora', 'atrasar', 'entrega', 'foi', 'primeira', 'vez']",,3,-1,10
57035,Prazo de entrega melhor que o esperado! Produto chegou muito rápido! facilidade na compra e satisfação garantida!,prazo de entrega melhor que o esperado! produto chegou muito rapido! facilidade na compra e satisfacao garantida!,"['prazo', 'de', 'entrega', 'melhor', 'que', 'esperado', 'produto', 'chegou', 'muito', 'rapido', 'facilidade', 'na', 'compra', 'satisfacao', 'garantida']",1.0,5,10,10
18590,Excelente produto muito lindo entrega rapida,excelente produto muito lindo entrega rapida,"['excelente', 'produto', 'muito', 'lindo', 'entrega', 'rapida']",1.0,5,10,10
64352,Show super recomendo,show super recomendo,"['show', 'super', 'recomendo']",1.0,5,10,10
51158,"ótimo produto, exatamente o que eu queria.","otimo produto, exatamente o que eu queria.","['otimo', 'produto', 'exatamente', 'que', 'eu', 'queria']",1.0,5,10,10
74362,"Foi a primeira é última vez que compro desta empresa,. Nunca mais, 

","foi a primeira e ultima vez que compro desta empresa,. nunca mais, 

","['foi', 'primeira', 'ultima', 'vez', 'que', 'compro', 'desta', 'empresa', 'nunca', 'mais']",0.0,1,10,10
87642,"Tivemos que retirar nos correios , maior burocracia , sempre comprei com a lannister e nunca tive esse problema , , não fiquei satisfeito , espero que na peoxima seje diferente .","tivemos que retirar nos correios , maior burocracia , sempre comprei com a lannister e nunca tive esse problema , , nao fiquei satisfeito , espero que na peoxima seje diferente .","['tivemos', 'que', 'retirar', 'nos', 'correios', 'maior', 'burocracia', 'sempre', 'comprei', 'com', 'lannister', 'nunca', 'tive', 'esse', 'problema', 'nao', 'fiquei', 'satisfeito', 'espero', 'que', 'na', 'peoxima', 'seje', 'diferente']",0.0,1,10,10
77091,Chegou somente parte dos produtos!!!,chegou somente parte dos produtos!!!,"['chegou', 'somente', 'parte', 'dos', 'produtos']",0.0,1,10,10
9277,"o produto veio correto e no prazo, porem veio com uma peça quebrada ","o produto veio correto e no prazo, porem veio com uma peca quebrada ","['produto', 'veio', 'correto', 'no', 'prazo', 'porem', 'veio', 'com', 'uma', 'peca', 'quebrada']",0.0,1,10,10
92759,"Material conforme descrito no site. Entregue dentro do programado.
Precisa melhorar o manual de instrução apenas.","material conforme descrito no site. entregue dentro do programado.
precisa melhorar o manual de instrucao apenas.","['material', 'conforme', 'descrito', 'no', 'site', 'entregue', 'dentro', 'do', 'programado', 'precisa', 'melhorar', 'manual', 'de', 'instrucao', 'apenas']",1.0,5,10,10
73202,gostei e aprovo,gostei e aprovo,"['gostei', 'aprovo']",1.0,5,10,10
8206,Farei outros pedidos,farei outros pedidos,"['farei', 'outros', 'pedidos']",1.0,5,10,10
58569,ainda estou aguardando,ainda estou aguardando,"['ainda', 'estou', 'aguardando']",,3,-1,10
28520,Recebi produto conforme anunciado,recebi produto conforme anunciado,"['recebi', 'produto', 'conforme', 'anunciado']",1.0,4,10,10
46236,"Chegou muito antes do prazo, excelente atendimento, super recomendo.","chegou muito antes do prazo, excelente atendimento, super recomendo.","['chegou', 'muito', 'antes', 'do', 'prazo', 'excelente', 'atendimento', 'super', 'recomendo']",1.0,5,10,10
11498,Fiquei muito satisfeita pq chegou bem antes do prazo final.,fiquei muito satisfeita pq chegou bem antes do prazo final.,"['fiquei', 'muito', 'satisfeita', 'pq', 'chegou', 'bem', 'antes', 'do', 'prazo', 'final']",1.0,5,10,10
42185,Loja parceira do stark sequer entrou em contato.,loja parceira do stark sequer entrou em contato.,"['loja', 'parceira', 'do', 'stark', 'sequer', 'entrou', 'em', 'contato']",0.0,1,10,10
75462,"O único problema é que a tesoura veio sem afiação, mastiga o cabelo do cliente. Ainda não mandei afiar para saber se é boa...","o unico problema e que a tesoura veio sem afiacao, mastiga o cabelo do cliente. ainda nao mandei afiar para saber se e boa...","['unico', 'problema', 'que', 'tesoura', 'veio', 'sem', 'afiacao', 'mastiga', 'cabelo', 'do', 'cliente', 'ainda', 'nao', 'mandei', 'afiar', 'para', 'saber', 'se', 'boa']",,3,-1,10
21996,"Produto corresponde ao anunciado.
","produto corresponde ao anunciado.
","['produto', 'corresponde', 'ao', 'anunciado']",1.0,5,10,10
59109,"A bateria chegou estourada, estão nem consegui ligar o termômetro ainda.","a bateria chegou estourada, estao nem consegui ligar o termometro ainda.","['bateria', 'chegou', 'estourada', 'estao', 'nem', 'consegui', 'ligar', 'termometro', 'ainda']",0.0,2,10,10
69133," A única coisa que desagradou foi que as os parafusos vieram soltos e caixa estava amassada e rasgada. Não colocaram em um saco plástico simples. "," a unica coisa que desagradou foi que as os parafusos vieram soltos e caixa estava amassada e rasgada. nao colocaram em um saco plastico simples. ","['unica', 'coisa', 'que', 'desagradou', 'foi', 'que', 'as', 'os', 'parafusos', 'vieram', 'soltos', 'caixa', 'estava', 'amassada', 'rasgada', 'nao', 'colocaram', 'em', 'um', 'saco', 'plastico', 'simples']",1.0,5,10,10
13552,O produto me chegou divergindo em relação ao informado no site sobre o funcionamento do mesmo. Falta o botão redutor de velocidade,o produto me chegou divergindo em relacao ao informado no site sobre o funcionamento do mesmo. falta o botao redutor de velocidade,"['produto', 'me', 'chegou', 'divergindo', 'em', 'relacao', 'ao', 'informado', 'no', 'site', 'sobre', 'funcionamento', 'do', 'mesmo', 'falta', 'botao', 'redutor', 'de', 'velocidade']",0.0,1,10,10
13087,"recebi mas ainda não instalei. Veio conforme imaginei . lindo, espero que funcione perfeitamente.","recebi mas ainda nao instalei. veio conforme imaginei . lindo, espero que funcione perfeitamente.","['recebi', 'mas', 'ainda', 'nao', 'instalei', 'veio', 'conforme', 'imaginei', 'lindo', 'espero', 'que', 'funcione', 'perfeitamente']",1.0,5,10,10
8179,Recebi o produto errado.,recebi o produto errado.,"['recebi', 'produto', 'errado']",,3,-1,10
82744,Determinado ,determinado ,['determinado'],1.0,5,10,10
96909,Recomendo,recomendo,['recomendo'],,3,-1,10
5999,Produto arranhado!,produto arranhado!,"['produto', 'arranhado']",0.0,1,10,10
51033,Estão de parabéns pela pontualidade e qualidade dos produtos.,estao de parabens pela pontualidade e qualidade dos produtos.,"['estao', 'de', 'parabens', 'pela', 'pontualidade', 'qualidade', 'dos', 'produtos']",1.0,5,10,10
11106,"Já pedi minha devolução e ate agora n recebi retorno, isso tem mais de 3 dias e me deram prazo de 48hs. Quero meu reembolso","ja pedi minha devolucao e ate agora n recebi retorno, isso tem mais de 3 dias e me deram prazo de 48hs. quero meu reembolso","['ja', 'pedi', 'minha', 'devolucao', 'ate', 'agora', 'recebi', 'retorno', 'isso', 'tem', 'mais', 'de', 'dias', 'me', 'deram', 'prazo', 'de', '48hs', 'quero', 'meu', 'reembolso']",0.0,2,10,10
4211,"A única questão foi um comunicado que recebi dizendo que não receberia o produto e até mesmo um link para ""cancelar"" a compra.","a unica questao foi um comunicado que recebi dizendo que nao receberia o produto e ate mesmo um link para ""cancelar"" a compra.","['unica', 'questao', 'foi', 'um', 'comunicado', 'que', 'recebi', 'dizendo', 'que', 'nao', 'receberia', 'produto', 'ate', 'mesmo', 'um', 'link', 'para', 'cancelar', 'compra']",1.0,4,10,10
16665,Depois de 16 minutos no telefone ser aguardado para reclamar do meu problema que veio com defeito uma capa de celular que não encaixa direito no aparelho simplesmente atenderam e desligaram.,depois de 16 minutos no telefone ser aguardado para reclamar do meu problema que veio com defeito uma capa de celular que nao encaixa direito no aparelho simplesmente atenderam e desligaram.,"['depois', 'de', '16', 'minutos', 'no', 'telefone', 'ser', 'aguardado', 'para', 'reclamar', 'do', 'meu', 'problema', 'que', 'veio', 'com', 'defeito', 'uma', 'capa', 'de', 'celular', 'que', 'nao', 'encaixa', 'direito', 'no', 'aparelho', 'simplesmente', 'atenderam', 'desligaram']",0.0,1,10,10
34060,"Estou aguardando uma luminária que não chegou, só veio uma na caixa que recebi, só veio uma luminária dentro.
Não obtive retorno sobre a minha reclamação.","estou aguardando uma luminaria que nao chegou, so veio uma na caixa que recebi, so veio uma luminaria dentro.
nao obtive retorno sobre a minha reclamacao.","['estou', 'aguardando', 'uma', 'luminaria', 'que', 'nao', 'chegou', 'so', 'veio', 'uma', 'na', 'caixa', 'que', 'recebi', 'so', 'veio', 'uma', 'luminaria', 'dentro', 'nao', 'obtive', 'retorno', 'sobre', 'minha', 'reclamacao']",0.0,1,10,10
39490,Entregue antes do previsto super recomendo ,entregue antes do previsto super recomendo ,"['entregue', 'antes', 'do', 'previsto', 'super', 'recomendo']",1.0,5,10,10
88052,Chegou no prazo conforme combinado,chegou no prazo conforme combinado,"['chegou', 'no', 'prazo', 'conforme', 'combinado']",1.0,5,10,10
82566,"A bolsa é ótima e o cuidado da loja é o que mais surpreendeu. Laço na sacola, cheiro de bebê, cada detalhe muito bem pensado. Parabéns! ","a bolsa e otima e o cuidado da loja e o que mais surpreendeu. laco na sacola, cheiro de bebe, cada detalhe muito bem pensado. parabens! ","['bolsa', 'otima', 'cuidado', 'da', 'loja', 'que', 'mais', 'surpreendeu', 'laco', 'na', 'sacola', 'cheiro', 'de', 'bebe', 'cada', 'detalhe', 'muito', 'bem', 'pensado', 'parabens']",1.0,5,10,10
95878,"O produto é muito bonito e de boa qualidade ,só não foi boa a entrega tive que buscar no correio sendo que paguei pelo frete
","o produto e muito bonito e de boa qualidade ,so nao foi boa a entrega tive que buscar no correio sendo que paguei pelo frete
","['produto', 'muito', 'bonito', 'de', 'boa', 'qualidade', 'so', 'nao', 'foi', 'boa', 'entrega', 'tive', 'que', 'buscar', 'no', 'correio', 'sendo', 'que', 'paguei', 'pelo', 'frete']",1.0,4,10,10
56240,"Ate a presente data o produto não foi entregue. Outros produtos que foram comprados juntos, no mesma data, já foram recebidos.","ate a presente data o produto nao foi entregue. outros produtos que foram comprados juntos, no mesma data, ja foram recebidos.","['ate', 'presente', 'data', 'produto', 'nao', 'foi', 'entregue', 'outros', 'produtos', 'que', 'foram', 'comprados', 'juntos', 'no', 'mesma', 'data', 'ja', 'foram', 'recebidos']",0.0,2,10,10
5858,Gostei bastante do produto e meu gatinho também gostou!! :D,gostei bastante do produto e meu gatinho tambem gostou!! :d,"['gostei', 'bastante', 'do', 'produto', 'meu', 'gatinho', 'tambem', 'gostou']",1.0,5,10,10
76495,"9 dos 10 produtos chegaram conforme pedido, porém um veio com a tampinha muito maior e portanto não encaixa no frasco.","9 dos 10 produtos chegaram conforme pedido, porem um veio com a tampinha muito maior e portanto nao encaixa no frasco.","['dos', '10', 'produtos', 'chegaram', 'conforme', 'pedido', 'porem', 'um', 'veio', 'com', 'tampinha', 'muito', 'maior', 'portanto', 'nao', 'encaixa', 'no', 'frasco']",1.0,5,10,10
71488,"Cobrado duas caixas de lente, com a nota fiscal e chegou apenas uma das caixas , utilizo lentes de grau diferente . aconteceu erro na separação do produto e empresa não entrou em contato até o momento","cobrado duas caixas de lente, com a nota fiscal e chegou apenas uma das caixas , utilizo lentes de grau diferente . aconteceu erro na separacao do produto e empresa nao entrou em contato ate o momento","['cobrado', 'duas', 'caixas', 'de', 'lente', 'com', 'nota', 'fiscal', 'chegou', 'apenas', 'uma', 'das', 'caixas', 'utilizo', 'lentes', 'de', 'grau', 'diferente', 'aconteceu', 'erro', 'na', 'separacao', 'do', 'produto', 'empresa', 'nao', 'entrou', 'em', 'contato', 'ate', 'momento']",0.0,1,10,10
41551,A entrega está atrasada quase uma semana. No dia 11/09 Há dois registros FALSOS de entrega no histórico do site. Nos Correios consta que a encomenda não chegou ao destino. ,a entrega esta atrasada quase uma semana. no dia 11/09 ha dois registros falsos de entrega no historico do site. nos correios consta que a encomenda nao chegou ao destino. ,"['entrega', 'esta', 'atrasada', 'quase', 'uma', 'semana', 'no', 'dia', '11', '09', 'ha', 'dois', 'registros', 'falsos', 'de', 'entrega', 'no', 'historico', 'do', 'site', 'nos', 'correios', 'consta', 'que', 'encomenda', 'nao', 'chegou', 'ao', 'destino']",0.0,1,10,10
36821,"Bandeja não é estável. É presa apenas por um único eixo central, que gira com um mínimo de esforço. Elementos de fixação de plástico. Parafusos e porcas de difícil aperto. Falta manual. Mal embalado.","bandeja nao e estavel. e presa apenas por um unico eixo central, que gira com um minimo de esforco. elementos de fixacao de plastico. parafusos e porcas de dificil aperto. falta manual. mal embalado.","['bandeja', 'nao', 'estavel', 'presa', 'apenas', 'por', 'um', 'unico', 'eixo', 'central', 'que', 'gira', 'com', 'um', 'minimo', 'de', 'esforco', 'elementos', 'de', 'fixacao', 'de', 'plastico', 'parafusos', 'porcas', 'de', 'dificil', 'aperto', 'falta', 'manual', 'mal', 'embalado']",0.0,1,10,10
2775,"Amei o produto, entrega bem antes da data prevista!!!","amei o produto, entrega bem antes da data prevista!!!","['amei', 'produto', 'entrega', 'bem', 'antes', 'da', 'data', 'prevista']",1.0,5,10,10
95687,"Pelo preço compensa,só acho que a capa deveria ser acochoada nas laterais. Mas e um bom custo beneficio.
","pelo preco compensa,so acho que a capa deveria ser acochoada nas laterais. mas e um bom custo beneficio.
","['pelo', 'preco', 'compensa', 'so', 'acho', 'que', 'capa', 'deveria', 'ser', 'acochoada', 'nas', 'laterais', 'mas', 'um', 'bom', 'custo', 'beneficio']",,3,-1,10
79439,"Eu não estou muito satisfeito com o meu produto pois pela pouca quantia de ilustrações eu pensei que era um produto diferente e quando o recebi não éra o quê eu esperava, coloquem mais ilustrações.","eu nao estou muito satisfeito com o meu produto pois pela pouca quantia de ilustracoes eu pensei que era um produto diferente e quando o recebi nao era o que eu esperava, coloquem mais ilustracoes.","['eu', 'nao', 'estou', 'muito', 'satisfeito', 'com', 'meu', 'produto', 'pois', 'pela', 'pouca', 'quantia', 'de', 'ilustracoes', 'eu', 'pensei', 'que', 'era', 'um', 'produto', 'diferente', 'quando', 'recebi', 'nao', 'era', 'que', 'eu', 'esperava', 'coloquem', 'mais', 'ilustracoes']",,3,-1,10
5801,ok,ok,['ok'],1.0,5,10,10
8366,satisfeitissima,satisfeitissima,['satisfeitissima'],1.0,5,10,10
59469,Fui muito bem atendido. O produto chegou antes do prazo estipulado. Agradeço a atenção.,fui muito bem atendido. o produto chegou antes do prazo estipulado. agradeco a atencao.,"['fui', 'muito', 'bem', 'atendido', 'produto', 'chegou', 'antes', 'do', 'prazo', 'estipulado', 'agradeco', 'atencao']",1.0,5,10,10
37563,Bom produto.,bom produto.,"['bom', 'produto']",0.0,2,10,10
24848,Tudo perfeito,tudo perfeito,"['tudo', 'perfeito']",1.0,5,10,10
21105,"Produto ótimo, de qualidade e muito bonito. Recomendadíssimo!!!","produto otimo, de qualidade e muito bonito. recomendadissimo!!!","['produto', 'otimo', 'de', 'qualidade', 'muito', 'bonito', 'recomendadissimo']",1.0,4,10,10
64178,A parte de bordar veio toda deformada tem lugar q os buracos estao enormes tem outros que estao muitos fechado tdu desproporcional ,a parte de bordar veio toda deformada tem lugar q os buracos estao enormes tem outros que estao muitos fechado tdu desproporcional ,"['parte', 'de', 'bordar', 'veio', 'toda', 'deformada', 'tem', 'lugar', 'os', 'buracos', 'estao', 'enormes', 'tem', 'outros', 'que', 'estao', 'muitos', 'fechado', 'tdu', 'desproporcional']",0.0,1,10,10
68227,"Comprei 3 kits de cartuchos hp contendo 1 Preto e 1 colorido cada, total de 6 mas recebi em minha casa apenas 1 Preto e 1 colorido, com nota fiscal q dizia conter 3 de cada! Aguardo providências","comprei 3 kits de cartuchos hp contendo 1 preto e 1 colorido cada, total de 6 mas recebi em minha casa apenas 1 preto e 1 colorido, com nota fiscal q dizia conter 3 de cada! aguardo providencias","['comprei', 'kits', 'de', 'cartuchos', 'hp', 'contendo', 'preto', 'colorido', 'cada', 'total', 'de', 'mas', 'recebi', 'em', 'minha', 'casa', 'apenas', 'preto', 'colorido', 'com', 'nota', 'fiscal', 'dizia', 'conter', 'de', 'cada', 'aguardo', 'providencias']",0.0,1,10,10
87630,"Pedi 2 jogo toalha banhao c nomes e códigos diferentes no site,mas chego dois jogo iguais da mesma marca passione. Não sei se embalaram errado. Vou ficar c os q chegaram até mim. ","pedi 2 jogo toalha banhao c nomes e codigos diferentes no site,mas chego dois jogo iguais da mesma marca passione. nao sei se embalaram errado. vou ficar c os q chegaram ate mim. ","['pedi', 'jogo', 'toalha', 'banhao', 'nomes', 'codigos', 'diferentes', 'no', 'site', 'mas', 'chego', 'dois', 'jogo', 'iguais', 'da', 'mesma', 'marca', 'passione', 'nao', 'sei', 'se', 'embalaram', 'errado', 'vou', 'ficar', 'os', 'chegaram', 'ate', 'mim']",0.0,2,10,10
87842,Comprei três mantas. Só uma chegou mas consta no site que todas foram entregues. ,comprei tres mantas. so uma chegou mas consta no site que todas foram entregues. ,"['comprei', 'tres', 'mantas', 'so', 'uma', 'chegou', 'mas', 'consta', 'no', 'site', 'que', 'todas', 'foram', 'entregues']",0.0,1,10,10
8079,"O controle veio com um defeito na carcaça mas é de ótima qualidade, recomendo.","o controle veio com um defeito na carcaca mas e de otima qualidade, recomendo.","['controle', 'veio', 'com', 'um', 'defeito', 'na', 'carcaca', 'mas', 'de', 'otima', 'qualidade', 'recomendo']",1.0,4,10,10
30041,Entrega antes do prazo isso é ótimo para a reputação da loja,entrega antes do prazo isso e otimo para a reputacao da loja,"['entrega', 'antes', 'do', 'prazo', 'isso', 'otimo', 'para', 'reputacao', 'da', 'loja']",1.0,5,10,10
21264,"O produto chegou no prazo, porém, o tamanho não serviu em minha máquina Brastemp, conforme informado no site.","o produto chegou no prazo, porem, o tamanho nao serviu em minha maquina brastemp, conforme informado no site.","['produto', 'chegou', 'no', 'prazo', 'porem', 'tamanho', 'nao', 'serviu', 'em', 'minha', 'maquina', 'brastemp', 'conforme', 'informado', 'no', 'site']",,3,-1,10
59860,"apesar de achar o produto meio ruim , chegou tudo certo, ","apesar de achar o produto meio ruim , chegou tudo certo, ","['apesar', 'de', 'achar', 'produto', 'meio', 'ruim', 'chegou', 'tudo', 'certo']",,3,-1,10
74378,eu sempre comprei na lannister e sempre recebi na data certa mais esse ano estou vendo que minha filha vai ficar sem o presente do papai noel vou espera ate quinta dia 21 se nao vou cancelar .,eu sempre comprei na lannister e sempre recebi na data certa mais esse ano estou vendo que minha filha vai ficar sem o presente do papai noel vou espera ate quinta dia 21 se nao vou cancelar .,"['eu', 'sempre', 'comprei', 'na', 'lannister', 'sempre', 'recebi', 'na', 'data', 'certa', 'mais', 'esse', 'ano', 'estou', 'vendo', 'que', 'minha', 'filha', 'vai', 'ficar', 'sem', 'presente', 'do', 'papai', 'noel', 'vou', 'espera', 'ate', 'quinta', 'dia', '21', 'se', 'nao', 'vou', 'cancelar']",0.0,1,10,10
12021,"Cortina igual a da foto, ficou linda na minha sala, entrega rápida, recomendo! ","cortina igual a da foto, ficou linda na minha sala, entrega rapida, recomendo! ","['cortina', 'igual', 'da', 'foto', 'ficou', 'linda', 'na', 'minha', 'sala', 'entrega', 'rapida', 'recomendo']",1.0,5,10,10
36100,Ótima compra,otima compra,"['otima', 'compra']",1.0,5,10,10
66262,"Recebi meu produto antes do prazo , fiquei contente pois era o presente da minha esposa para o dia dos namorados e hoje certo q farei mais negócios com essa conceituada empresa obrigado ...","recebi meu produto antes do prazo , fiquei contente pois era o presente da minha esposa para o dia dos namorados e hoje certo q farei mais negocios com essa conceituada empresa obrigado ...","['recebi', 'meu', 'produto', 'antes', 'do', 'prazo', 'fiquei', 'contente', 'pois', 'era', 'presente', 'da', 'minha', 'esposa', 'para', 'dia', 'dos', 'namorados', 'hoje', 'certo', 'farei', 'mais', 'negocios', 'com', 'essa', 'conceituada', 'empresa', 'obrigado']",1.0,5,10,10
10283,Muito linda. Ótimo material. Superou minhas espectativas. Entraga muito antes do prazo. Obrigada! ,muito linda. otimo material. superou minhas espectativas. entraga muito antes do prazo. obrigada! ,"['muito', 'linda', 'otimo', 'material', 'superou', 'minhas', 'espectativas', 'entraga', 'muito', 'antes', 'do', 'prazo', 'obrigada']",1.0,5,10,10
18191,"entrega antes do prazo estabelecido, satisfeita. Parabéns a lannister. Com.","entrega antes do prazo estabelecido, satisfeita. parabens a lannister. com.","['entrega', 'antes', 'do', 'prazo', 'estabelecido', 'satisfeita', 'parabens', 'lannister', 'com']",1.0,5,10,10
78571,"Ótima estão de parabéns.Obrigada a tds. Muito eficiente, parabéns.","otima estao de parabens.obrigada a tds. muito eficiente, parabens.","['otima', 'estao', 'de', 'parabens', 'obrigada', 'tds', 'muito', 'eficiente', 'parabens']",1.0,5,10,10
67787,Entrega no prazo,entrega no prazo,"['entrega', 'no', 'prazo']",1.0,5,10,10
54129,"Ainda não fiz a instalação, mas creio que não haverá problemas , mesmo quem Vendeu ter sido terceiros, o frete foi super rápido , obrigado lannister. ","ainda nao fiz a instalacao, mas creio que nao havera problemas , mesmo quem vendeu ter sido terceiros, o frete foi super rapido , obrigado lannister. ","['ainda', 'nao', 'fiz', 'instalacao', 'mas', 'creio', 'que', 'nao', 'havera', 'problemas', 'mesmo', 'quem', 'vendeu', 'ter', 'sido', 'terceiros', 'frete', 'foi', 'super', 'rapido', 'obrigado', 'lannister']",1.0,5,10,10
42149,"Recebi o produto dentro do prazo, com muita tranquilidade. Parabéns ?","recebi o produto dentro do prazo, com muita tranquilidade. parabens ?","['recebi', 'produto', 'dentro', 'do', 'prazo', 'com', 'muita', 'tranquilidade', 'parabens']",1.0,5,10,10
45221,Amei super indico mas fiz uma compra junto chapinha que não chegou ainda ,amei super indico mas fiz uma compra junto chapinha que nao chegou ainda ,"['amei', 'super', 'indico', 'mas', 'fiz', 'uma', 'compra', 'junto', 'chapinha', 'que', 'nao', 'chegou', 'ainda']",1.0,5,10,10
56842,"Comprei o produto na cor laranja, foi enviado na cor vermelha, ate desanimei de devolver, o processo de troca sei que ia demorar, esse parceiro targaryen deveria ter avisado que a cor estava em falta","comprei o produto na cor laranja, foi enviado na cor vermelha, ate desanimei de devolver, o processo de troca sei que ia demorar, esse parceiro targaryen deveria ter avisado que a cor estava em falta","['comprei', 'produto', 'na', 'cor', 'laranja', 'foi', 'enviado', 'na', 'cor', 'vermelha', 'ate', 'desanimei', 'de', 'devolver', 'processo', 'de', 'troca', 'sei', 'que', 'ia', 'demorar', 'esse', 'parceiro', 'targaryen', 'deveria', 'ter', 'avisado', 'que', 'cor', 'estava', 'em', 'falta']",0.0,1,10,10
17918,Produto entregue no prazo. Atendeu minhas expectativas.,produto entregue no prazo. atendeu minhas expectativas.,"['produto', 'entregue', 'no', 'prazo', 'atendeu', 'minhas', 'expectativas']",1.0,5,10,10
35171,"O produto não foi entregue no endereço solcoitado. Recebi aviso para retirada na agência dos correios, em vez da minha residência, conforme prometido. ","o produto nao foi entregue no endereco solcoitado. recebi aviso para retirada na agencia dos correios, em vez da minha residencia, conforme prometido. ","['produto', 'nao', 'foi', 'entregue', 'no', 'endereco', 'solcoitado', 'recebi', 'aviso', 'para', 'retirada', 'na', 'agencia', 'dos', 'correios', 'em', 'vez', 'da', 'minha', 'residencia', 'conforme', 'prometido']",0.0,1,10,10
86903,super recomendo chegou tudo certinho muito bem embalado,super recomendo chegou tudo certinho muito bem embalado,"['super', 'recomendo', 'chegou', 'tudo', 'certinho', 'muito', 'bem', 'embalado']",1.0,5,10,10
79558,melhor do que o esperado,melhor do que o esperado,"['melhor', 'do', 'que', 'esperado']",1.0,5,10,10
43309,Ótimo entregue no prazo,otimo entregue no prazo,"['otimo', 'entregue', 'no', 'prazo']",1.0,5,10,10
47370,Muito bom entrega super rápida ,muito bom entrega super rapida ,"['muito', 'bom', 'entrega', 'super', 'rapida']",1.0,5,10,10
13814,"APESAR DE TER CUMPRIDO PRAZO DE ENTREGA, NÃO RECEBI O PRODUTO CONFORME NF","apesar de ter cumprido prazo de entrega, nao recebi o produto conforme nf","['apesar', 'de', 'ter', 'cumprido', 'prazo', 'de', 'entrega', 'nao', 'recebi', 'produto', 'conforme', 'nf']",0.0,1,10,10
63183,muito bom atendimento produtos corretos ,muito bom atendimento produtos corretos ,"['muito', 'bom', 'atendimento', 'produtos', 'corretos']",1.0,5,10,10
59815,"Puffs chegaram antes do prazo, tudo certinho!!","puffs chegaram antes do prazo, tudo certinho!!","['puffs', 'chegaram', 'antes', 'do', 'prazo', 'tudo', 'certinho']",1.0,5,10,10
87222,"Produto bom e vendedor confiável, só pecou no atraso da entrega e necessidade de e-mails para acompanhamento. Compraria de novo, mas podem melhorar.","produto bom e vendedor confiavel, so pecou no atraso da entrega e necessidade de e-mails para acompanhamento. compraria de novo, mas podem melhorar.","['produto', 'bom', 'vendedor', 'confiavel', 'so', 'pecou', 'no', 'atraso', 'da', 'entrega', 'necessidade', 'de', 'mails', 'para', 'acompanhamento', 'compraria', 'de', 'novo', 'mas', 'podem', 'melhorar']",1.0,4,10,10
42043,A cor e compatível com a da foto mas o material. E bem diferente. Bem inferior a da foto. Não. Gostei muito mas a entrega foi muito rápida ,a cor e compativel com a da foto mas o material. e bem diferente. bem inferior a da foto. nao. gostei muito mas a entrega foi muito rapida ,"['cor', 'compativel', 'com', 'da', 'foto', 'mas', 'material', 'bem', 'diferente', 'bem', 'inferior', 'da', 'foto', 'nao', 'gostei', 'muito', 'mas', 'entrega', 'foi', 'muito', 'rapida']",0.0,2,10,10
43884,.,.,[],1.0,5,10,10
3158,A caixa veio furada. Fiquei preocupado com a integridade do produto mas estava tudo normal.,a caixa veio furada. fiquei preocupado com a integridade do produto mas estava tudo normal.,"['caixa', 'veio', 'furada', 'fiquei', 'preocupado', 'com', 'integridade', 'do', 'produto', 'mas', 'estava', 'tudo', 'normal']",,3,-1,10
63597,Ótimo produto gostei muito recomendo a todos,otimo produto gostei muito recomendo a todos,"['otimo', 'produto', 'gostei', 'muito', 'recomendo', 'todos']",1.0,5,10,10
72620,Sempre fui muito bem atendido.Recomendo!!!,sempre fui muito bem atendido.recomendo!!!,"['sempre', 'fui', 'muito', 'bem', 'atendido', 'recomendo']",1.0,5,10,10
53451,produto de qualidade ,produto de qualidade ,"['produto', 'de', 'qualidade']",1.0,4,10,10
53377,Produto entregue antes so prazo e tudo certinho,produto entregue antes so prazo e tudo certinho,"['produto', 'entregue', 'antes', 'so', 'prazo', 'tudo', 'certinho']",1.0,5,10,10
36856,"Ótima compra,foi rápida e no dia da entrega correta. Parabéns!","otima compra,foi rapida e no dia da entrega correta. parabens!","['otima', 'compra', 'foi', 'rapida', 'no', 'dia', 'da', 'entrega', 'correta', 'parabens']",1.0,5,10,10
68098,"Bom amei o produto
","bom amei o produto
","['bom', 'amei', 'produto']",1.0,5,10,10
65178,Parabéns chegou certinho.recomendo. ,parabens chegou certinho.recomendo. ,"['parabens', 'chegou', 'certinho', 'recomendo']",1.0,5,10,10
32681,Produto não chegou no prazo ,produto nao chegou no prazo ,"['produto', 'nao', 'chegou', 'no', 'prazo']",0.0,2,10,10
38828,"A embalagem do perfume é original, mas a essência não. Uso o Vezzo a mais de 10 anos. O produto que recebi é pirata. Vou atrás dos meus direitos de consumidora. Quero o perfume certo ou meu dinheiro.","a embalagem do perfume e original, mas a essencia nao. uso o vezzo a mais de 10 anos. o produto que recebi e pirata. vou atras dos meus direitos de consumidora. quero o perfume certo ou meu dinheiro.","['embalagem', 'do', 'perfume', 'original', 'mas', 'essencia', 'nao', 'uso', 'vezzo', 'mais', 'de', '10', 'anos', 'produto', 'que', 'recebi', 'pirata', 'vou', 'atras', 'dos', 'meus', 'direitos', 'de', 'consumidora', 'quero', 'perfume', 'certo', 'ou', 'meu', 'dinheiro']",0.0,1,10,10
53804,Rapidez na entrega antes até da data,rapidez na entrega antes ate da data,"['rapidez', 'na', 'entrega', 'antes', 'ate', 'da', 'data']",1.0,5,10,10
25999,Bem satisfatório! ,bem satisfatorio! ,"['bem', 'satisfatorio']",1.0,4,10,10
61976,Poderia já vir com adaptador de tomada junto ao cabo USB,poderia ja vir com adaptador de tomada junto ao cabo usb,"['poderia', 'ja', 'vir', 'com', 'adaptador', 'de', 'tomada', 'junto', 'ao', 'cabo', 'usb']",1.0,5,10,10
48228,"No status do meu pedido estava ""dificuldade na entrega"" entrei em contato e disseram que em 48 hs iriam retornar, só que o retorno aconteceu uma semana depois e sem novo prazo para entrega. ","no status do meu pedido estava ""dificuldade na entrega"" entrei em contato e disseram que em 48 hs iriam retornar, so que o retorno aconteceu uma semana depois e sem novo prazo para entrega. ","['no', 'status', 'do', 'meu', 'pedido', 'estava', 'dificuldade', 'na', 'entrega', 'entrei', 'em', 'contato', 'disseram', 'que', 'em', '48', 'hs', 'iriam', 'retornar', 'so', 'que', 'retorno', 'aconteceu', 'uma', 'semana', 'depois', 'sem', 'novo', 'prazo', 'para', 'entrega']",0.0,1,10,10
72997,"Pessimo, uma estafa!!! Comprei cartuchos originais e recebi cartuchos recarregaveis piratas!!!! Um engano total!!! Ademas da demora que foi de mas de 1 mes.... nao recomendo para ninguem.... ruim dema","pessimo, uma estafa!!! comprei cartuchos originais e recebi cartuchos recarregaveis piratas!!!! um engano total!!! ademas da demora que foi de mas de 1 mes.... nao recomendo para ninguem.... ruim dema","['pessimo', 'uma', 'estafa', 'comprei', 'cartuchos', 'originais', 'recebi', 'cartuchos', 'recarregaveis', 'piratas', 'um', 'engano', 'total', 'ademas', 'da', 'demora', 'que', 'foi', 'de', 'mas', 'de', 'mes', 'nao', 'recomendo', 'para', 'ninguem', 'ruim', 'dema']",0.0,1,10,10
75072,"Meu, chegou em 5 dias. Antes donesperwdo. Top!","meu, chegou em 5 dias. antes donesperwdo. top!","['meu', 'chegou', 'em', 'dias', 'antes', 'donesperwdo', 'top']",1.0,5,10,10
21181,"Meu produto não foi entregue ainda, espero que seja! ","meu produto nao foi entregue ainda, espero que seja! ","['meu', 'produto', 'nao', 'foi', 'entregue', 'ainda', 'espero', 'que', 'seja']",0.0,1,10,10
99792,Produto entregue no praxo estabelecido.,produto entregue no praxo estabelecido.,"['produto', 'entregue', 'no', 'praxo', 'estabelecido']",1.0,5,10,10
77666,Se estão tendo problema não tenho nada a ver ainda não me entregaram esse pedido e estão me perguntando se já recebi! Tô decepcionada com a demora e tudo mais 👎,se estao tendo problema nao tenho nada a ver ainda nao me entregaram esse pedido e estao me perguntando se ja recebi! to decepcionada com a demora e tudo mais 👎,"['se', 'estao', 'tendo', 'problema', 'nao', 'tenho', 'nada', 'ver', 'ainda', 'nao', 'me', 'entregaram', 'esse', 'pedido', 'estao', 'me', 'perguntando', 'se', 'ja', 'recebi', 'to', 'decepcionada', 'com', 'demora', 'tudo', 'mais']",0.0,1,10,10
3720,Muita dificuldade de fazer contato com a loja via telefone.,muita dificuldade de fazer contato com a loja via telefone.,"['muita', 'dificuldade', 'de', 'fazer', 'contato', 'com', 'loja', 'via', 'telefone']",1.0,4,10,10
93921,"Meus parabéns,continuem assim","meus parabens,continuem assim","['meus', 'parabens', 'continuem', 'assim']",1.0,5,10,10
72887,"Produto muito bom,recomendo 
Entrega super rápida.","produto muito bom,recomendo 
entrega super rapida.","['produto', 'muito', 'bom', 'recomendo', 'entrega', 'super', 'rapida']",1.0,5,10,10
11916,"Comprei 2 unidades. Apos atraso na entrega , recebi apenas 1 unidade. O grave é que o produto vem em embalagem individual e com nota fisc que aponta na nota fiscal 2 unidades. Recebi ontem com atras","comprei 2 unidades. apos atraso na entrega , recebi apenas 1 unidade. o grave e que o produto vem em embalagem individual e com nota fisc que aponta na nota fiscal 2 unidades. recebi ontem com atras","['comprei', 'unidades', 'apos', 'atraso', 'na', 'entrega', 'recebi', 'apenas', 'unidade', 'grave', 'que', 'produto', 'vem', 'em', 'embalagem', 'individual', 'com', 'nota', 'fisc', 'que', 'aponta', 'na', 'nota', 'fiscal', 'unidades', 'recebi', 'ontem', 'com', 'atras']",0.0,1,10,10
47986,Adorei... excelente qualidade e custo/ benefício ,adorei... excelente qualidade e custo/ beneficio ,"['adorei', 'excelente', 'qualidade', 'custo', 'beneficio']",1.0,5,10,10
59173,Produto entregue bem antes do prazo previsto,produto entregue bem antes do prazo previsto,"['produto', 'entregue', 'bem', 'antes', 'do', 'prazo', 'previsto']",1.0,5,10,10
5770,"Meu esposo recebeu, estou no interior e quando a mercadoria chegar vou conferir. Eu comprei e ele não pode confirmar o pedido até que eu veja. Kelly","meu esposo recebeu, estou no interior e quando a mercadoria chegar vou conferir. eu comprei e ele nao pode confirmar o pedido ate que eu veja. kelly","['meu', 'esposo', 'recebeu', 'estou', 'no', 'interior', 'quando', 'mercadoria', 'chegar', 'vou', 'conferir', 'eu', 'comprei', 'ele', 'nao', 'pode', 'confirmar', 'pedido', 'ate', 'que', 'eu', 'veja', 'kelly']",1.0,5,10,10
7658,"O produto veio com defeito, o toner está manchando demais os papeis, até parece que está no final da impressão.","o produto veio com defeito, o toner esta manchando demais os papeis, ate parece que esta no final da impressao.","['produto', 'veio', 'com', 'defeito', 'toner', 'esta', 'manchando', 'demais', 'os', 'papeis', 'ate', 'parece', 'que', 'esta', 'no', 'final', 'da', 'impressao']",0.0,1,10,10
35348,"Produto de extrema má qualidade para o preço, totalmente bambo e com peças extremamente frágeis e de má qualidade. totalmente insatisfeito com o produto, solicitei o pedido de cancelamento e devolução","produto de extrema ma qualidade para o preco, totalmente bambo e com pecas extremamente frageis e de ma qualidade. totalmente insatisfeito com o produto, solicitei o pedido de cancelamento e devolucao","['produto', 'de', 'extrema', 'ma', 'qualidade', 'para', 'preco', 'totalmente', 'bambo', 'com', 'pecas', 'extremamente', 'frageis', 'de', 'ma', 'qualidade', 'totalmente', 'insatisfeito', 'com', 'produto', 'solicitei', 'pedido', 'de', 'cancelamento', 'devolucao']",0.0,1,10,10
10291,"Fiz a compra de 2 cartuchos de impressora, que estou precisando muito, e até agora não recebi.","fiz a compra de 2 cartuchos de impressora, que estou precisando muito, e ate agora nao recebi.","['fiz', 'compra', 'de', 'cartuchos', 'de', 'impressora', 'que', 'estou', 'precisando', 'muito', 'ate', 'agora', 'nao', 'recebi']",0.0,1,10,10
9213,Todos os produtos chegaram quebrados e um absurdo isso eles foram muito mau embalados e não tinha especificação na caixa falando q era produto frágil as 3 panelas de barro q comprei chegaram quebradas,todos os produtos chegaram quebrados e um absurdo isso eles foram muito mau embalados e nao tinha especificacao na caixa falando q era produto fragil as 3 panelas de barro q comprei chegaram quebradas,"['todos', 'os', 'produtos', 'chegaram', 'quebrados', 'um', 'absurdo', 'isso', 'eles', 'foram', 'muito', 'mau', 'embalados', 'nao', 'tinha', 'especificacao', 'na', 'caixa', 'falando', 'era', 'produto', 'fragil', 'as', 'panelas', 'de', 'barro', 'comprei', 'chegaram', 'quebradas']",0.0,1,10,10
99349,"tive problemas com o cartucho preto.
Minha impressora exibe a mensagem de cartucho danificado ou não reconhecido.","tive problemas com o cartucho preto.
minha impressora exibe a mensagem de cartucho danificado ou nao reconhecido.","['tive', 'problemas', 'com', 'cartucho', 'preto', 'minha', 'impressora', 'exibe', 'mensagem', 'de', 'cartucho', 'danificado', 'ou', 'nao', 'reconhecido']",,3,-1,10
37443,"Comprei 02 canetas e recebi somente 01, e a NF foi emitida e paga constando duas canetas e ainda aguardando retorno do que ocorreu.","comprei 02 canetas e recebi somente 01, e a nf foi emitida e paga constando duas canetas e ainda aguardando retorno do que ocorreu.","['comprei', '02', 'canetas', 'recebi', 'somente', '01', 'nf', 'foi', 'emitida', 'paga', 'constando', 'duas', 'canetas', 'ainda', 'aguardando', 'retorno', 'do', 'que', 'ocorreu']",0.0,1,10,10
87240,Meus pedidos não foram entregues.,meus pedidos nao foram entregues.,"['meus', 'pedidos', 'nao', 'foram', 'entregues']",0.0,1,10,10
9705,Muito bom,muito bom,"['muito', 'bom']",1.0,5,10,10
4720,Não recomendaria simplesmente pelo fato dos envios poderem ter o mesmo problema que o meu.,nao recomendaria simplesmente pelo fato dos envios poderem ter o mesmo problema que o meu.,"['nao', 'recomendaria', 'simplesmente', 'pelo', 'fato', 'dos', 'envios', 'poderem', 'ter', 'mesmo', 'problema', 'que', 'meu']",1.0,5,10,10
78514,"produto de qualidade,entrega rápida!","produto de qualidade,entrega rapida!","['produto', 'de', 'qualidade', 'entrega', 'rapida']",1.0,5,10,10
99612,Comprei uma placa w10269366 e chegou outra totalmente diferente .,comprei uma placa w10269366 e chegou outra totalmente diferente .,"['comprei', 'uma', 'placa', 'w10269366', 'chegou', 'outra', 'totalmente', 'diferente']",0.0,1,10,10
62145,"Produto fiel ao anúncio. Diferente de outras lojas parceiras da lannister.com.br.
LOJA CONFIÁVEL. Recomendo 👏","produto fiel ao anuncio. diferente de outras lojas parceiras da lannister.com.br.
loja confiavel. recomendo 👏","['produto', 'fiel', 'ao', 'anuncio', 'diferente', 'de', 'outras', 'lojas', 'parceiras', 'da', 'lannister', 'com', 'br', 'loja', 'confiavel', 'recomendo']",1.0,5,10,10
62498,"Sempre compro nas lojas Américanas e até agora não mim arrependi.
Recomendo sempre.","sempre compro nas lojas americanas e ate agora nao mim arrependi.
recomendo sempre.","['sempre', 'compro', 'nas', 'lojas', 'americanas', 'ate', 'agora', 'nao', 'mim', 'arrependi', 'recomendo', 'sempre']",1.0,5,10,10
17741,"Chegou muito antes do prazo, Quase 15 dias antes, Produtos excelentes Amei.","chegou muito antes do prazo, quase 15 dias antes, produtos excelentes amei.","['chegou', 'muito', 'antes', 'do', 'prazo', 'quase', '15', 'dias', 'antes', 'produtos', 'excelentes', 'amei']",1.0,5,10,10
85088,"Inicialmente, na data da compra o produto era para ser entregue até 21/12. Hoje é dia 27/12 e não chegou ainda. ","inicialmente, na data da compra o produto era para ser entregue ate 21/12. hoje e dia 27/12 e nao chegou ainda. ","['inicialmente', 'na', 'data', 'da', 'compra', 'produto', 'era', 'para', 'ser', 'entregue', 'ate', '21', '12', 'hoje', 'dia', '27', '12', 'nao', 'chegou', 'ainda']",0.0,1,10,10
86778,"nao recebi,porque fiz pedido de estorno e ate o momento nada resolvido","nao recebi,porque fiz pedido de estorno e ate o momento nada resolvido","['nao', 'recebi', 'porque', 'fiz', 'pedido', 'de', 'estorno', 'ate', 'momento', 'nada', 'resolvido']",0.0,1,10,10
92100,"Produto bom, entregue dentro do prazo.","produto bom, entregue dentro do prazo.","['produto', 'bom', 'entregue', 'dentro', 'do', 'prazo']",1.0,5,10,10
35585,Produto entregue dentro do prazo!,produto entregue dentro do prazo!,"['produto', 'entregue', 'dentro', 'do', 'prazo']",1.0,4,10,10
66564,"na verdade nem abri a caixa, mas está escrito sombrite!!","na verdade nem abri a caixa, mas esta escrito sombrite!!","['na', 'verdade', 'nem', 'abri', 'caixa', 'mas', 'esta', 'escrito', 'sombrite']",1.0,4,10,10
50480,Lindo produto! Recomendo. ,lindo produto! recomendo. ,"['lindo', 'produto', 'recomendo']",1.0,5,10,10
92735,"Linda, mas achei que fosse maior. Achei o preço elevado pelo tamanho da maleta.","linda, mas achei que fosse maior. achei o preco elevado pelo tamanho da maleta.","['linda', 'mas', 'achei', 'que', 'fosse', 'maior', 'achei', 'preco', 'elevado', 'pelo', 'tamanho', 'da', 'maleta']",,3,-1,10
48963,site muito bom recomendo,site muito bom recomendo,"['site', 'muito', 'bom', 'recomendo']",1.0,4,10,10
48768,"Entregue no prazo,muito bonita a mesinha igual ao anúncio.
Pena que veio com um lascado no laqueado!!!!
","entregue no prazo,muito bonita a mesinha igual ao anuncio.
pena que veio com um lascado no laqueado!!!!
","['entregue', 'no', 'prazo', 'muito', 'bonita', 'mesinha', 'igual', 'ao', 'anuncio', 'pena', 'que', 'veio', 'com', 'um', 'lascado', 'no', 'laqueado']",,3,-1,10
94226,"estou esperando a resposta do parceiro,da loja lannister e um resposta porque ate agora so estou me aborecendo,espero que no final de tudo dei certo muito obrigado.","estou esperando a resposta do parceiro,da loja lannister e um resposta porque ate agora so estou me aborecendo,espero que no final de tudo dei certo muito obrigado.","['estou', 'esperando', 'resposta', 'do', 'parceiro', 'da', 'loja', 'lannister', 'um', 'resposta', 'porque', 'ate', 'agora', 'so', 'estou', 'me', 'aborecendo', 'espero', 'que', 'no', 'final', 'de', 'tudo', 'dei', 'certo', 'muito', 'obrigado']",0.0,1,10,10
25118,"não fiquei satisfeita com a qualidade do produto, a panela vaza muito vapor e agua durante o cozimento.","nao fiquei satisfeita com a qualidade do produto, a panela vaza muito vapor e agua durante o cozimento.","['nao', 'fiquei', 'satisfeita', 'com', 'qualidade', 'do', 'produto', 'panela', 'vaza', 'muito', 'vapor', 'agua', 'durante', 'cozimento']",0.0,1,10,10
86072,"O produto chegou antes do esperado, e cumpre com as expectativas ","o produto chegou antes do esperado, e cumpre com as expectativas ","['produto', 'chegou', 'antes', 'do', 'esperado', 'cumpre', 'com', 'as', 'expectativas']",1.0,5,10,10
45553,Recebimento antes do prazo ,recebimento antes do prazo ,"['recebimento', 'antes', 'do', 'prazo']",1.0,4,10,10
94880,"Loja excelente, entrega rápida e sem problemas. Recomendo!!","loja excelente, entrega rapida e sem problemas. recomendo!!","['loja', 'excelente', 'entrega', 'rapida', 'sem', 'problemas', 'recomendo']",1.0,5,10,10
35521," Tive muita dor de cabeça com minha compra!demorou mas foi resolvido!só pra constar,tive problemas com o site e não com a loja do produto!pelo menos com essa loja não!a mercadoria chegou no prazo!"," tive muita dor de cabeca com minha compra!demorou mas foi resolvido!so pra constar,tive problemas com o site e nao com a loja do produto!pelo menos com essa loja nao!a mercadoria chegou no prazo!","['tive', 'muita', 'dor', 'de', 'cabeca', 'com', 'minha', 'compra', 'demorou', 'mas', 'foi', 'resolvido', 'so', 'pra', 'constar', 'tive', 'problemas', 'com', 'site', 'nao', 'com', 'loja', 'do', 'produto', 'pelo', 'menos', 'com', 'essa', 'loja', 'nao', 'mercadoria', 'chegou', 'no', 'prazo']",,3,-1,10
64668,Não recebi meu pedido corretamente comprei 2kits de bexigas com 5 unidades cada kit é só recebi um kit ,nao recebi meu pedido corretamente comprei 2kits de bexigas com 5 unidades cada kit e so recebi um kit ,"['nao', 'recebi', 'meu', 'pedido', 'corretamente', 'comprei', '2kits', 'de', 'bexigas', 'com', 'unidades', 'cada', 'kit', 'so', 'recebi', 'um', 'kit']",0.0,1,10,10
78564,muito confortável e bonito.,muito confortavel e bonito.,"['muito', 'confortavel', 'bonito']",1.0,5,10,10
71368,Ainda nao recebi o produto,ainda nao recebi o produto,"['ainda', 'nao', 'recebi', 'produto']",0.0,1,10,10
42761,Melhor loja para se comprar. Produtos em perfeitas condições e chega antes do prazo.,melhor loja para se comprar. produtos em perfeitas condicoes e chega antes do prazo.,"['melhor', 'loja', 'para', 'se', 'comprar', 'produtos', 'em', 'perfeitas', 'condicoes', 'chega', 'antes', 'do', 'prazo']",1.0,5,10,10
38059,"A loja me enviou um produto errado, comprei um produto de quase R$600 reais e me enviaram borracha de relógio de plástico.","a loja me enviou um produto errado, comprei um produto de quase r$600 reais e me enviaram borracha de relogio de plastico.","['loja', 'me', 'enviou', 'um', 'produto', 'errado', 'comprei', 'um', 'produto', 'de', 'quase', '600', 'reais', 'me', 'enviaram', 'borracha', 'de', 'relogio', 'de', 'plastico']",0.0,1,10,10
12012,A Ducha chegou sem o desviador que consta na foto. Já reclamei no SAC da KDT emissor da Nota Fiscal no dia 07/03/2018 e ate o momento nada foi resolvido. Favor tomar providencias.,a ducha chegou sem o desviador que consta na foto. ja reclamei no sac da kdt emissor da nota fiscal no dia 07/03/2018 e ate o momento nada foi resolvido. favor tomar providencias.,"['ducha', 'chegou', 'sem', 'desviador', 'que', 'consta', 'na', 'foto', 'ja', 'reclamei', 'no', 'sac', 'da', 'kdt', 'emissor', 'da', 'nota', 'fiscal', 'no', 'dia', '07', '03', '2018', 'ate', 'momento', 'nada', 'foi', 'resolvido', 'favor', 'tomar', 'providencias']",0.0,1,10,10
82917,"Produto ótimo, entrega super rápida","produto otimo, entrega super rapida","['produto', 'otimo', 'entrega', 'super', 'rapida']",1.0,5,10,10
81344,"Como sempre prestando um excelente trabalho, e surpreendo cm a rapidez na entrega","como sempre prestando um excelente trabalho, e surpreendo cm a rapidez na entrega","['como', 'sempre', 'prestando', 'um', 'excelente', 'trabalho', 'surpreendo', 'cm', 'rapidez', 'na', 'entrega']",1.0,4,10,10
92353,"Considero como alegação infundada informando que o produto estava esgotado. Na época a quantidade anunciada foi de 2(dois), apenas dois produtos. ","considero como alegacao infundada informando que o produto estava esgotado. na epoca a quantidade anunciada foi de 2(dois), apenas dois produtos. ","['considero', 'como', 'alegacao', 'infundada', 'informando', 'que', 'produto', 'estava', 'esgotado', 'na', 'epoca', 'quantidade', 'anunciada', 'foi', 'de', 'dois', 'apenas', 'dois', 'produtos']",0.0,1,10,10
60442,"Com relação ao prazo de entrega tudo bem. Com relação ao produto, não sei, porque ainda vou consumir.","com relacao ao prazo de entrega tudo bem. com relacao ao produto, nao sei, porque ainda vou consumir.","['com', 'relacao', 'ao', 'prazo', 'de', 'entrega', 'tudo', 'bem', 'com', 'relacao', 'ao', 'produto', 'nao', 'sei', 'porque', 'ainda', 'vou', 'consumir']",1.0,5,10,10
24548,Tudo ocorreu bem e chegou antes do prazo.,tudo ocorreu bem e chegou antes do prazo.,"['tudo', 'ocorreu', 'bem', 'chegou', 'antes', 'do', 'prazo']",1.0,5,10,10
52486,Foi solucionado o cancelamento do produto e o mesmo me foi entregue. Já tentei entrar em contato para recebimento do código de envio. Mais não obtive resposta.,foi solucionado o cancelamento do produto e o mesmo me foi entregue. ja tentei entrar em contato para recebimento do codigo de envio. mais nao obtive resposta.,"['foi', 'solucionado', 'cancelamento', 'do', 'produto', 'mesmo', 'me', 'foi', 'entregue', 'ja', 'tentei', 'entrar', 'em', 'contato', 'para', 'recebimento', 'do', 'codigo', 'de', 'envio', 'mais', 'nao', 'obtive', 'resposta']",0.0,1,10,10
91795,tem que ter um mínimo de atenção ao cliente,tem que ter um minimo de atencao ao cliente,"['tem', 'que', 'ter', 'um', 'minimo', 'de', 'atencao', 'ao', 'cliente']",0.0,1,10,10
50320,gostei muito,gostei muito,"['gostei', 'muito']",1.0,4,10,10
52957,"O site não informa que o produto só funciona no Android, sendo Incompatível com o Iphone via bluetooth. Tem que comprar o modelo mais caro com wi-fi se quiser usar com o Iphone.","o site nao informa que o produto so funciona no android, sendo incompativel com o iphone via bluetooth. tem que comprar o modelo mais caro com wi-fi se quiser usar com o iphone.","['site', 'nao', 'informa', 'que', 'produto', 'so', 'funciona', 'no', 'android', 'sendo', 'incompativel', 'com', 'iphone', 'via', 'bluetooth', 'tem', 'que', 'comprar', 'modelo', 'mais', 'caro', 'com', 'wi', 'fi', 'se', 'quiser', 'usar', 'com', 'iphone']",0.0,2,10,10
2743,O produto é muito bom. Eu recomendaria si.,o produto e muito bom. eu recomendaria si.,"['produto', 'muito', 'bom', 'eu', 'recomendaria', 'si']",,3,-1,10
83756,O produto chegou bem antes do prazo e é de excelente qualidade. ,o produto chegou bem antes do prazo e e de excelente qualidade. ,"['produto', 'chegou', 'bem', 'antes', 'do', 'prazo', 'de', 'excelente', 'qualidade']",1.0,5,10,10
91284,muito boa a logistica da empresa produto dentro das caracteristicas ,muito boa a logistica da empresa produto dentro das caracteristicas ,"['muito', 'boa', 'logistica', 'da', 'empresa', 'produto', 'dentro', 'das', 'caracteristicas']",1.0,4,10,10
68743,A previsão para a entrega era para o dia 19/09/18 e me foi entregue no dia 26/08/18 em perfeito estado. Parabéns a todos! ,a previsao para a entrega era para o dia 19/09/18 e me foi entregue no dia 26/08/18 em perfeito estado. parabens a todos! ,"['previsao', 'para', 'entrega', 'era', 'para', 'dia', '19', '09', '18', 'me', 'foi', 'entregue', 'no', 'dia', '26', '08', '18', 'em', 'perfeito', 'estado', 'parabens', 'todos']",1.0,4,10,10
45185,Com certeza recomendaria a loja. O produto chegou muito rápido.,com certeza recomendaria a loja. o produto chegou muito rapido.,"['com', 'certeza', 'recomendaria', 'loja', 'produto', 'chegou', 'muito', 'rapido']",1.0,4,10,10
77152,Comprei duas faixas e somente enviaram uma.,comprei duas faixas e somente enviaram uma.,"['comprei', 'duas', 'faixas', 'somente', 'enviaram', 'uma']",0.0,1,10,10
36872,O pessoal e nota 10 eu comprei errado,o pessoal e nota 10 eu comprei errado,"['pessoal', 'nota', '10', 'eu', 'comprei', 'errado']",0.0,1,10,10
41488,Recebi bem antes do prazo!! Recomendo 100%,recebi bem antes do prazo!! recomendo 100%,"['recebi', 'bem', 'antes', 'do', 'prazo', 'recomendo', '100']",1.0,5,10,10
55158,"Péssimo atendimento, não entregam no prazo, sem qualquer tipo de satisfação ao cliente. Horrível!","pessimo atendimento, nao entregam no prazo, sem qualquer tipo de satisfacao ao cliente. horrivel!","['pessimo', 'atendimento', 'nao', 'entregam', 'no', 'prazo', 'sem', 'qualquer', 'tipo', 'de', 'satisfacao', 'ao', 'cliente', 'horrivel']",0.0,2,10,10
54872,"Produto inferior ao esperado. O mesmo foi comprado em mente a se obter o original do Google, não uma replica mal feita. 

Sem mais

Luis Fernando Brandao","produto inferior ao esperado. o mesmo foi comprado em mente a se obter o original do google, nao uma replica mal feita. 

sem mais

luis fernando brandao","['produto', 'inferior', 'ao', 'esperado', 'mesmo', 'foi', 'comprado', 'em', 'mente', 'se', 'obter', 'original', 'do', 'google', 'nao', 'uma', 'replica', 'mal', 'feita', 'sem', 'mais', 'luis', 'fernando', 'brandao']",0.0,2,10,10
99996,"Excelente mochila, entrega super rápida. Super recomendo essa loja!","excelente mochila, entrega super rapida. super recomendo essa loja!","['excelente', 'mochila', 'entrega', 'super', 'rapida', 'super', 'recomendo', 'essa', 'loja']",1.0,5,10,10
85495,Produto ok,produto ok,"['produto', 'ok']",1.0,5,10,10
14854,Não recebi meu produto dentro do prazo e o atendimento foi péssimo,nao recebi meu produto dentro do prazo e o atendimento foi pessimo,"['nao', 'recebi', 'meu', 'produto', 'dentro', 'do', 'prazo', 'atendimento', 'foi', 'pessimo']",0.0,1,10,10
29058,Não foi entregue,nao foi entregue,"['nao', 'foi', 'entregue']",,3,-1,10
4969,dsdfr3fEF,dsdfr3fef,['dsdfr3fef'],1.0,5,10,10
33519,Recebi o produto mas não consegui usar não liga ,recebi o produto mas nao consegui usar nao liga ,"['recebi', 'produto', 'mas', 'nao', 'consegui', 'usar', 'nao', 'liga']",0.0,2,10,10
1928,"Ótimo produto, entrega antes do prazo. Recomendo!","otimo produto, entrega antes do prazo. recomendo!","['otimo', 'produto', 'entrega', 'antes', 'do', 'prazo', 'recomendo']",1.0,5,10,10
97407,"Produto naõ atemdeu minha espectativa ,material muito fragil e fino","produto nao atemdeu minha espectativa ,material muito fragil e fino","['produto', 'nao', 'atemdeu', 'minha', 'espectativa', 'material', 'muito', 'fragil', 'fino']",0.0,1,10,10
12517,Ótima ,otima ,['otima'],1.0,5,10,10
93673,Tudo OK e a negociação é certa,tudo ok e a negociacao e certa,"['tudo', 'ok', 'negociacao', 'certa']",1.0,5,10,10
22489,vendedor onesto e correto,vendedor onesto e correto,"['vendedor', 'onesto', 'correto']",1.0,5,10,10
86333,Vendedores muito atenciosos.,vendedores muito atenciosos.,"['vendedores', 'muito', 'atenciosos']",,3,-1,10
25123,adorei ,adorei ,['adorei'],1.0,5,10,10
10882,"Muito bonito, e atende o que diz! otimo produto!","muito bonito, e atende o que diz! otimo produto!","['muito', 'bonito', 'atende', 'que', 'diz', 'otimo', 'produto']",1.0,5,10,10
51871,"No encarte do anuncio estava tamanho 1,00 x 2,20 quando comprei apareceu 0,80 x 2,20 como a minha janela e de 0,80 não vou trocar mas o meu pedido era de 1,00","no encarte do anuncio estava tamanho 1,00 x 2,20 quando comprei apareceu 0,80 x 2,20 como a minha janela e de 0,80 nao vou trocar mas o meu pedido era de 1,00","['no', 'encarte', 'do', 'anuncio', 'estava', 'tamanho', '00', '20', 'quando', 'comprei', 'apareceu', '80', '20', 'como', 'minha', 'janela', 'de', '80', 'nao', 'vou', 'trocar', 'mas', 'meu', 'pedido', 'era', 'de', '00']",,3,-1,10
46393,Produto excelente! ,produto excelente! ,"['produto', 'excelente']",1.0,5,10,10
57130,"Produto entregue antes do prazo, atendeu minhas expectativas, recomendo.","produto entregue antes do prazo, atendeu minhas expectativas, recomendo.","['produto', 'entregue', 'antes', 'do', 'prazo', 'atendeu', 'minhas', 'expectativas', 'recomendo']",1.0,5,10,10
82094,AMEI MARAVILHOSO,amei maravilhoso,"['amei', 'maravilhoso']",1.0,5,10,10
53844,"Tudo o! 
","tudo o! 
",['tudo'],1.0,4,10,10
47396,NORMAL,normal,['normal'],1.0,4,10,10
10064,"A boneca não é igual a imagem que está no site, por isso fiquei bem desapontado, pois sempre que comprei algumas coisas por esse site eram bem atendidas ","a boneca nao e igual a imagem que esta no site, por isso fiquei bem desapontado, pois sempre que comprei algumas coisas por esse site eram bem atendidas ","['boneca', 'nao', 'igual', 'imagem', 'que', 'esta', 'no', 'site', 'por', 'isso', 'fiquei', 'bem', 'desapontado', 'pois', 'sempre', 'que', 'comprei', 'algumas', 'coisas', 'por', 'esse', 'site', 'eram', 'bem', 'atendidas']",0.0,1,10,10
43735,"Parece mais uma lona, e só vem uma parte da ""cortina"".","parece mais uma lona, e so vem uma parte da ""cortina"".","['parece', 'mais', 'uma', 'lona', 'so', 'vem', 'uma', 'parte', 'da', 'cortina']",0.0,1,10,10
70772,Boa,boa,['boa'],1.0,4,10,10
36786,Não recebi e não quero esse produto.,nao recebi e nao quero esse produto.,"['nao', 'recebi', 'nao', 'quero', 'esse', 'produto']",0.0,1,10,10
13703,recebi no prazo,recebi no prazo,"['recebi', 'no', 'prazo']",1.0,5,10,10
59783,"Produto bom e barato, não fiquem esperando milagre do produto de menos de 20 reais.

Porém muito bom mesmo !!","produto bom e barato, nao fiquem esperando milagre do produto de menos de 20 reais.

porem muito bom mesmo !!","['produto', 'bom', 'barato', 'nao', 'fiquem', 'esperando', 'milagre', 'do', 'produto', 'de', 'menos', 'de', '20', 'reais', 'porem', 'muito', 'bom', 'mesmo']",1.0,4,10,10
14716,Entregue antes do prazo e material de boa qualidade... recomendo,entregue antes do prazo e material de boa qualidade... recomendo,"['entregue', 'antes', 'do', 'prazo', 'material', 'de', 'boa', 'qualidade', 'recomendo']",1.0,5,10,10
51386,"Não é a colcha que comprei totalmente diferente.A cor não tem nada haver com a do site.liguei duas vezes pra resolve sobre a troca,falaram que vai entrar em contato até agora nada......","nao e a colcha que comprei totalmente diferente.a cor nao tem nada haver com a do site.liguei duas vezes pra resolve sobre a troca,falaram que vai entrar em contato ate agora nada......","['nao', 'colcha', 'que', 'comprei', 'totalmente', 'diferente', 'cor', 'nao', 'tem', 'nada', 'haver', 'com', 'do', 'site', 'liguei', 'duas', 'vezes', 'pra', 'resolve', 'sobre', 'troca', 'falaram', 'que', 'vai', 'entrar', 'em', 'contato', 'ate', 'agora', 'nada']",0.0,1,10,10
3931,"demoru um pouco mas chegou!
","demoru um pouco mas chegou!
","['demoru', 'um', 'pouco', 'mas', 'chegou']",1.0,4,10,10
71038,"Produto muito, só um contra versia que o aparelho é muito pequeno mas de resto ele é muito bom","produto muito, so um contra versia que o aparelho e muito pequeno mas de resto ele e muito bom","['produto', 'muito', 'so', 'um', 'contra', 'versia', 'que', 'aparelho', 'muito', 'pequeno', 'mas', 'de', 'resto', 'ele', 'muito', 'bom']",1.0,5,10,10
52302,Nunca mais comprarei a essa empresa . E as lannister também perderam um cliente.,nunca mais comprarei a essa empresa . e as lannister tambem perderam um cliente.,"['nunca', 'mais', 'comprarei', 'essa', 'empresa', 'as', 'lannister', 'tambem', 'perderam', 'um', 'cliente']",0.0,1,10,10
74666,"Melhor do que eu esperava
","melhor do que eu esperava
","['melhor', 'do', 'que', 'eu', 'esperava']",1.0,5,10,10
91440,"tenho nada a dizer, apenas que vocês não querem clientes, pois não prezam pelo os mesmos.","tenho nada a dizer, apenas que voces nao querem clientes, pois nao prezam pelo os mesmos.","['tenho', 'nada', 'dizer', 'apenas', 'que', 'voces', 'nao', 'querem', 'clientes', 'pois', 'nao', 'prezam', 'pelo', 'os', 'mesmos']",0.0,1,10,10
38384,"Gostei muito!
","gostei muito!
","['gostei', 'muito']",1.0,5,10,10
93777,Não recebi o produto e ainda não foi ressarcido o valor pago!,nao recebi o produto e ainda nao foi ressarcido o valor pago!,"['nao', 'recebi', 'produto', 'ainda', 'nao', 'foi', 'ressarcido', 'valor', 'pago']",0.0,1,10,10
94721,só achei que era de borracha e não de plástico,so achei que era de borracha e nao de plastico,"['so', 'achei', 'que', 'era', 'de', 'borracha', 'nao', 'de', 'plastico']",0.0,2,10,10
58443,"Ótima loja, pena que meu produto ainda não chegou!","otima loja, pena que meu produto ainda nao chegou!","['otima', 'loja', 'pena', 'que', 'meu', 'produto', 'ainda', 'nao', 'chegou']",,3,-1,10
39836,"Quadros lindos , amei !","quadros lindos , amei !","['quadros', 'lindos', 'amei']",1.0,5,10,10
18395,Produto lindo cm na foto recomendo... Chegou bem antes do prazo,produto lindo cm na foto recomendo... chegou bem antes do prazo,"['produto', 'lindo', 'cm', 'na', 'foto', 'recomendo', 'chegou', 'bem', 'antes', 'do', 'prazo']",1.0,5,10,10
87423,excelente chegou antes do prazos,excelente chegou antes do prazos,"['excelente', 'chegou', 'antes', 'do', 'prazos']",1.0,5,10,10
71790,produto entregue antes do prazo,produto entregue antes do prazo,"['produto', 'entregue', 'antes', 'do', 'prazo']",1.0,5,10,10
26302,"Chegou antes do prazo, amei...","chegou antes do prazo, amei...","['chegou', 'antes', 'do', 'prazo', 'amei']",1.0,5,10,10
77185,Recebi o produto sem a respectiva Nota Fiscal,recebi o produto sem a respectiva nota fiscal,"['recebi', 'produto', 'sem', 'respectiva', 'nota', 'fiscal']",,3,-1,10
54162,chegou antes do esperado.Muito Bom,chegou antes do esperado.muito bom,"['chegou', 'antes', 'do', 'esperado', 'muito', 'bom']",1.0,5,10,10
26355,Chegou como o prometido.,chegou como o prometido.,"['chegou', 'como', 'prometido']",1.0,5,10,10
21286,Indico pra todos. ,indico pra todos. ,"['indico', 'pra', 'todos']",1.0,5,10,10
51256,pedido entregue corretamente e antes do prazo previsto,pedido entregue corretamente e antes do prazo previsto,"['pedido', 'entregue', 'corretamente', 'antes', 'do', 'prazo', 'previsto']",1.0,5,10,10
22327,produto dentro do esperado sem defeitos,produto dentro do esperado sem defeitos,"['produto', 'dentro', 'do', 'esperado', 'sem', 'defeitos']",1.0,4,10,10
35263,"Muito bonito, chegou no prazo. Poderiam ter indicado o número do pedido na embalagem para saber!","muito bonito, chegou no prazo. poderiam ter indicado o numero do pedido na embalagem para saber!","['muito', 'bonito', 'chegou', 'no', 'prazo', 'poderiam', 'ter', 'indicado', 'numero', 'do', 'pedido', 'na', 'embalagem', 'para', 'saber']",1.0,5,10,10
79902,O produto é de qualidade e me deixo muito satisfeito.,o produto e de qualidade e me deixo muito satisfeito.,"['produto', 'de', 'qualidade', 'me', 'deixo', 'muito', 'satisfeito']",1.0,5,10,10
68129,Tudo perfeito eu super recomendo.,tudo perfeito eu super recomendo.,"['tudo', 'perfeito', 'eu', 'super', 'recomendo']",1.0,5,10,10
20224,"Gostei muito do produto, perfeito, bonito, preço otimo","gostei muito do produto, perfeito, bonito, preco otimo","['gostei', 'muito', 'do', 'produto', 'perfeito', 'bonito', 'preco', 'otimo']",1.0,5,10,10
86319,"A loja vendeu um produto falsificado. Ja fiz a solicitação de devolução do produto, porém ja faz 3 dias e não recebi o email das lannister para seguir com o processo de devolução, conforme orientado.","a loja vendeu um produto falsificado. ja fiz a solicitacao de devolucao do produto, porem ja faz 3 dias e nao recebi o email das lannister para seguir com o processo de devolucao, conforme orientado.","['loja', 'vendeu', 'um', 'produto', 'falsificado', 'ja', 'fiz', 'solicitacao', 'de', 'devolucao', 'do', 'produto', 'porem', 'ja', 'faz', 'dias', 'nao', 'recebi', 'email', 'das', 'lannister', 'para', 'seguir', 'com', 'processo', 'de', 'devolucao', 'conforme', 'orientado']",0.0,1,10,10
97730,Muito bom,muito bom,"['muito', 'bom']",1.0,4,10,10
17894,Comprei 04 unidades de Omega 3 1200mg e mim mandaro 03 unidades de Amora Miura 500mg!!!!!!!!,comprei 04 unidades de omega 3 1200mg e mim mandaro 03 unidades de amora miura 500mg!!!!!!!!,"['comprei', '04', 'unidades', 'de', 'omega', '1200mg', 'mim', 'mandaro', '03', 'unidades', 'de', 'amora', 'miura', '500mg']",0.0,1,10,10
48628,Faltou os acessórios.,faltou os acessorios.,"['faltou', 'os', 'acessorios']",1.0,4,10,10
4040,muito bom,muito bom,"['muito', 'bom']",1.0,5,10,10
96681,O colar que eu recebi é completamente diferente. Odiei.,o colar que eu recebi e completamente diferente. odiei.,"['colar', 'que', 'eu', 'recebi', 'completamente', 'diferente', 'odiei']",0.0,1,10,10
50805,chegou antes do prazo de entrega e veio em perfeito estado !,chegou antes do prazo de entrega e veio em perfeito estado !,"['chegou', 'antes', 'do', 'prazo', 'de', 'entrega', 'veio', 'em', 'perfeito', 'estado']",1.0,5,10,10
85075,muito bom,muito bom,"['muito', 'bom']",1.0,4,10,10
80973,"Não recomendaria pois fiz minha compra, efetuei o pagamento e após alguns dias recebi um email que os parceiros não entregariam na minha região.","nao recomendaria pois fiz minha compra, efetuei o pagamento e apos alguns dias recebi um email que os parceiros nao entregariam na minha regiao.","['nao', 'recomendaria', 'pois', 'fiz', 'minha', 'compra', 'efetuei', 'pagamento', 'apos', 'alguns', 'dias', 'recebi', 'um', 'email', 'que', 'os', 'parceiros', 'nao', 'entregariam', 'na', 'minha', 'regiao']",0.0,1,10,10
76068,"Tudo ótimo, produto certo e prazo de entrega até antecipado","tudo otimo, produto certo e prazo de entrega ate antecipado","['tudo', 'otimo', 'produto', 'certo', 'prazo', 'de', 'entrega', 'ate', 'antecipado']",1.0,5,10,10
36282,Me mandaram um o relógio que não funciona.. Vou acionar a justiça de novo.. ,me mandaram um o relogio que nao funciona.. vou acionar a justica de novo.. ,"['me', 'mandaram', 'um', 'relogio', 'que', 'nao', 'funciona', 'vou', 'acionar', 'justica', 'de', 'novo']",0.0,1,10,10
2084,recomendo a loa pois cumpriu o prazo certinho mas o produto é muito ruim...pessima qualidade.,recomendo a loa pois cumpriu o prazo certinho mas o produto e muito ruim...pessima qualidade.,"['recomendo', 'loa', 'pois', 'cumpriu', 'prazo', 'certinho', 'mas', 'produto', 'muito', 'ruim', 'pessima', 'qualidade']",0.0,2,10,10
23255,Ok,ok,['ok'],1.0,5,10,10
2786,Excelente produto.,excelente produto.,"['excelente', 'produto']",1.0,5,10,10
63355,"O produto foi entregue no prazo, ainda não utilizei-o, então não sei se é bom mesmo.","o produto foi entregue no prazo, ainda nao utilizei-o, entao nao sei se e bom mesmo.","['produto', 'foi', 'entregue', 'no', 'prazo', 'ainda', 'nao', 'utilizei', 'entao', 'nao', 'sei', 'se', 'bom', 'mesmo']",1.0,5,10,10
42607,Chegou antes do prazo e e linda demais ,chegou antes do prazo e e linda demais ,"['chegou', 'antes', 'do', 'prazo', 'linda', 'demais']",1.0,5,10,10
71467,"Chegou antes do prazo... 
Produto muito bom.","chegou antes do prazo... 
produto muito bom.","['chegou', 'antes', 'do', 'prazo', 'produto', 'muito', 'bom']",1.0,5,10,10
83891,Não sabia que eram quadrinhos para emoldurar. Isso deveria estar nas informações do produto.,nao sabia que eram quadrinhos para emoldurar. isso deveria estar nas informacoes do produto.,"['nao', 'sabia', 'que', 'eram', 'quadrinhos', 'para', 'emoldurar', 'isso', 'deveria', 'estar', 'nas', 'informacoes', 'do', 'produto']",,3,-1,10
64008,entrega no prazo.,entrega no prazo.,"['entrega', 'no', 'prazo']",1.0,4,10,10
38244,Entrega rápida. Antes do prazo.,entrega rapida. antes do prazo.,"['entrega', 'rapida', 'antes', 'do', 'prazo']",1.0,5,10,10
83706,os produtos da Firenze cosméticos são excelentes.,os produtos da firenze cosmeticos sao excelentes.,"['os', 'produtos', 'da', 'firenze', 'cosmeticos', 'sao', 'excelentes']",1.0,5,10,10
45648,"1 de 2 cartuchos não funcionou; mensagem de incompatibilidade e, depois, nenhuma impressão após ajustes nas configurações e páginas de teste. Solicitei devolução e troca deste cartucho; o outro ok.","1 de 2 cartuchos nao funcionou; mensagem de incompatibilidade e, depois, nenhuma impressao apos ajustes nas configuracoes e paginas de teste. solicitei devolucao e troca deste cartucho; o outro ok.","['de', 'cartuchos', 'nao', 'funcionou', 'mensagem', 'de', 'incompatibilidade', 'depois', 'nenhuma', 'impressao', 'apos', 'ajustes', 'nas', 'configuracoes', 'paginas', 'de', 'teste', 'solicitei', 'devolucao', 'troca', 'deste', 'cartucho', 'outro', 'ok']",0.0,2,10,10
76420,Muito bom ,muito bom ,"['muito', 'bom']",1.0,5,10,10
38359,"Produtos ótimos, entrega rápida, super recomendo!!","produtos otimos, entrega rapida, super recomendo!!","['produtos', 'otimos', 'entrega', 'rapida', 'super', 'recomendo']",1.0,5,10,10
89990,"Chegou bem antes do prazo, amei!","chegou bem antes do prazo, amei!","['chegou', 'bem', 'antes', 'do', 'prazo', 'amei']",1.0,5,10,10
98703,Super recomendo. Entregaram antes do prazo otimo,super recomendo. entregaram antes do prazo otimo,"['super', 'recomendo', 'entregaram', 'antes', 'do', 'prazo', 'otimo']",1.0,5,10,10
80757,"Falta de educação! Além de não enviar em, sequer deram satisfação. Não recomendo a loja, despreparada.","falta de educacao! alem de nao enviar em, sequer deram satisfacao. nao recomendo a loja, despreparada.","['falta', 'de', 'educacao', 'alem', 'de', 'nao', 'enviar', 'em', 'sequer', 'deram', 'satisfacao', 'nao', 'recomendo', 'loja', 'despreparada']",0.0,1,10,10
19511,Adorei esse produto.,adorei esse produto.,"['adorei', 'esse', 'produto']",1.0,4,10,10
66523,"Gostei bastante de comprar nesta loja.
Recomendo!","gostei bastante de comprar nesta loja.
recomendo!","['gostei', 'bastante', 'de', 'comprar', 'nesta', 'loja', 'recomendo']",1.0,5,10,10
42358,comprei 2 mangueiras e veio apenas 1,comprei 2 mangueiras e veio apenas 1,"['comprei', 'mangueiras', 'veio', 'apenas']",,3,-1,10
58912,Sempre comprei no baratheon e nunca tive problemas poren as duas últimas compras deixou a desejar. .,sempre comprei no baratheon e nunca tive problemas poren as duas ultimas compras deixou a desejar. .,"['sempre', 'comprei', 'no', 'baratheon', 'nunca', 'tive', 'problemas', 'poren', 'as', 'duas', 'ultimas', 'compras', 'deixou', 'desejar']",,3,-1,10
76399,Ok,ok,['ok'],1.0,5,10,10
47820,Produtos excelente ,produtos excelente ,"['produtos', 'excelente']",1.0,4,10,10
92780,"Não indico por não cumpriram com o prazo de entrega, somente por isso!!!","nao indico por nao cumpriram com o prazo de entrega, somente por isso!!!","['nao', 'indico', 'por', 'nao', 'cumpriram', 'com', 'prazo', 'de', 'entrega', 'somente', 'por', 'isso']",,3,-1,10
83830,"Depois que fiz a compra, passou 30 dias para a loja me informar que não tem mais a mercadoria ","depois que fiz a compra, passou 30 dias para a loja me informar que nao tem mais a mercadoria ","['depois', 'que', 'fiz', 'compra', 'passou', '30', 'dias', 'para', 'loja', 'me', 'informar', 'que', 'nao', 'tem', 'mais', 'mercadoria']",0.0,1,10,10
51633,"Muito bom, chegou bem antes do prazo combinado.
excelente!!!!!","muito bom, chegou bem antes do prazo combinado.
excelente!!!!!","['muito', 'bom', 'chegou', 'bem', 'antes', 'do', 'prazo', 'combinado', 'excelente']",1.0,5,10,10
30087,"Gostei muito pelo comprimento do tempo de entrega,bem rapido 
Estão de parabens","gostei muito pelo comprimento do tempo de entrega,bem rapido 
estao de parabens","['gostei', 'muito', 'pelo', 'comprimento', 'do', 'tempo', 'de', 'entrega', 'bem', 'rapido', 'estao', 'de', 'parabens']",1.0,5,10,10
4472,"Entregue no prazo, o perfume não me surpreendeu muito, mas atendimento de qualidade é tudo. ","entregue no prazo, o perfume nao me surpreendeu muito, mas atendimento de qualidade e tudo. ","['entregue', 'no', 'prazo', 'perfume', 'nao', 'me', 'surpreendeu', 'muito', 'mas', 'atendimento', 'de', 'qualidade', 'tudo']",1.0,5,10,10
29463,"Produto conforme o combinado


","produto conforme o combinado


","['produto', 'conforme', 'combinado']",1.0,5,10,10
83859,mmmmmmmmmmmmmmmmmmmmmmmmmmmmmmmmmmmmmmmmmmmmmmmmmmm,mmmmmmmmmmmmmmmmmmmmmmmmmmmmmmmmmmmmmmmmmmmmmmmmmmm,"['mmmmmmmmmmmmmmmmmmmmmmmmmmmmmm', 'mmmmmmmmmmmmmmmmmmmmm']",0.0,1,10,10
82040,entrega antes do prazo...,entrega antes do prazo...,"['entrega', 'antes', 'do', 'prazo']",1.0,5,10,10
19811,"Correu tudo perfeito, preço, produto e prazo de entrega.","correu tudo perfeito, preco, produto e prazo de entrega.","['correu', 'tudo', 'perfeito', 'preco', 'produto', 'prazo', 'de', 'entrega']",1.0,5,10,10
7565,"Recebi o produto, mas com a cor incorreta da q pedi na hora da compra. Comprei cinza, recebi azul marinho.","recebi o produto, mas com a cor incorreta da q pedi na hora da compra. comprei cinza, recebi azul marinho.","['recebi', 'produto', 'mas', 'com', 'cor', 'incorreta', 'da', 'pedi', 'na', 'hora', 'da', 'compra', 'comprei', 'cinza', 'recebi', 'azul', 'marinho']",0.0,1,10,10
39431,Ótima mercadoria.entrega bem antes do prazo.,otima mercadoria.entrega bem antes do prazo.,"['otima', 'mercadoria', 'entrega', 'bem', 'antes', 'do', 'prazo']",1.0,5,10,10
90972,Excelente! Tudo em perfeita ordem! ,excelente! tudo em perfeita ordem! ,"['excelente', 'tudo', 'em', 'perfeita', 'ordem']",1.0,5,10,10
5186,"Adorei o meu produto, vou aproveitar muito.","adorei o meu produto, vou aproveitar muito.","['adorei', 'meu', 'produto', 'vou', 'aproveitar', 'muito']",1.0,5,10,10
39166,Produto bom,produto bom,"['produto', 'bom']",1.0,5,10,10
44467,"O produto chegou dentro do prazo estimado, mas ainda assim é um prazo muito longo.","o produto chegou dentro do prazo estimado, mas ainda assim e um prazo muito longo.","['produto', 'chegou', 'dentro', 'do', 'prazo', 'estimado', 'mas', 'ainda', 'assim', 'um', 'prazo', 'muito', 'longo']",1.0,4,10,10
63758,Estou tentando contato com o site e não consigo.,estou tentando contato com o site e nao consigo.,"['estou', 'tentando', 'contato', 'com', 'site', 'nao', 'consigo']",0.0,1,10,10
45120,"Não entregam os produtos comprados!!!
Não tem respeito com o cliente.","nao entregam os produtos comprados!!!
nao tem respeito com o cliente.","['nao', 'entregam', 'os', 'produtos', 'comprados', 'nao', 'tem', 'respeito', 'com', 'cliente']",0.0,1,10,10
32948,Otimo nao tive problemas nota 9,otimo nao tive problemas nota 9,"['otimo', 'nao', 'tive', 'problemas', 'nota']",1.0,4,10,10
3215,Ainda estou aguardando o produto.,ainda estou aguardando o produto.,"['ainda', 'estou', 'aguardando', 'produto']",0.0,1,10,10
42434,espero que essa venda tenha sido cancelada pois não recebi ! ,espero que essa venda tenha sido cancelada pois nao recebi ! ,"['espero', 'que', 'essa', 'venda', 'tenha', 'sido', 'cancelada', 'pois', 'nao', 'recebi']",0.0,1,10,10
98249,Gostei.,gostei.,['gostei'],1.0,4,10,10
52653,recebi antes do prazo e o produto superou minhas expectativas ,recebi antes do prazo e o produto superou minhas expectativas ,"['recebi', 'antes', 'do', 'prazo', 'produto', 'superou', 'minhas', 'expectativas']",1.0,5,10,10
69204,"Produto chegou em péssimo estado, sujo, lascado, rasgado e não consigo nem ligar nem enviar email para fazer minha reclamação e pedir meu dinheiro de volta.","produto chegou em pessimo estado, sujo, lascado, rasgado e nao consigo nem ligar nem enviar email para fazer minha reclamacao e pedir meu dinheiro de volta.","['produto', 'chegou', 'em', 'pessimo', 'estado', 'sujo', 'lascado', 'rasgado', 'nao', 'consigo', 'nem', 'ligar', 'nem', 'enviar', 'email', 'para', 'fazer', 'minha', 'reclamacao', 'pedir', 'meu', 'dinheiro', 'de', 'volta']",0.0,1,10,10
84921,Muito satisfeita. Entrega rapida e bom atendimento. Recomendo,muito satisfeita. entrega rapida e bom atendimento. recomendo,"['muito', 'satisfeita', 'entrega', 'rapida', 'bom', 'atendimento', 'recomendo']",1.0,5,10,10
81102,Obrigado!,obrigado!,['obrigado'],1.0,4,10,10
17161,"Mando emai mais ninguém me responde, não recebi meus produtos. Eu quero meu dinheiro de volta.","mando emai mais ninguem me responde, nao recebi meus produtos. eu quero meu dinheiro de volta.","['mando', 'emai', 'mais', 'ninguem', 'me', 'responde', 'nao', 'recebi', 'meus', 'produtos', 'eu', 'quero', 'meu', 'dinheiro', 'de', 'volta']",0.0,1,10,10
34638,"Obrigado,minha primeira compra nessa loja.Gostei do produto e meu filho amou.Deus Abençoe vocês.Um abençoado Domingo.","obrigado,minha primeira compra nessa loja.gostei do produto e meu filho amou.deus abencoe voces.um abencoado domingo.","['obrigado', 'minha', 'primeira', 'compra', 'nessa', 'loja', 'gostei', 'do', 'produto', 'meu', 'filho', 'amou', 'deus', 'abencoe', 'voces', 'um', 'abencoado', 'domingo']",1.0,5,10,10
38025,"Pedi 3 luminárias e recebi até o momento somente 2. Já reclamei para o entregador, porém não recebi ainda a luminária que está faltando. ","pedi 3 luminarias e recebi ate o momento somente 2. ja reclamei para o entregador, porem nao recebi ainda a luminaria que esta faltando. ","['pedi', 'luminarias', 'recebi', 'ate', 'momento', 'somente', 'ja', 'reclamei', 'para', 'entregador', 'porem', 'nao', 'recebi', 'ainda', 'luminaria', 'que', 'esta', 'faltando']",0.0,1,10,10
59282,RECEBI O PRODUTO BEM ANTES DA DATA PREVISTA . O PRODUTO VEIO CORRETAMENTE. MUITO SATISFEITA COM O PRODUTO.,recebi o produto bem antes da data prevista . o produto veio corretamente. muito satisfeita com o produto.,"['recebi', 'produto', 'bem', 'antes', 'da', 'data', 'prevista', 'produto', 'veio', 'corretamente', 'muito', 'satisfeita', 'com', 'produto']",1.0,5,10,10
81951,"Fornecedor responsável,produto bem embalado, entrega rápida. Faz jus a uma boa recomendação!","fornecedor responsavel,produto bem embalado, entrega rapida. faz jus a uma boa recomendacao!","['fornecedor', 'responsavel', 'produto', 'bem', 'embalado', 'entrega', 'rapida', 'faz', 'jus', 'uma', 'boa', 'recomendacao']",1.0,5,10,10
12895,"sim recebi ate antes do prazo de entrega pessoal muito competente e prestativo recomendo sim,parabens pela equipe.","sim recebi ate antes do prazo de entrega pessoal muito competente e prestativo recomendo sim,parabens pela equipe.","['sim', 'recebi', 'ate', 'antes', 'do', 'prazo', 'de', 'entrega', 'pessoal', 'muito', 'competente', 'prestativo', 'recomendo', 'sim', 'parabens', 'pela', 'equipe']",1.0,5,10,10
87426,"só a estampa que não é tao viva as cores como a da imagem , mas o produto é bom ","so a estampa que nao e tao viva as cores como a da imagem , mas o produto e bom ","['so', 'estampa', 'que', 'nao', 'tao', 'viva', 'as', 'cores', 'como', 'da', 'imagem', 'mas', 'produto', 'bom']",,3,-1,10
65338,"Chegou bem antes, tudo certinho.","chegou bem antes, tudo certinho.","['chegou', 'bem', 'antes', 'tudo', 'certinho']",1.0,5,10,10
61344,..,..,[],,3,-1,10
9196,"não esta sendo eficiente, me deram um prazo de entrega e ate agora nada ","nao esta sendo eficiente, me deram um prazo de entrega e ate agora nada ","['nao', 'esta', 'sendo', 'eficiente', 'me', 'deram', 'um', 'prazo', 'de', 'entrega', 'ate', 'agora', 'nada']",0.0,1,10,10
29128,Nem recebi o produto e foi feito o cancelamento do mesmo pois esta demorando muito ,nem recebi o produto e foi feito o cancelamento do mesmo pois esta demorando muito ,"['nem', 'recebi', 'produto', 'foi', 'feito', 'cancelamento', 'do', 'mesmo', 'pois', 'esta', 'demorando', 'muito']",0.0,1,10,10
57831,Veio Sem carregador,veio sem carregador,"['veio', 'sem', 'carregador']",1.0,4,10,10
72070,Recomendo,recomendo,['recomendo'],1.0,5,10,10
68128,Achei que os potes eram maiores mais valeu valor dele legal 👍🏼 ,achei que os potes eram maiores mais valeu valor dele legal 👍🏼 ,"['achei', 'que', 'os', 'potes', 'eram', 'maiores', 'mais', 'valeu', 'valor', 'dele', 'legal']",,3,-1,10
69487,"Excelente loja recomendo 
Já comprei vários produtos 
São de ótima qualidade","excelente loja recomendo 
ja comprei varios produtos 
sao de otima qualidade","['excelente', 'loja', 'recomendo', 'ja', 'comprei', 'varios', 'produtos', 'sao', 'de', 'otima', 'qualidade']",1.0,5,10,10
19226,"O produto não veio com as 7 peças conforme a publicação do site .so foi entregue 3 peças cortina,prendedor de cortina e suporte de varão.","o produto nao veio com as 7 pecas conforme a publicacao do site .so foi entregue 3 pecas cortina,prendedor de cortina e suporte de varao.","['produto', 'nao', 'veio', 'com', 'as', 'pecas', 'conforme', 'publicacao', 'do', 'site', 'so', 'foi', 'entregue', 'pecas', 'cortina', 'prendedor', 'de', 'cortina', 'suporte', 'de', 'varao']",,3,-1,10
11879,Produto ainda não entregue,produto ainda nao entregue,"['produto', 'ainda', 'nao', 'entregue']",0.0,2,10,10
15418,Produto em fase de teste.,produto em fase de teste.,"['produto', 'em', 'fase', 'de', 'teste']",1.0,5,10,10
90946,"Loja confiável, entrega rápida.","loja confiavel, entrega rapida.","['loja', 'confiavel', 'entrega', 'rapida']",1.0,5,10,10
31014,"Faltou enviarem o código de rastreio, chegou o código pra mim uns 15 dias depois q o produto já tava em casa...","faltou enviarem o codigo de rastreio, chegou o codigo pra mim uns 15 dias depois q o produto ja tava em casa...","['faltou', 'enviarem', 'codigo', 'de', 'rastreio', 'chegou', 'codigo', 'pra', 'mim', 'uns', '15', 'dias', 'depois', 'produto', 'ja', 'tava', 'em', 'casa']",1.0,4,10,10
77746,"produto conforme o especificado, mas a entrega via correios foi péssima, o produto levou quase um mês perdido até ser entregue...","produto conforme o especificado, mas a entrega via correios foi pessima, o produto levou quase um mes perdido ate ser entregue...","['produto', 'conforme', 'especificado', 'mas', 'entrega', 'via', 'correios', 'foi', 'pessima', 'produto', 'levou', 'quase', 'um', 'mes', 'perdido', 'ate', 'ser', 'entregue']",,3,-1,10
74883,O produto de pessima qualidade se pudesse devolvia.,o produto de pessima qualidade se pudesse devolvia.,"['produto', 'de', 'pessima', 'qualidade', 'se', 'pudesse', 'devolvia']",0.0,1,10,10
12095,otimo produto muito bonito,otimo produto muito bonito,"['otimo', 'produto', 'muito', 'bonito']",1.0,5,10,10
95924,Atraso na entrega.,atraso na entrega.,"['atraso', 'na', 'entrega']",0.0,1,10,10
428,"Quando instalei o cartucho de tinta, a minha impressora indicou que o mesmo estava vazio, e apresentou a mensagem de erro ""!"" em cima do marcador de nível da tinta. Já solicitei a troca. ","quando instalei o cartucho de tinta, a minha impressora indicou que o mesmo estava vazio, e apresentou a mensagem de erro ""!"" em cima do marcador de nivel da tinta. ja solicitei a troca. ","['quando', 'instalei', 'cartucho', 'de', 'tinta', 'minha', 'impressora', 'indicou', 'que', 'mesmo', 'estava', 'vazio', 'apresentou', 'mensagem', 'de', 'erro', 'em', 'cima', 'do', 'marcador', 'de', 'nivel', 'da', 'tinta', 'ja', 'solicitei', 'troca']",0.0,1,10,10
47428,"não gostei pelo motivo de muita demora , comprei meu produto com a cor azul pra depois do pagamento autorizado falar que nao tem ","nao gostei pelo motivo de muita demora , comprei meu produto com a cor azul pra depois do pagamento autorizado falar que nao tem ","['nao', 'gostei', 'pelo', 'motivo', 'de', 'muita', 'demora', 'comprei', 'meu', 'produto', 'com', 'cor', 'azul', 'pra', 'depois', 'do', 'pagamento', 'autorizado', 'falar', 'que', 'nao', 'tem']",0.0,1,10,10
43179,"Não recebi, passou do prazo, tentei localizar e disse que:o produto tinha saído dos correios de SP,encaminhado a outra agência,e,na outra agência,fui informando que o produto não tinha chagado lá.","nao recebi, passou do prazo, tentei localizar e disse que:o produto tinha saido dos correios de sp,encaminhado a outra agencia,e,na outra agencia,fui informando que o produto nao tinha chagado la.","['nao', 'recebi', 'passou', 'do', 'prazo', 'tentei', 'localizar', 'disse', 'que', 'produto', 'tinha', 'saido', 'dos', 'correios', 'de', 'sp', 'encaminhado', 'outra', 'agencia', 'na', 'outra', 'agencia', 'fui', 'informando', 'que', 'produto', 'nao', 'tinha', 'chagado', 'la']",0.0,1,10,10
73781,"Produto não é Funko, semelhante cheio de defeitos.","produto nao e funko, semelhante cheio de defeitos.","['produto', 'nao', 'funko', 'semelhante', 'cheio', 'de', 'defeitos']",0.0,1,10,10
57993,"Falta peça no produto, estou aguardando a troaca da mercadoria.","falta peca no produto, estou aguardando a troaca da mercadoria.","['falta', 'peca', 'no', 'produto', 'estou', 'aguardando', 'troaca', 'da', 'mercadoria']",0.0,1,10,10
35984,"Bom dia,
Recebi o produto, porém ele veio com apoio de braço, o que eu não havia pedido, mas resolvi nao entrar nessa questão. Tenham cuidado na próxima vez","bom dia,
recebi o produto, porem ele veio com apoio de braco, o que eu nao havia pedido, mas resolvi nao entrar nessa questao. tenham cuidado na proxima vez","['bom', 'dia', 'recebi', 'produto', 'porem', 'ele', 'veio', 'com', 'apoio', 'de', 'braco', 'que', 'eu', 'nao', 'havia', 'pedido', 'mas', 'resolvi', 'nao', 'entrar', 'nessa', 'questao', 'tenham', 'cuidado', 'na', 'proxima', 'vez']",,3,-1,10
87361,"Como sempre,aloja foi pontual.","como sempre,aloja foi pontual.","['como', 'sempre', 'aloja', 'foi', 'pontual']",1.0,5,10,10
81919,"Recebi o produto com atraso(recebi somente apos reclamar), não veio o laudo da cadeira conforme a NR especificado no produto, não veio o manual com instrução para montagem e a base (pé) veio com risco","recebi o produto com atraso(recebi somente apos reclamar), nao veio o laudo da cadeira conforme a nr especificado no produto, nao veio o manual com instrucao para montagem e a base (pe) veio com risco","['recebi', 'produto', 'com', 'atraso', 'recebi', 'somente', 'apos', 'reclamar', 'nao', 'veio', 'laudo', 'da', 'cadeira', 'conforme', 'nr', 'especificado', 'no', 'produto', 'nao', 'veio', 'manual', 'com', 'instrucao', 'para', 'montagem', 'base', 'pe', 'veio', 'com', 'risco']",0.0,2,10,10
70653,"Nunca tive problemas com esse site e no mesmo mes tive 2 transtornos, não compro mais nada aqui. E quero meu dinheiro de volta! Não quero mais a compra ou saber dessa loja.
Grata! ","nunca tive problemas com esse site e no mesmo mes tive 2 transtornos, nao compro mais nada aqui. e quero meu dinheiro de volta! nao quero mais a compra ou saber dessa loja.
grata! ","['nunca', 'tive', 'problemas', 'com', 'esse', 'site', 'no', 'mesmo', 'mes', 'tive', 'transtornos', 'nao', 'compro', 'mais', 'nada', 'aqui', 'quero', 'meu', 'dinheiro', 'de', 'volta', 'nao', 'quero', 'mais', 'compra', 'ou', 'saber', 'dessa', 'loja', 'grata']",0.0,1,10,10
17314,"Chegou intacto. O porta escova não tem como vc abrir e limpar internamente, é uma peça inteira. Tirando isso que não gostei,atende minhas necessidades. ","chegou intacto. o porta escova nao tem como vc abrir e limpar internamente, e uma peca inteira. tirando isso que nao gostei,atende minhas necessidades. ","['chegou', 'intacto', 'porta', 'escova', 'nao', 'tem', 'como', 'vc', 'abrir', 'limpar', 'internamente', 'uma', 'peca', 'inteira', 'tirando', 'isso', 'que', 'nao', 'gostei', 'atende', 'minhas', 'necessidades']",1.0,4,10,10
56960,"Só tem que comprar um pequeno adaptador, pois senão ela fica um pouco inclinada para baixo.","so tem que comprar um pequeno adaptador, pois senao ela fica um pouco inclinada para baixo.","['so', 'tem', 'que', 'comprar', 'um', 'pequeno', 'adaptador', 'pois', 'senao', 'ela', 'fica', 'um', 'pouco', 'inclinada', 'para', 'baixo']",1.0,5,10,10
42150,A minha tinha zíper essa é da loba,a minha tinha ziper essa e da loba,"['minha', 'tinha', 'ziper', 'essa', 'da', 'loba']",0.0,1,10,10
56840,"Adorei o produto pena que chegou um pouco atrasada , mas recomendo a loja ","adorei o produto pena que chegou um pouco atrasada , mas recomendo a loja ","['adorei', 'produto', 'pena', 'que', 'chegou', 'um', 'pouco', 'atrasada', 'mas', 'recomendo', 'loja']",1.0,5,10,10
21667,Esperando o produto para avaliar ,esperando o produto para avaliar ,"['esperando', 'produto', 'para', 'avaliar']",0.0,1,10,10
95772,"Boa tarde, ainda não recebi meu pedido.","boa tarde, ainda nao recebi meu pedido.","['boa', 'tarde', 'ainda', 'nao', 'recebi', 'meu', 'pedido']",0.0,2,10,10
50815,"O produto foi comprado no começo do mês, estava quase completando a data de entrega e a empresa não tinha nem gerado a NF quanto mais entregar o produto. Por isso cancelei o pedido e quero a devolução","o produto foi comprado no comeco do mes, estava quase completando a data de entrega e a empresa nao tinha nem gerado a nf quanto mais entregar o produto. por isso cancelei o pedido e quero a devolucao","['produto', 'foi', 'comprado', 'no', 'comeco', 'do', 'mes', 'estava', 'quase', 'completando', 'data', 'de', 'entrega', 'empresa', 'nao', 'tinha', 'nem', 'gerado', 'nf', 'quanto', 'mais', 'entregar', 'produto', 'por', 'isso', 'cancelei', 'pedido', 'quero', 'devolucao']",0.0,1,10,10
91714,"Ótimo produto, entrega rápida","otimo produto, entrega rapida","['otimo', 'produto', 'entrega', 'rapida']",1.0,5,10,10
11842,"O produto não foi entregue, segundo os correios endereço incorreto, gostaria que reenviasse o produto novamente por favor! ","o produto nao foi entregue, segundo os correios endereco incorreto, gostaria que reenviasse o produto novamente por favor! ","['produto', 'nao', 'foi', 'entregue', 'segundo', 'os', 'correios', 'endereco', 'incorreto', 'gostaria', 'que', 'reenviasse', 'produto', 'novamente', 'por', 'favor']",0.0,1,10,10
86490,"Depois de receber o produto avariado e solicitar a troca,começou a enrolação.Tamanha falta de comunicação entre a loja e o fornecedor do produto. Em NENHUM momento houve convergência de informações.","depois de receber o produto avariado e solicitar a troca,comecou a enrolacao.tamanha falta de comunicacao entre a loja e o fornecedor do produto. em nenhum momento houve convergencia de informacoes.","['depois', 'de', 'receber', 'produto', 'avariado', 'solicitar', 'troca', 'comecou', 'enrolacao', 'tamanha', 'falta', 'de', 'comunicacao', 'entre', 'loja', 'fornecedor', 'do', 'produto', 'em', 'nenhum', 'momento', 'houve', 'convergencia', 'de', 'informacoes']",0.0,1,10,10
18007,"Muito, obg.
Recomendo muito e serei um cliente muito presente.
Estou, satisfeitissima. ","muito, obg.
recomendo muito e serei um cliente muito presente.
estou, satisfeitissima. ","['muito', 'obg', 'recomendo', 'muito', 'serei', 'um', 'cliente', 'muito', 'presente', 'estou', 'satisfeitissima']",1.0,5,10,10
35081,O espelho veio muito arranhado péssimo. ,o espelho veio muito arranhado pessimo. ,"['espelho', 'veio', 'muito', 'arranhado', 'pessimo']",0.0,2,10,10
68380,Comprei e compro sempre no site lannister targaryeno,comprei e compro sempre no site lannister targaryeno,"['comprei', 'compro', 'sempre', 'no', 'site', 'lannister', 'targaryeno']",1.0,4,10,10
81208,Na primeira lavada o barrado (varanda) se desfez. Muito feia e frágil. Solta muito fiapo. Péssima rede. Não vale nada. Não compro nunca mais e nem recomendo. Uma decepção!,na primeira lavada o barrado (varanda) se desfez. muito feia e fragil. solta muito fiapo. pessima rede. nao vale nada. nao compro nunca mais e nem recomendo. uma decepcao!,"['na', 'primeira', 'lavada', 'barrado', 'varanda', 'se', 'desfez', 'muito', 'feia', 'fragil', 'solta', 'muito', 'fiapo', 'pessima', 'rede', 'nao', 'vale', 'nada', 'nao', 'compro', 'nunca', 'mais', 'nem', 'recomendo', 'uma', 'decepcao']",0.0,1,10,10
51327,Produto de excelente qualidade muito bonito .targaryen esta de parabéns entrega antes do prazo muito bem embalado ficou lindo na minha cozinha...amei.,produto de excelente qualidade muito bonito .targaryen esta de parabens entrega antes do prazo muito bem embalado ficou lindo na minha cozinha...amei.,"['produto', 'de', 'excelente', 'qualidade', 'muito', 'bonito', 'targaryen', 'esta', 'de', 'parabens', 'entrega', 'antes', 'do', 'prazo', 'muito', 'bem', 'embalado', 'ficou', 'lindo', 'na', 'minha', 'cozinha', 'amei']",1.0,5,10,10
21810,Não consigo opinar pois produto ainda não instalado,nao consigo opinar pois produto ainda nao instalado,"['nao', 'consigo', 'opinar', 'pois', 'produto', 'ainda', 'nao', 'instalado']",1.0,4,10,10
81277,"Recebi dentro do prazo estabelecido, produtos entregues em perfeito estado","recebi dentro do prazo estabelecido, produtos entregues em perfeito estado","['recebi', 'dentro', 'do', 'prazo', 'estabelecido', 'produtos', 'entregues', 'em', 'perfeito', 'estado']",1.0,5,10,10
83084,recebi bem antes,recebi bem antes,"['recebi', 'bem', 'antes']",1.0,5,10,10
40254,"Chegou antes da data, excelente produto ","chegou antes da data, excelente produto ","['chegou', 'antes', 'da', 'data', 'excelente', 'produto']",1.0,5,10,10
97811,o oproduto é de péssima qualidade,o oproduto e de pessima qualidade,"['oproduto', 'de', 'pessima', 'qualidade']",1.0,4,10,10
93734,bom produto,bom produto,"['bom', 'produto']",1.0,4,10,10
97107,O produto é muito bom e a entrega foi conforme combinado. Não tive nenhum tipo de problema e adorei a mercadoria!,o produto e muito bom e a entrega foi conforme combinado. nao tive nenhum tipo de problema e adorei a mercadoria!,"['produto', 'muito', 'bom', 'entrega', 'foi', 'conforme', 'combinado', 'nao', 'tive', 'nenhum', 'tipo', 'de', 'problema', 'adorei', 'mercadoria']",1.0,5,10,10
44323,"Correu tudo bem com a minha compra, portanto estou satisfeita! Gosto muito de comprar nas lojas lannister!","correu tudo bem com a minha compra, portanto estou satisfeita! gosto muito de comprar nas lojas lannister!","['correu', 'tudo', 'bem', 'com', 'minha', 'compra', 'portanto', 'estou', 'satisfeita', 'gosto', 'muito', 'de', 'comprar', 'nas', 'lojas', 'lannister']",1.0,5,10,10
24424,"Parabens a todos, estou satisfeito.","parabens a todos, estou satisfeito.","['parabens', 'todos', 'estou', 'satisfeito']",1.0,5,10,10
87419,Não recebi meu produto,nao recebi meu produto,"['nao', 'recebi', 'meu', 'produto']",0.0,1,10,10
95208,Produto veio antes do prazo informado. Muito obrigado pela agilidade! ,produto veio antes do prazo informado. muito obrigado pela agilidade! ,"['produto', 'veio', 'antes', 'do', 'prazo', 'informado', 'muito', 'obrigado', 'pela', 'agilidade']",1.0,5,10,10
99810,Amei o produto! Além de lindo ficou msravilhoso minha mesa quadrada,amei o produto! alem de lindo ficou msravilhoso minha mesa quadrada,"['amei', 'produto', 'alem', 'de', 'lindo', 'ficou', 'msravilhoso', 'minha', 'mesa', 'quadrada']",1.0,5,10,10
58384,"BRINCADEIRA QUASE 30 DIAS E NADA, ERA PRESENTE. TIVE Q COMPRAR EM OUTRO LUGAR!","brincadeira quase 30 dias e nada, era presente. tive q comprar em outro lugar!","['brincadeira', 'quase', '30', 'dias', 'nada', 'era', 'presente', 'tive', 'comprar', 'em', 'outro', 'lugar']",0.0,1,10,10
26292,"O prazo de entrega era de 20 dias, já passaram 22 dias e nem sinal da entrega. Absurdo, principalmente pois o frete foi caro.","o prazo de entrega era de 20 dias, ja passaram 22 dias e nem sinal da entrega. absurdo, principalmente pois o frete foi caro.","['prazo', 'de', 'entrega', 'era', 'de', '20', 'dias', 'ja', 'passaram', '22', 'dias', 'nem', 'sinal', 'da', 'entrega', 'absurdo', 'principalmente', 'pois', 'frete', 'foi', 'caro']",0.0,1,10,10
55383,"Excelente produto, recomendo.","excelente produto, recomendo.","['excelente', 'produto', 'recomendo']",1.0,4,10,10
74589,O produto chegou de acordo e tem boa qualidade. A estampa não é igual a foto e sim todo preto com visor transparente.,o produto chegou de acordo e tem boa qualidade. a estampa nao e igual a foto e sim todo preto com visor transparente.,"['produto', 'chegou', 'de', 'acordo', 'tem', 'boa', 'qualidade', 'estampa', 'nao', 'igual', 'foto', 'sim', 'todo', 'preto', 'com', 'visor', 'transparente']",,3,-1,10
77199,"produto foi para assistência dentro da garantia e voltou não funcionando e agora nem as Lojas lannister nem o fabricante me dão retorno, satisfação. A justiça e as redes sociais serão NECESSÁRIOS?","produto foi para assistencia dentro da garantia e voltou nao funcionando e agora nem as lojas lannister nem o fabricante me dao retorno, satisfacao. a justica e as redes sociais serao necessarios?","['produto', 'foi', 'para', 'assistencia', 'dentro', 'da', 'garantia', 'voltou', 'nao', 'funcionando', 'agora', 'nem', 'as', 'lojas', 'lannister', 'nem', 'fabricante', 'me', 'dao', 'retorno', 'satisfacao', 'justica', 'as', 'redes', 'sociais', 'serao', 'necessarios']",0.0,1,10,10
70060,"O produto veio bem embalado, em perfeito estado.
É um pouco complicado de montar.","o produto veio bem embalado, em perfeito estado.
e um pouco complicado de montar.","['produto', 'veio', 'bem', 'embalado', 'em', 'perfeito', 'estado', 'um', 'pouco', 'complicado', 'de', 'montar']",1.0,4,10,10
63909,Fiz a compra do carrinho de bebê do meu filho antecipadamente pensando que chegaria em tempo hábil e me encontro numa situação em que não consigo devolver meu dinheiro e não consigo receber o produto ,fiz a compra do carrinho de bebe do meu filho antecipadamente pensando que chegaria em tempo habil e me encontro numa situacao em que nao consigo devolver meu dinheiro e nao consigo receber o produto ,"['fiz', 'compra', 'do', 'carrinho', 'de', 'bebe', 'do', 'meu', 'filho', 'antecipadamente', 'pensando', 'que', 'chegaria', 'em', 'tempo', 'habil', 'me', 'encontro', 'numa', 'situacao', 'em', 'que', 'nao', 'consigo', 'devolver', 'meu', 'dinheiro', 'nao', 'consigo', 'receber', 'produto']",0.0,1,10,10
13410,"Não é muito agradável pois faz muito barulho qndo nos mexemos na cama,parece q tem um plástico no colchão sem contar q soa não gostei na imagem parece q é tecido qndo chega vê q é plástico.","nao e muito agradavel pois faz muito barulho qndo nos mexemos na cama,parece q tem um plastico no colchao sem contar q soa nao gostei na imagem parece q e tecido qndo chega ve q e plastico.","['nao', 'muito', 'agradavel', 'pois', 'faz', 'muito', 'barulho', 'qndo', 'nos', 'mexemos', 'na', 'cama', 'parece', 'tem', 'um', 'plastico', 'no', 'colchao', 'sem', 'contar', 'soa', 'nao', 'gostei', 'na', 'imagem', 'parece', 'tecido', 'qndo', 'chega', 've', 'plastico']",1.0,5,10,10
97578,"A greve dos caminhoneiros afetou diretamente o serviço de entregas de encomendas, mas estou no aguardo. ","a greve dos caminhoneiros afetou diretamente o servico de entregas de encomendas, mas estou no aguardo. ","['greve', 'dos', 'caminhoneiros', 'afetou', 'diretamente', 'servico', 'de', 'entregas', 'de', 'encomendas', 'mas', 'estou', 'no', 'aguardo']",,3,-1,10
65690,"produto melhor do que eu imagina perfeito, otimo acabamento, super recomendo... a entrega entao foi muito rapida chegou muito antes do que o previsto..","produto melhor do que eu imagina perfeito, otimo acabamento, super recomendo... a entrega entao foi muito rapida chegou muito antes do que o previsto..","['produto', 'melhor', 'do', 'que', 'eu', 'imagina', 'perfeito', 'otimo', 'acabamento', 'super', 'recomendo', 'entrega', 'entao', 'foi', 'muito', 'rapida', 'chegou', 'muito', 'antes', 'do', 'que', 'previsto']",1.0,5,10,10
25070,"Apesar de ter vindo com defeito,fui muito bem atendida e o problema rapidamente solucionado, agradeço imensamente!","apesar de ter vindo com defeito,fui muito bem atendida e o problema rapidamente solucionado, agradeco imensamente!","['apesar', 'de', 'ter', 'vindo', 'com', 'defeito', 'fui', 'muito', 'bem', 'atendida', 'problema', 'rapidamente', 'solucionado', 'agradeco', 'imensamente']",1.0,5,10,10
11270,Pedi 2 cortinas no meu pedido e so veio uma pq??,pedi 2 cortinas no meu pedido e so veio uma pq??,"['pedi', 'cortinas', 'no', 'meu', 'pedido', 'so', 'veio', 'uma', 'pq']",0.0,1,10,10
35542,Das 3 unidades compradas apenas duas foram entreguers,das 3 unidades compradas apenas duas foram entreguers,"['das', 'unidades', 'compradas', 'apenas', 'duas', 'foram', 'entreguers']",0.0,1,10,10
52860,Pedido entregue sem restrições e sem atraso.,pedido entregue sem restricoes e sem atraso.,"['pedido', 'entregue', 'sem', 'restricoes', 'sem', 'atraso']",1.0,5,10,10
48118,Demorou muito tempo para chegar depois do pagamento. Eu acho que pode se optimizar melhor o tempo de entrega.,demorou muito tempo para chegar depois do pagamento. eu acho que pode se optimizar melhor o tempo de entrega.,"['demorou', 'muito', 'tempo', 'para', 'chegar', 'depois', 'do', 'pagamento', 'eu', 'acho', 'que', 'pode', 'se', 'optimizar', 'melhor', 'tempo', 'de', 'entrega']",1.0,4,10,10
77586,"Ola 

Comprei chegou antes do prazo otima produto.obrigado ","ola 

comprei chegou antes do prazo otima produto.obrigado ","['ola', 'comprei', 'chegou', 'antes', 'do', 'prazo', 'otima', 'produto', 'obrigado']",1.0,5,10,10
36916,gosto muito de comprar pela praticidade e fidelidade do cartão com desconto,gosto muito de comprar pela praticidade e fidelidade do cartao com desconto,"['gosto', 'muito', 'de', 'comprar', 'pela', 'praticidade', 'fidelidade', 'do', 'cartao', 'com', 'desconto']",,3,-1,10
51561,"o produto está dentro que eu esperava, a loja continua tendo a minha confiança","o produto esta dentro que eu esperava, a loja continua tendo a minha confianca","['produto', 'esta', 'dentro', 'que', 'eu', 'esperava', 'loja', 'continua', 'tendo', 'minha', 'confianca']",1.0,4,10,10
24694,Recomendo a todos ,recomendo a todos ,"['recomendo', 'todos']",1.0,5,10,10
57656,"Achei bem magrinho. Diferente da foto.
Deixou a desejar. Se soubesse mandaria uma costureira fazer. Sairia melhor e mais em conta.

 O fabricante deveria não poupar no enchimento. Qnt mais cheiomel","achei bem magrinho. diferente da foto.
deixou a desejar. se soubesse mandaria uma costureira fazer. sairia melhor e mais em conta.

 o fabricante deveria nao poupar no enchimento. qnt mais cheiomel","['achei', 'bem', 'magrinho', 'diferente', 'da', 'foto', 'deixou', 'desejar', 'se', 'soubesse', 'mandaria', 'uma', 'costureira', 'fazer', 'sairia', 'melhor', 'mais', 'em', 'conta', 'fabricante', 'deveria', 'nao', 'poupar', 'no', 'enchimento', 'qnt', 'mais', 'cheiomel']",,3,-1,10
12754,Não existe forma de solução do problema. O telefone do SAC é uma piada. Não comprarei mais pelas lannister.com e nem outros sites parceiros do grupo.,nao existe forma de solucao do problema. o telefone do sac e uma piada. nao comprarei mais pelas lannister.com e nem outros sites parceiros do grupo.,"['nao', 'existe', 'forma', 'de', 'solucao', 'do', 'problema', 'telefone', 'do', 'sac', 'uma', 'piada', 'nao', 'comprarei', 'mais', 'pelas', 'lannister', 'com', 'nem', 'outros', 'sites', 'parceiros', 'do', 'grupo']",,3,-1,10
35735,Excelente!!!,excelente!!!,['excelente'],1.0,5,10,10
33767,"hoje fazendo exatos 1 mes da data da cpompra do produto...
e AINDA NÃO CHEGOU NADA.
Qdo compro do Ali express,que vem da china... chega antes do que essa ""maravilha de loja""
decepcionada. :/
LIXO.","hoje fazendo exatos 1 mes da data da cpompra do produto...
e ainda nao chegou nada.
qdo compro do ali express,que vem da china... chega antes do que essa ""maravilha de loja""
decepcionada. :/
lixo.","['hoje', 'fazendo', 'exatos', 'mes', 'da', 'data', 'da', 'cpompra', 'do', 'produto', 'ainda', 'nao', 'chegou', 'nada', 'qdo', 'compro', 'do', 'ali', 'express', 'que', 'vem', 'da', 'china', 'chega', 'antes', 'do', 'que', 'essa', 'maravilha', 'de', 'loja', 'decepcionada', 'lixo']",0.0,1,10,10
46803,"O produto chegou no prazo e em perfeito estado.
Não tive nenhum problema","o produto chegou no prazo e em perfeito estado.
nao tive nenhum problema","['produto', 'chegou', 'no', 'prazo', 'em', 'perfeito', 'estado', 'nao', 'tive', 'nenhum', 'problema']",1.0,5,10,10
70515,O trasporte não foi no endereço serto e eu tive que retira no correio ,o trasporte nao foi no endereco serto e eu tive que retira no correio ,"['trasporte', 'nao', 'foi', 'no', 'endereco', 'serto', 'eu', 'tive', 'que', 'retira', 'no', 'correio']",0.0,2,10,10
22634,Super recomendo .. Entrega super rapida !,super recomendo .. entrega super rapida !,"['super', 'recomendo', 'entrega', 'super', 'rapida']",1.0,5,10,10
40886,"Errei na hora de inserir o endereço, informei o acontecido por antendimento email, e no final recebi o produto no prazo. Uma sugestão seria que funcionalidade de rastreio funcione tmb nos imprevistos.","errei na hora de inserir o endereco, informei o acontecido por antendimento email, e no final recebi o produto no prazo. uma sugestao seria que funcionalidade de rastreio funcione tmb nos imprevistos.","['errei', 'na', 'hora', 'de', 'inserir', 'endereco', 'informei', 'acontecido', 'por', 'antendimento', 'email', 'no', 'final', 'recebi', 'produto', 'no', 'prazo', 'uma', 'sugestao', 'seria', 'que', 'funcionalidade', 'de', 'rastreio', 'funcione', 'tmb', 'nos', 'imprevistos']",1.0,4,10,10
49410,Quadros excelentes com ótimo acabamento.. satisfeita,quadros excelentes com otimo acabamento.. satisfeita,"['quadros', 'excelentes', 'com', 'otimo', 'acabamento', 'satisfeita']",1.0,5,10,10
21244,Muito bom produto chegou no prazo.recomendo,muito bom produto chegou no prazo.recomendo,"['muito', 'bom', 'produto', 'chegou', 'no', 'prazo', 'recomendo']",1.0,5,10,10
65288,Loja muito rápida. Porduto exatamente conforme anúncio. ,loja muito rapida. porduto exatamente conforme anuncio. ,"['loja', 'muito', 'rapida', 'porduto', 'exatamente', 'conforme', 'anuncio']",1.0,5,10,10
45093,Comprei dois produtos e recebi um. Insatisfeita com a compra. Nunca aconteceu isso comigo.,comprei dois produtos e recebi um. insatisfeita com a compra. nunca aconteceu isso comigo.,"['comprei', 'dois', 'produtos', 'recebi', 'um', 'insatisfeita', 'com', 'compra', 'nunca', 'aconteceu', 'isso', 'comigo']",0.0,1,10,10
53489,"Muito bonita, acabamento bem feito, tecido simples , porém muito bonito ","muito bonita, acabamento bem feito, tecido simples , porem muito bonito ","['muito', 'bonita', 'acabamento', 'bem', 'feito', 'tecido', 'simples', 'porem', 'muito', 'bonito']",1.0,5,10,10
39666,Bom produto.,bom produto.,"['bom', 'produto']",1.0,5,10,10
31826,Excelente,excelente,['excelente'],1.0,5,10,10
10098,Responsável ,responsavel ,['responsavel'],1.0,5,10,10
20399,"O produto deixa a desejar... tem o aspecto bem Paraguai... recebi na data, todo em ordem, mas ele não é bem acabado como imaginei! Esperei mt do produto, e ele não era o que eu esperava! ","o produto deixa a desejar... tem o aspecto bem paraguai... recebi na data, todo em ordem, mas ele nao e bem acabado como imaginei! esperei mt do produto, e ele nao era o que eu esperava! ","['produto', 'deixa', 'desejar', 'tem', 'aspecto', 'bem', 'paraguai', 'recebi', 'na', 'data', 'todo', 'em', 'ordem', 'mas', 'ele', 'nao', 'bem', 'acabado', 'como', 'imaginei', 'esperei', 'mt', 'do', 'produto', 'ele', 'nao', 'era', 'que', 'eu', 'esperava']",,3,-1,10
67037,Ótimo vendedor e produto recomendo a todos do das lojas lannister 😄😄😄,otimo vendedor e produto recomendo a todos do das lojas lannister 😄😄😄,"['otimo', 'vendedor', 'produto', 'recomendo', 'todos', 'do', 'das', 'lojas', 'lannister']",1.0,5,10,10
50450,Excelente!,excelente!,['excelente'],1.0,5,10,10
91417,"Produtos entregue antes da data, Recomendo.","produtos entregue antes da data, recomendo.","['produtos', 'entregue', 'antes', 'da', 'data', 'recomendo']",1.0,5,10,10
32639,"Na imagem é Cola Premium Black de 10ml e foi entregue Cola Elite Glue Black de 05ml. Compro muito no site das lannister e essa foi a 1a vez que me senti lesada, enganada. ","na imagem e cola premium black de 10ml e foi entregue cola elite glue black de 05ml. compro muito no site das lannister e essa foi a 1a vez que me senti lesada, enganada. ","['na', 'imagem', 'cola', 'premium', 'black', 'de', '10ml', 'foi', 'entregue', 'cola', 'elite', 'glue', 'black', 'de', '05ml', 'compro', 'muito', 'no', 'site', 'das', 'lannister', 'essa', 'foi', '1a', 'vez', 'que', 'me', 'senti', 'lesada', 'enganada']",0.0,2,10,10
99294,"Sempre que eu precisar comprarei nesta loja.

","sempre que eu precisar comprarei nesta loja.

","['sempre', 'que', 'eu', 'precisar', 'comprarei', 'nesta', 'loja']",1.0,4,10,10
86153,"loja seria competente produto maravilhoso entrega antes do prazo tudo ok minha loja preferida parabens 
","loja seria competente produto maravilhoso entrega antes do prazo tudo ok minha loja preferida parabens 
","['loja', 'seria', 'competente', 'produto', 'maravilhoso', 'entrega', 'antes', 'do', 'prazo', 'tudo', 'ok', 'minha', 'loja', 'preferida', 'parabens']",1.0,5,10,10
67014,Meu produto veio faltando peça o que o impossibilita de usá-lo. Como faço pra entrar em contato com o vendedor. Quero um produto novo ou o meu dinheiro de volta...,meu produto veio faltando peca o que o impossibilita de usa-lo. como faco pra entrar em contato com o vendedor. quero um produto novo ou o meu dinheiro de volta...,"['meu', 'produto', 'veio', 'faltando', 'peca', 'que', 'impossibilita', 'de', 'usa', 'lo', 'como', 'faco', 'pra', 'entrar', 'em', 'contato', 'com', 'vendedor', 'quero', 'um', 'produto', 'novo', 'ou', 'meu', 'dinheiro', 'de', 'volta']",0.0,1,10,10
72150,Alojas lannister mantem parceiros que não agem como ela pois comprei 04 colchas de casal chenille e a empresa parceira só me encaminhou uma e nem o codigo de rastreamento das demais foi encaminhado .,alojas lannister mantem parceiros que nao agem como ela pois comprei 04 colchas de casal chenille e a empresa parceira so me encaminhou uma e nem o codigo de rastreamento das demais foi encaminhado .,"['alojas', 'lannister', 'mantem', 'parceiros', 'que', 'nao', 'agem', 'como', 'ela', 'pois', 'comprei', '04', 'colchas', 'de', 'casal', 'chenille', 'empresa', 'parceira', 'so', 'me', 'encaminhou', 'uma', 'nem', 'codigo', 'de', 'rastreamento', 'das', 'demais', 'foi', 'encaminhado']",0.0,2,10,10
40968,a mercadoria foi entregue de acordo com as condiçoes estabelecidas. Portanto estou muito satisfeito.,a mercadoria foi entregue de acordo com as condicoes estabelecidas. portanto estou muito satisfeito.,"['mercadoria', 'foi', 'entregue', 'de', 'acordo', 'com', 'as', 'condicoes', 'estabelecidas', 'portanto', 'estou', 'muito', 'satisfeito']",1.0,5,10,10
72577,Tudo conforme previsto.,tudo conforme previsto.,"['tudo', 'conforme', 'previsto']",1.0,5,10,10
770,Estou muito satisfeita chegou antes do prazo super recomendo ,estou muito satisfeita chegou antes do prazo super recomendo ,"['estou', 'muito', 'satisfeita', 'chegou', 'antes', 'do', 'prazo', 'super', 'recomendo']",1.0,5,10,10
32200,fui atendido satisfatorio,fui atendido satisfatorio,"['fui', 'atendido', 'satisfatorio']",1.0,5,10,10
24651,O creme estava derramando. Sensação de produto velho. ,o creme estava derramando. sensacao de produto velho. ,"['creme', 'estava', 'derramando', 'sensacao', 'de', 'produto', 'velho']",,3,-1,10
5620,"Srs , gostaria de registrar minha insatisfação . Fiquei aguardando ,paguei frete p o produto ser entregu no meu endereço, tive que me deslocar do meu trabalho mais cedo para retirar no correio.","srs , gostaria de registrar minha insatisfacao . fiquei aguardando ,paguei frete p o produto ser entregu no meu endereco, tive que me deslocar do meu trabalho mais cedo para retirar no correio.","['srs', 'gostaria', 'de', 'registrar', 'minha', 'insatisfacao', 'fiquei', 'aguardando', 'paguei', 'frete', 'produto', 'ser', 'entregu', 'no', 'meu', 'endereco', 'tive', 'que', 'me', 'deslocar', 'do', 'meu', 'trabalho', 'mais', 'cedo', 'para', 'retirar', 'no', 'correio']",0.0,1,10,10
24128,Excelente,excelente,['excelente'],1.0,5,10,10
5535,Chigling,chigling,['chigling'],,3,-1,10
16687,"Vanguarda no trabalho, continuar dessa forma ","vanguarda no trabalho, continuar dessa forma ","['vanguarda', 'no', 'trabalho', 'continuar', 'dessa', 'forma']",1.0,5,10,10
74370,Péssima qualidade. Tamanho e brilho irregular. Parece bijuteria de segunda linha. Nem vou ter coragem de dar de presente.,pessima qualidade. tamanho e brilho irregular. parece bijuteria de segunda linha. nem vou ter coragem de dar de presente.,"['pessima', 'qualidade', 'tamanho', 'brilho', 'irregular', 'parece', 'bijuteria', 'de', 'segunda', 'linha', 'nem', 'vou', 'ter', 'coragem', 'de', 'dar', 'de', 'presente']",0.0,2,10,10
84182,"Chegou antes do prazo , bem rápido . Super recomendo .","chegou antes do prazo , bem rapido . super recomendo .","['chegou', 'antes', 'do', 'prazo', 'bem', 'rapido', 'super', 'recomendo']",1.0,4,10,10
62357,do produto 60xl preto foi entregue só 02 unidades e eu adquiri 03 unidades,do produto 60xl preto foi entregue so 02 unidades e eu adquiri 03 unidades,"['do', 'produto', '60xl', 'preto', 'foi', 'entregue', 'so', '02', 'unidades', 'eu', 'adquiri', '03', 'unidades']",0.0,1,10,10
44472,ainda não recebi o produto. ninguém entrou em contato. NÃo recomendo a ninguém . sou cliente baratheon mt tempo primeira vez que acontece essa situação. ,ainda nao recebi o produto. ninguem entrou em contato. nao recomendo a ninguem . sou cliente baratheon mt tempo primeira vez que acontece essa situacao. ,"['ainda', 'nao', 'recebi', 'produto', 'ninguem', 'entrou', 'em', 'contato', 'nao', 'recomendo', 'ninguem', 'sou', 'cliente', 'baratheon', 'mt', 'tempo', 'primeira', 'vez', 'que', 'acontece', 'essa', 'situacao']",0.0,1,10,10
87843,"Lindaaa veio tudo certinho, no prazo, recomendo . ","lindaaa veio tudo certinho, no prazo, recomendo . ","['lindaaa', 'veio', 'tudo', 'certinho', 'no', 'prazo', 'recomendo']",1.0,5,10,10
12707,excelente,excelente,['excelente'],1.0,5,10,10
65616,O SAC é uma porcaria ,o sac e uma porcaria ,"['sac', 'uma', 'porcaria']",0.0,2,10,10
54056,Parabéns ,parabens ,['parabens'],1.0,5,10,10
7061,Por favor preciso que resolva meu problema pq gosto muito dessa loja mais meu pedido veio errado,por favor preciso que resolva meu problema pq gosto muito dessa loja mais meu pedido veio errado,"['por', 'favor', 'preciso', 'que', 'resolva', 'meu', 'problema', 'pq', 'gosto', 'muito', 'dessa', 'loja', 'mais', 'meu', 'pedido', 'veio', 'errado']",1.0,4,10,10
93910,"Chegou na data certa, produto muito bom.","chegou na data certa, produto muito bom.","['chegou', 'na', 'data', 'certa', 'produto', 'muito', 'bom']",1.0,5,10,10
24990,Produto bom ,produto bom ,"['produto', 'bom']",1.0,5,10,10
85684,Dá pra uma pessoa só. bem quentinho e macio. amei.,da pra uma pessoa so. bem quentinho e macio. amei.,"['da', 'pra', 'uma', 'pessoa', 'so', 'bem', 'quentinho', 'macio', 'amei']",1.0,4,10,10
78056,otimo produto muito bom veio tudo certinho chegou antes do prazo previsto... Parabéns Lojas lannister...,otimo produto muito bom veio tudo certinho chegou antes do prazo previsto... parabens lojas lannister...,"['otimo', 'produto', 'muito', 'bom', 'veio', 'tudo', 'certinho', 'chegou', 'antes', 'do', 'prazo', 'previsto', 'parabens', 'lojas', 'lannister']",1.0,5,10,10
82901,"Nas tem zíper pra tirar lavar....chegaram bem sujas ,caixa rasgada...
","nas tem ziper pra tirar lavar....chegaram bem sujas ,caixa rasgada...
","['nas', 'tem', 'ziper', 'pra', 'tirar', 'lavar', 'chegaram', 'bem', 'sujas', 'caixa', 'rasgada']",0.0,1,10,10
97992,Super rápido a entrega e em ótima consevação,super rapido a entrega e em otima consevacao,"['super', 'rapido', 'entrega', 'em', 'otima', 'consevacao']",1.0,5,10,10
80938,entrega correta,entrega correta,"['entrega', 'correta']",1.0,5,10,10
50600,"ficou faltando o das dez toalhas..a de cinco foi entregue..estou aguardando retorno,,","ficou faltando o das dez toalhas..a de cinco foi entregue..estou aguardando retorno,,","['ficou', 'faltando', 'das', 'dez', 'toalhas', 'de', 'cinco', 'foi', 'entregue', 'estou', 'aguardando', 'retorno']",,3,-1,10
32676,Além do produto ser de excelente qualidade a loja teve toda preocupação em me atender bem e me informar sobre a cor do produto! Isso é um grande diferencial no mercado hj em dia! Estão de parabéns!,alem do produto ser de excelente qualidade a loja teve toda preocupacao em me atender bem e me informar sobre a cor do produto! isso e um grande diferencial no mercado hj em dia! estao de parabens!,"['alem', 'do', 'produto', 'ser', 'de', 'excelente', 'qualidade', 'loja', 'teve', 'toda', 'preocupacao', 'em', 'me', 'atender', 'bem', 'me', 'informar', 'sobre', 'cor', 'do', 'produto', 'isso', 'um', 'grande', 'diferencial', 'no', 'mercado', 'hj', 'em', 'dia', 'estao', 'de', 'parabens']",1.0,5,10,10
14245,Comprei um controle remote Philco. E recebi na minha residência um controle remoto Phillips. ,comprei um controle remote philco. e recebi na minha residencia um controle remoto phillips. ,"['comprei', 'um', 'controle', 'remote', 'philco', 'recebi', 'na', 'minha', 'residencia', 'um', 'controle', 'remoto', 'phillips']",0.0,1,10,10
62232,"O produto chegou até antes do previsto, pena que já quebrou no mesmo dia em que comprei,
Péssima qualidade!!!!!!","o produto chegou ate antes do previsto, pena que ja quebrou no mesmo dia em que comprei,
pessima qualidade!!!!!!","['produto', 'chegou', 'ate', 'antes', 'do', 'previsto', 'pena', 'que', 'ja', 'quebrou', 'no', 'mesmo', 'dia', 'em', 'que', 'comprei', 'pessima', 'qualidade']",1.0,5,10,10
26502,"sempre recebo produtos adquiridos nessa empresa por transportadora,e é sempre muito rápido, porém, quando enviam pelos correios , é mais demorado e corre o risco de termos que retirar.","sempre recebo produtos adquiridos nessa empresa por transportadora,e e sempre muito rapido, porem, quando enviam pelos correios , e mais demorado e corre o risco de termos que retirar.","['sempre', 'recebo', 'produtos', 'adquiridos', 'nessa', 'empresa', 'por', 'transportadora', 'sempre', 'muito', 'rapido', 'porem', 'quando', 'enviam', 'pelos', 'correios', 'mais', 'demorado', 'corre', 'risco', 'de', 'termos', 'que', 'retirar']",1.0,4,10,10
67502,Chegou antes do prazo!!,chegou antes do prazo!!,"['chegou', 'antes', 'do', 'prazo']",1.0,4,10,10
63129,Muito rápido e seguro !! Produto bem embalado rastreado ... muito bom !!,muito rapido e seguro !! produto bem embalado rastreado ... muito bom !!,"['muito', 'rapido', 'seguro', 'produto', 'bem', 'embalado', 'rastreado', 'muito', 'bom']",1.0,5,10,10
15111,"Recebi o produto antes do prazo, ok. Porem o produto veio cheio de avarias, arranhões em várias partes, descascado, e a parte de encaixar não encaixava, enfim, acabei de solicitar a devolução.","recebi o produto antes do prazo, ok. porem o produto veio cheio de avarias, arranhoes em varias partes, descascado, e a parte de encaixar nao encaixava, enfim, acabei de solicitar a devolucao.","['recebi', 'produto', 'antes', 'do', 'prazo', 'ok', 'porem', 'produto', 'veio', 'cheio', 'de', 'avarias', 'arranhoes', 'em', 'varias', 'partes', 'descascado', 'parte', 'de', 'encaixar', 'nao', 'encaixava', 'enfim', 'acabei', 'de', 'solicitar', 'devolucao']",0.0,1,10,10
8747,simplesmente entregaram nos correios para eu ir retirar e nem me informaram disso. resultado? o produto foi devolvido para a loja. CANCELEI!,simplesmente entregaram nos correios para eu ir retirar e nem me informaram disso. resultado? o produto foi devolvido para a loja. cancelei!,"['simplesmente', 'entregaram', 'nos', 'correios', 'para', 'eu', 'ir', 'retirar', 'nem', 'me', 'informaram', 'disso', 'resultado', 'produto', 'foi', 'devolvido', 'para', 'loja', 'cancelei']",0.0,1,10,10
10113,Tudo de bom amoo vocês minhas compras de Natal só com vocês obrigada bjbj feliz natal a toda equipe bjbjbj ..,tudo de bom amoo voces minhas compras de natal so com voces obrigada bjbj feliz natal a toda equipe bjbjbj ..,"['tudo', 'de', 'bom', 'amoo', 'voces', 'minhas', 'compras', 'de', 'natal', 'so', 'com', 'voces', 'obrigada', 'bjbj', 'feliz', 'natal', 'toda', 'equipe', 'bjbjbj']",1.0,5,10,10
50247,"produto de boa qualidade;somente dois fatores contra.1 o suporte para a base do bolo fica solto,corre o risco do bolo cair.2 alguns cortes de encaixe são finos demais,quase quebrei ao montar.","produto de boa qualidade;somente dois fatores contra.1 o suporte para a base do bolo fica solto,corre o risco do bolo cair.2 alguns cortes de encaixe sao finos demais,quase quebrei ao montar.","['produto', 'de', 'boa', 'qualidade', 'somente', 'dois', 'fatores', 'contra', 'suporte', 'para', 'base', 'do', 'bolo', 'fica', 'solto', 'corre', 'risco', 'do', 'bolo', 'cair', 'alguns', 'cortes', 'de', 'encaixe', 'sao', 'finos', 'demais', 'quase', 'quebrei', 'ao', 'montar']",1.0,4,10,10
30305,Ótimo produto.,otimo produto.,"['otimo', 'produto']",1.0,5,10,10
77446,O produto chegou muito antes do prazo estabelecido. Recomendo a loja.,o produto chegou muito antes do prazo estabelecido. recomendo a loja.,"['produto', 'chegou', 'muito', 'antes', 'do', 'prazo', 'estabelecido', 'recomendo', 'loja']",1.0,5,10,10
29248,"Produto de ótima qualidade, linda exatamente como na foto. Ficou perfeita. Amei. Recomendo a todos","produto de otima qualidade, linda exatamente como na foto. ficou perfeita. amei. recomendo a todos","['produto', 'de', 'otima', 'qualidade', 'linda', 'exatamente', 'como', 'na', 'foto', 'ficou', 'perfeita', 'amei', 'recomendo', 'todos']",1.0,5,10,10
83732,Excelente produto.,excelente produto.,"['excelente', 'produto']",1.0,5,10,10
199,Ainda não tive a oportunidade de testar,ainda nao tive a oportunidade de testar,"['ainda', 'nao', 'tive', 'oportunidade', 'de', 'testar']",1.0,5,10,10
69089,Estou satisfeita ,estou satisfeita ,"['estou', 'satisfeita']",1.0,4,10,10
99682,O produto veio com furos errado para montagem. Infelizmente a cadeira não vai durar 3 meses de uso. Não compro mais produtos para montar na internet mais.,o produto veio com furos errado para montagem. infelizmente a cadeira nao vai durar 3 meses de uso. nao compro mais produtos para montar na internet mais.,"['produto', 'veio', 'com', 'furos', 'errado', 'para', 'montagem', 'infelizmente', 'cadeira', 'nao', 'vai', 'durar', 'meses', 'de', 'uso', 'nao', 'compro', 'mais', 'produtos', 'para', 'montar', 'na', 'internet', 'mais']",0.0,1,10,10
2018,Otima loja,otima loja,"['otima', 'loja']",1.0,5,10,10
91079,"Eu ainda não montei as araras, mas aparentemente, são muito boas. Elas são enormes. Eu achei que vale muito à pena. ","eu ainda nao montei as araras, mas aparentemente, sao muito boas. elas sao enormes. eu achei que vale muito a pena. ","['eu', 'ainda', 'nao', 'montei', 'as', 'araras', 'mas', 'aparentemente', 'sao', 'muito', 'boas', 'elas', 'sao', 'enormes', 'eu', 'achei', 'que', 'vale', 'muito', 'pena']",1.0,5,10,10
13837,Achei um pouco menor do q o esperado mas quanto ao vendedor tudo ok,achei um pouco menor do q o esperado mas quanto ao vendedor tudo ok,"['achei', 'um', 'pouco', 'menor', 'do', 'esperado', 'mas', 'quanto', 'ao', 'vendedor', 'tudo', 'ok']",1.0,5,10,10
86444,Comprei outros produtos e não tive problemas acredito que foi a falta do produto no estoque,comprei outros produtos e nao tive problemas acredito que foi a falta do produto no estoque,"['comprei', 'outros', 'produtos', 'nao', 'tive', 'problemas', 'acredito', 'que', 'foi', 'falta', 'do', 'produto', 'no', 'estoque']",0.0,2,10,10
49992,Sou cliente. Recomendo.,sou cliente. recomendo.,"['sou', 'cliente', 'recomendo']",1.0,5,10,10
41025,Recebi o produto incompleto!! Realizei a compra de.2 portas-retratos e no entanto só veio 1 porta retrato no pacote. Estou tentando entrar em contato com lannister . com e não consigo resolver.,recebi o produto incompleto!! realizei a compra de.2 portas-retratos e no entanto so veio 1 porta retrato no pacote. estou tentando entrar em contato com lannister . com e nao consigo resolver.,"['recebi', 'produto', 'incompleto', 'realizei', 'compra', 'de', 'portas', 'retratos', 'no', 'entanto', 'so', 'veio', 'porta', 'retrato', 'no', 'pacote', 'estou', 'tentando', 'entrar', 'em', 'contato', 'com', 'lannister', 'com', 'nao', 'consigo', 'resolver']",0.0,1,10,10
64175,Até o momento não foi entregue.,ate o momento nao foi entregue.,"['ate', 'momento', 'nao', 'foi', 'entregue']",0.0,1,10,10
57851,Entregue muito antes do combinado. ,entregue muito antes do combinado. ,"['entregue', 'muito', 'antes', 'do', 'combinado']",1.0,5,10,10
90651,Produto diferente da foto. ,produto diferente da foto. ,"['produto', 'diferente', 'da', 'foto']",0.0,1,10,10
5021,Entrega antes do prazo. Muito bom,entrega antes do prazo. muito bom,"['entrega', 'antes', 'do', 'prazo', 'muito', 'bom']",1.0,5,10,10
73107,Gostei fácil de usar super leve.,gostei facil de usar super leve.,"['gostei', 'facil', 'de', 'usar', 'super', 'leve']",1.0,5,10,10
31311,"Ainda não consegui montar a cadeira, estou aguardando conseguir alguém para montar. Fora isso, está tudo certo, o produto chegou no prazo. ","ainda nao consegui montar a cadeira, estou aguardando conseguir alguem para montar. fora isso, esta tudo certo, o produto chegou no prazo. ","['ainda', 'nao', 'consegui', 'montar', 'cadeira', 'estou', 'aguardando', 'conseguir', 'alguem', 'para', 'montar', 'fora', 'isso', 'esta', 'tudo', 'certo', 'produto', 'chegou', 'no', 'prazo']",,3,-1,10
62295,Gostei do atendimento porém recebi apenas uma unidade das duas compradas aguardo solução do problema obrigado,gostei do atendimento porem recebi apenas uma unidade das duas compradas aguardo solucao do problema obrigado,"['gostei', 'do', 'atendimento', 'porem', 'recebi', 'apenas', 'uma', 'unidade', 'das', 'duas', 'compradas', 'aguardo', 'solucao', 'do', 'problema', 'obrigado']",,3,-1,10
18149," Estou muito satisfeita com a compra e entrega nota 10."," estou muito satisfeita com a compra e entrega nota 10.","['estou', 'muito', 'satisfeita', 'com', 'compra', 'entrega', 'nota', '10']",1.0,5,10,10
69102,"O produto chegou dentro do prazo, bem embalado, 
A descrição não era muito clara e detalhada, então fiquei contente em perceber que o produto era mais legal do que eu tinha imaginado que seria.","o produto chegou dentro do prazo, bem embalado, 
a descricao nao era muito clara e detalhada, entao fiquei contente em perceber que o produto era mais legal do que eu tinha imaginado que seria.","['produto', 'chegou', 'dentro', 'do', 'prazo', 'bem', 'embalado', 'descricao', 'nao', 'era', 'muito', 'clara', 'detalhada', 'entao', 'fiquei', 'contente', 'em', 'perceber', 'que', 'produto', 'era', 'mais', 'legal', 'do', 'que', 'eu', 'tinha', 'imaginado', 'que', 'seria']",1.0,4,10,10
1956,O produto chegou no prazo e em perfeitas condições!,o produto chegou no prazo e em perfeitas condicoes!,"['produto', 'chegou', 'no', 'prazo', 'em', 'perfeitas', 'condicoes']",1.0,4,10,10
2169,Muito bom,muito bom,"['muito', 'bom']",1.0,5,10,10
34864,Dentro das expectativas,dentro das expectativas,"['dentro', 'das', 'expectativas']",,3,-1,10
45869,"A entrega foi muito rápido, quanto a cortina e boa gostei muito recomendo.","a entrega foi muito rapido, quanto a cortina e boa gostei muito recomendo.","['entrega', 'foi', 'muito', 'rapido', 'quanto', 'cortina', 'boa', 'gostei', 'muito', 'recomendo']",1.0,5,10,10
95171,"Recebi anteontem um unico pacote de pregadores (10 unidades), veio embrulhado, e naquela embalagem não caberia 2 pacotes de pregadores (total de 20 unidades). Vou fazer a reclamação às lannister.","recebi anteontem um unico pacote de pregadores (10 unidades), veio embrulhado, e naquela embalagem nao caberia 2 pacotes de pregadores (total de 20 unidades). vou fazer a reclamacao as lannister.","['recebi', 'anteontem', 'um', 'unico', 'pacote', 'de', 'pregadores', '10', 'unidades', 'veio', 'embrulhado', 'naquela', 'embalagem', 'nao', 'caberia', 'pacotes', 'de', 'pregadores', 'total', 'de', '20', 'unidades', 'vou', 'fazer', 'reclamacao', 'as', 'lannister']",0.0,1,10,10
90279,"Excelente qualidade dos adesivos, entrega super rápida! 
Recomendo para quem deseja deixar o quarto dos filhotes mais divertido e colorido!","excelente qualidade dos adesivos, entrega super rapida! 
recomendo para quem deseja deixar o quarto dos filhotes mais divertido e colorido!","['excelente', 'qualidade', 'dos', 'adesivos', 'entrega', 'super', 'rapida', 'recomendo', 'para', 'quem', 'deseja', 'deixar', 'quarto', 'dos', 'filhotes', 'mais', 'divertido', 'colorido']",1.0,5,10,10
9470,Entregou antes do prazo,entregou antes do prazo,"['entregou', 'antes', 'do', 'prazo']",1.0,5,10,10
49935,Muito bom,muito bom,"['muito', 'bom']",1.0,5,10,10
51772,"O site stark dificilmente atrasa sua entregas, por esta razão será sempre recomendado por mim.","o site stark dificilmente atrasa sua entregas, por esta razao sera sempre recomendado por mim.","['site', 'stark', 'dificilmente', 'atrasa', 'sua', 'entregas', 'por', 'esta', 'razao', 'sera', 'sempre', 'recomendado', 'por', 'mim']",1.0,5,10,10
21295,Boa loja recomendável ,boa loja recomendavel ,"['boa', 'loja', 'recomendavel']",1.0,5,10,10
93684,'entrega feita dentro do prazo,'entrega feita dentro do prazo,"['entrega', 'feita', 'dentro', 'do', 'prazo']",1.0,5,10,10
53587,"recebi o produto porém não foi o que eu comprei.
Comprei 400g e só recebi 200g
reclamaçao protocolo 2517060176661","recebi o produto porem nao foi o que eu comprei.
comprei 400g e so recebi 200g
reclamacao protocolo 2517060176661","['recebi', 'produto', 'porem', 'nao', 'foi', 'que', 'eu', 'comprei', 'comprei', '400g', 'so', 'recebi', '200g', 'reclamacao', 'protocolo', '2517060176661']",0.0,1,10,10
71417,"Solicitei e paguei por 2 toner, recebi somente 1. Quero o toner ou o valor pago a mais!","solicitei e paguei por 2 toner, recebi somente 1. quero o toner ou o valor pago a mais!","['solicitei', 'paguei', 'por', 'toner', 'recebi', 'somente', 'quero', 'toner', 'ou', 'valor', 'pago', 'mais']",0.0,2,10,10
5948,Me entregaram so uma prateleira... E eu paguei por tres!!! Liguei parw reclamar e ate agora nada...,me entregaram so uma prateleira... e eu paguei por tres!!! liguei parw reclamar e ate agora nada...,"['me', 'entregaram', 'so', 'uma', 'prateleira', 'eu', 'paguei', 'por', 'tres', 'liguei', 'parw', 'reclamar', 'ate', 'agora', 'nada']",0.0,1,10,10
9865,ok,ok,['ok'],1.0,4,10,10
31212,"Tapete é fino, mas bonito","tapete e fino, mas bonito","['tapete', 'fino', 'mas', 'bonito']",1.0,4,10,10
77812,"Comprei um carregador veicular da Belkin, porém, ao ligar no veiculo pela primeira vez queimou o carregador e a tomada do veículo. ","comprei um carregador veicular da belkin, porem, ao ligar no veiculo pela primeira vez queimou o carregador e a tomada do veiculo. ","['comprei', 'um', 'carregador', 'veicular', 'da', 'belkin', 'porem', 'ao', 'ligar', 'no', 'veiculo', 'pela', 'primeira', 'vez', 'queimou', 'carregador', 'tomada', 'do', 'veiculo']",0.0,1,10,10
78925,"Não foi enviado o pedido completo, somente uma parte ","nao foi enviado o pedido completo, somente uma parte ","['nao', 'foi', 'enviado', 'pedido', 'completo', 'somente', 'uma', 'parte']",0.0,1,10,10
83742,"Sou praticante de patins inline vertical. Sempre fui fã da marca.
O produto é robusto com acabamento excelente e design moderno e Bonito.
Ps: recebi totalmente configurado pronto para o uso.. Obriga","sou praticante de patins inline vertical. sempre fui fa da marca.
o produto e robusto com acabamento excelente e design moderno e bonito.
ps: recebi totalmente configurado pronto para o uso.. obriga","['sou', 'praticante', 'de', 'patins', 'inline', 'vertical', 'sempre', 'fui', 'fa', 'da', 'marca', 'produto', 'robusto', 'com', 'acabamento', 'excelente', 'design', 'moderno', 'bonito', 'ps', 'recebi', 'totalmente', 'configurado', 'pronto', 'para', 'uso', 'obriga']",1.0,5,10,10
86770,Recebi em 5 dias e achei a cortina bem bonita. Recomendo. ,recebi em 5 dias e achei a cortina bem bonita. recomendo. ,"['recebi', 'em', 'dias', 'achei', 'cortina', 'bem', 'bonita', 'recomendo']",1.0,5,10,10
55128,"Por favor, peço que chequem o porque do produto não ter sido entregue.","por favor, peco que chequem o porque do produto nao ter sido entregue.","['por', 'favor', 'peco', 'que', 'chequem', 'porque', 'do', 'produto', 'nao', 'ter', 'sido', 'entregue']",0.0,1,10,10
15326,"Produto original, entrega rápida e bom preço!!!","produto original, entrega rapida e bom preco!!!","['produto', 'original', 'entrega', 'rapida', 'bom', 'preco']",1.0,5,10,10
29978,Muito bem atendido,muito bem atendido,"['muito', 'bem', 'atendido']",1.0,5,10,10
74393,Comprarei outras vezes,comprarei outras vezes,"['comprarei', 'outras', 'vezes']",1.0,5,10,10
70789,"Excelente produto, recomendo a todos","excelente produto, recomendo a todos","['excelente', 'produto', 'recomendo', 'todos']",1.0,5,10,10
42823,Nunca comprei um produto na americana q demorasse tanto!,nunca comprei um produto na americana q demorasse tanto!,"['nunca', 'comprei', 'um', 'produto', 'na', 'americana', 'demorasse', 'tanto']",0.0,1,10,10
7527,"Belezinha 
Recomendo","belezinha 
recomendo","['belezinha', 'recomendo']",1.0,5,10,10
852,Não recebi o jogo na cor tabaco. Só o vermelho. ,nao recebi o jogo na cor tabaco. so o vermelho. ,"['nao', 'recebi', 'jogo', 'na', 'cor', 'tabaco', 'so', 'vermelho']",0.0,1,10,10
16021,Recebido no prazo. Produto como anunciado.,recebido no prazo. produto como anunciado.,"['recebido', 'no', 'prazo', 'produto', 'como', 'anunciado']",1.0,5,10,10
49844,Ótimo produto é boa qualidade.... indico para todos comprar hein,otimo produto e boa qualidade.... indico para todos comprar hein,"['otimo', 'produto', 'boa', 'qualidade', 'indico', 'para', 'todos', 'comprar', 'hein']",1.0,5,10,10
98134,otimo,otimo,['otimo'],1.0,5,10,10
42383,"Ainda não recebi o produto, ia mandar mensagem hoje mesmo para saber o que aconteceu, apesar do atraso sempre recebi em dias meus produtos, esse foi o 1° por isso ainda recomendo. ","ainda nao recebi o produto, ia mandar mensagem hoje mesmo para saber o que aconteceu, apesar do atraso sempre recebi em dias meus produtos, esse foi o 1° por isso ainda recomendo. ","['ainda', 'nao', 'recebi', 'produto', 'ia', 'mandar', 'mensagem', 'hoje', 'mesmo', 'para', 'saber', 'que', 'aconteceu', 'apesar', 'do', 'atraso', 'sempre', 'recebi', 'em', 'dias', 'meus', 'produtos', 'esse', 'foi', 'por', 'isso', 'ainda', 'recomendo']",0.0,1,10,10
54781,Vou precisar trocar o produto porque a cor da lâmpada está errada.,vou precisar trocar o produto porque a cor da lampada esta errada.,"['vou', 'precisar', 'trocar', 'produto', 'porque', 'cor', 'da', 'lampada', 'esta', 'errada']",0.0,2,10,10
9181,Muito satisfeita. Entrega muito rápida,muito satisfeita. entrega muito rapida,"['muito', 'satisfeita', 'entrega', 'muito', 'rapida']",1.0,5,10,10
9938,"Sempre compro na stark e as entregas sempre são na data prevista, as vezes ate chega antes","sempre compro na stark e as entregas sempre sao na data prevista, as vezes ate chega antes","['sempre', 'compro', 'na', 'stark', 'as', 'entregas', 'sempre', 'sao', 'na', 'data', 'prevista', 'as', 'vezes', 'ate', 'chega', 'antes']",1.0,5,10,10
3361,"Decepcionado, espelho de baixa qualidade","decepcionado, espelho de baixa qualidade","['decepcionado', 'espelho', 'de', 'baixa', 'qualidade']",0.0,2,10,10
86156,Entregouno prazo. Reco.endo,entregouno prazo. reco.endo,"['entregouno', 'prazo', 'reco', 'endo']",1.0,5,10,10
45493,Poderia ter chegado antes!!!!,poderia ter chegado antes!!!!,"['poderia', 'ter', 'chegado', 'antes']",,3,-1,10
28314,produto foi entregue no prazo e perfeito. nota 08,produto foi entregue no prazo e perfeito. nota 08,"['produto', 'foi', 'entregue', 'no', 'prazo', 'perfeito', 'nota', '08']",1.0,4,10,10
88683,Eu sastifeita com meu produto. Recibi corretamente. Antes do prazo. ,eu sastifeita com meu produto. recibi corretamente. antes do prazo. ,"['eu', 'sastifeita', 'com', 'meu', 'produto', 'recibi', 'corretamente', 'antes', 'do', 'prazo']",1.0,4,10,10
64978,Entrega rápido,entrega rapido,"['entrega', 'rapido']",1.0,5,10,10
33991,"Recebi na mesma semana da compra, muito rápido. Recomendo a stark e a parceira, excelentes, agora é aguardar o instalador para ver se está tudo ok com os equipamentos, obrigado.","recebi na mesma semana da compra, muito rapido. recomendo a stark e a parceira, excelentes, agora e aguardar o instalador para ver se esta tudo ok com os equipamentos, obrigado.","['recebi', 'na', 'mesma', 'semana', 'da', 'compra', 'muito', 'rapido', 'recomendo', 'stark', 'parceira', 'excelentes', 'agora', 'aguardar', 'instalador', 'para', 'ver', 'se', 'esta', 'tudo', 'ok', 'com', 'os', 'equipamentos', 'obrigado']",1.0,5,10,10
51715,Comprei a capinha do moto Z2 e a capinha que chegou foi no moto Z,comprei a capinha do moto z2 e a capinha que chegou foi no moto z,"['comprei', 'capinha', 'do', 'moto', 'z2', 'capinha', 'que', 'chegou', 'foi', 'no', 'moto']",,3,-1,10
96766,O Produto demorou muito para ser entregue!! So esse detalhe .,o produto demorou muito para ser entregue!! so esse detalhe .,"['produto', 'demorou', 'muito', 'para', 'ser', 'entregue', 'so', 'esse', 'detalhe']",,3,-1,10
32543,"Não estalei ainda aparentemente é muito bonito, só vou poder dizer da qualidade quando for instalar,, por enquanto satisfeita .","nao estalei ainda aparentemente e muito bonito, so vou poder dizer da qualidade quando for instalar,, por enquanto satisfeita .","['nao', 'estalei', 'ainda', 'aparentemente', 'muito', 'bonito', 'so', 'vou', 'poder', 'dizer', 'da', 'qualidade', 'quando', 'for', 'instalar', 'por', 'enquanto', 'satisfeita']",1.0,5,10,10
95498,Muito bom o site,muito bom o site,"['muito', 'bom', 'site']",1.0,5,10,10
849,ótimo,otimo,['otimo'],1.0,5,10,10
14093,Produto Boa qualidade atendeu minha expectativa . Chegou antes do praso combinado . Eu recomendo ,produto boa qualidade atendeu minha expectativa . chegou antes do praso combinado . eu recomendo ,"['produto', 'boa', 'qualidade', 'atendeu', 'minha', 'expectativa', 'chegou', 'antes', 'do', 'praso', 'combinado', 'eu', 'recomendo']",1.0,4,10,10
64853,"Produto muito bom, porém a entrega muito demorada. Passou do prazo","produto muito bom, porem a entrega muito demorada. passou do prazo","['produto', 'muito', 'bom', 'porem', 'entrega', 'muito', 'demorada', 'passou', 'do', 'prazo']",1.0,4,10,10
75195,Vcs estao de parabens,vcs estao de parabens,"['vcs', 'estao', 'de', 'parabens']",1.0,5,10,10
44280,Tudo certo com a compra. O produto chegou e funcionou direitinho. Só acho que poderiam enviar por carta registrada que sai bem mais barato o frete.,tudo certo com a compra. o produto chegou e funcionou direitinho. so acho que poderiam enviar por carta registrada que sai bem mais barato o frete.,"['tudo', 'certo', 'com', 'compra', 'produto', 'chegou', 'funcionou', 'direitinho', 'so', 'acho', 'que', 'poderiam', 'enviar', 'por', 'carta', 'registrada', 'que', 'sai', 'bem', 'mais', 'barato', 'frete']",1.0,5,10,10
97919,Só achei muito pequeno e a grama MUITO ruim,so achei muito pequeno e a grama muito ruim,"['so', 'achei', 'muito', 'pequeno', 'grama', 'muito', 'ruim']",1.0,5,10,10
31538,Pessima está loja não enttaga o produto,pessima esta loja nao enttaga o produto,"['pessima', 'esta', 'loja', 'nao', 'enttaga', 'produto']",0.0,1,10,10
70473,"Não recebi o produto até hoje dia 28-03-18. Mais fico aguardando uma solução. Não sei se houve algum problema na entrega, ou nos Correios ","nao recebi o produto ate hoje dia 28-03-18. mais fico aguardando uma solucao. nao sei se houve algum problema na entrega, ou nos correios ","['nao', 'recebi', 'produto', 'ate', 'hoje', 'dia', '28', '03', '18', 'mais', 'fico', 'aguardando', 'uma', 'solucao', 'nao', 'sei', 'se', 'houve', 'algum', 'problema', 'na', 'entrega', 'ou', 'nos', 'correios']",1.0,5,10,10
59711,Muito bom. Produto entregue bem antes do prazo. Estou muito satisfeito.,muito bom. produto entregue bem antes do prazo. estou muito satisfeito.,"['muito', 'bom', 'produto', 'entregue', 'bem', 'antes', 'do', 'prazo', 'estou', 'muito', 'satisfeito']",1.0,5,10,10
52377,Excelente meu esposo amo ,excelente meu esposo amo ,"['excelente', 'meu', 'esposo', 'amo']",1.0,5,10,10
987,Entrega uma dia antes do previsto,entrega uma dia antes do previsto,"['entrega', 'uma', 'dia', 'antes', 'do', 'previsto']",1.0,4,10,10
9046,Chegou no prazo e o produto de boa qualidade!,chegou no prazo e o produto de boa qualidade!,"['chegou', 'no', 'prazo', 'produto', 'de', 'boa', 'qualidade']",1.0,4,10,10
32453,"Chegou em bom estado, encaixou muito bem no celular, capinha muito bonita e fina, recomendo!!!","chegou em bom estado, encaixou muito bem no celular, capinha muito bonita e fina, recomendo!!!","['chegou', 'em', 'bom', 'estado', 'encaixou', 'muito', 'bem', 'no', 'celular', 'capinha', 'muito', 'bonita', 'fina', 'recomendo']",1.0,5,10,10
15381,"o produto chegou bem antes do prazo, da maneira que eu imaginava..parabéns","o produto chegou bem antes do prazo, da maneira que eu imaginava..parabens","['produto', 'chegou', 'bem', 'antes', 'do', 'prazo', 'da', 'maneira', 'que', 'eu', 'imaginava', 'parabens']",1.0,5,10,10
27662,"Uma compra simples, e uma entrega dentro do prazo esperado. O produto parece de boa qualidade. Com mais dias de uso, claro, poderia dar uma opinião mais adequada.","uma compra simples, e uma entrega dentro do prazo esperado. o produto parece de boa qualidade. com mais dias de uso, claro, poderia dar uma opiniao mais adequada.","['uma', 'compra', 'simples', 'uma', 'entrega', 'dentro', 'do', 'prazo', 'esperado', 'produto', 'parece', 'de', 'boa', 'qualidade', 'com', 'mais', 'dias', 'de', 'uso', 'claro', 'poderia', 'dar', 'uma', 'opiniao', 'mais', 'adequada']",1.0,4,10,10
32498,so demorou um pouco mais valeu,so demorou um pouco mais valeu,"['so', 'demorou', 'um', 'pouco', 'mais', 'valeu']",,3,-1,10
42993,"Nao gostei do produto. As toalhas sao muito finas, nao enxugam!!! Infelizmente vou pensar se vale a pena comprar pela internet sem manusear o produto, principalmente toalhas de banho.","nao gostei do produto. as toalhas sao muito finas, nao enxugam!!! infelizmente vou pensar se vale a pena comprar pela internet sem manusear o produto, principalmente toalhas de banho.","['nao', 'gostei', 'do', 'produto', 'as', 'toalhas', 'sao', 'muito', 'finas', 'nao', 'enxugam', 'infelizmente', 'vou', 'pensar', 'se', 'vale', 'pena', 'comprar', 'pela', 'internet', 'sem', 'manusear', 'produto', 'principalmente', 'toalhas', 'de', 'banho']",0.0,1,10,10
12514,Coloquei que não foi entregue por que eu que tive q ir buscar. Eles não entregam na minha casa... E outra uma semana de uso o fone já está dando problemas!,coloquei que nao foi entregue por que eu que tive q ir buscar. eles nao entregam na minha casa... e outra uma semana de uso o fone ja esta dando problemas!,"['coloquei', 'que', 'nao', 'foi', 'entregue', 'por', 'que', 'eu', 'que', 'tive', 'ir', 'buscar', 'eles', 'nao', 'entregam', 'na', 'minha', 'casa', 'outra', 'uma', 'semana', 'de', 'uso', 'fone', 'ja', 'esta', 'dando', 'problemas']",0.0,1,10,10
48207,Excelente parceiro ,excelente parceiro ,"['excelente', 'parceiro']",1.0,5,10,10
84711,estou agradecido pelo o produto ,estou agradecido pelo o produto ,"['estou', 'agradecido', 'pelo', 'produto']",1.0,5,10,10
17575,"O produto foi entregue antecipado, custo beneficio muito bom.","o produto foi entregue antecipado, custo beneficio muito bom.","['produto', 'foi', 'entregue', 'antecipado', 'custo', 'beneficio', 'muito', 'bom']",1.0,4,10,10
29108,o manual veio danificado,o manual veio danificado,"['manual', 'veio', 'danificado']",1.0,4,10,10
54448,Parabéns entrega super rápido... amei,parabens entrega super rapido... amei,"['parabens', 'entrega', 'super', 'rapido', 'amei']",1.0,5,10,10
31424,"Gostei muito,acabamento bom,cor bonita so o tamanho que é maior que eu pensava","gostei muito,acabamento bom,cor bonita so o tamanho que e maior que eu pensava","['gostei', 'muito', 'acabamento', 'bom', 'cor', 'bonita', 'so', 'tamanho', 'que', 'maior', 'que', 'eu', 'pensava']",1.0,4,10,10
34076,"O controle recebido funciona mas é diferente do da foto do anúncio, menor e feio.","o controle recebido funciona mas e diferente do da foto do anuncio, menor e feio.","['controle', 'recebido', 'funciona', 'mas', 'diferente', 'do', 'da', 'foto', 'do', 'anuncio', 'menor', 'feio']",0.0,2,10,10
88501,"PRODUTO COM EMBALAGEM RASGADA, O COMBINADO ERA RECEBER E TIVE QUE IR ATÉ UMA AGENCIA DO CORREIO PARA RETIRAR DEVIDO O EMBALAGEM E AINDA PROCURAR LUGAR PARA TIRAR COPIA DE DOCUMENTO E PAGAR PELA COPIA.","produto com embalagem rasgada, o combinado era receber e tive que ir ate uma agencia do correio para retirar devido o embalagem e ainda procurar lugar para tirar copia de documento e pagar pela copia.","['produto', 'com', 'embalagem', 'rasgada', 'combinado', 'era', 'receber', 'tive', 'que', 'ir', 'ate', 'uma', 'agencia', 'do', 'correio', 'para', 'retirar', 'devido', 'embalagem', 'ainda', 'procurar', 'lugar', 'para', 'tirar', 'copia', 'de', 'documento', 'pagar', 'pela', 'copia']",,3,-1,10
79199,Produto ok prazo ok satisfeito!,produto ok prazo ok satisfeito!,"['produto', 'ok', 'prazo', 'ok', 'satisfeito']",1.0,4,10,10
75561,"Ótimo produto, entrega muita rápida. E fácil escalação ","otimo produto, entrega muita rapida. e facil escalacao ","['otimo', 'produto', 'entrega', 'muita', 'rapida', 'facil', 'escalacao']",1.0,5,10,10
57132," Tive problema com a retirada do produto no correio. Assim o produto voltou a loja e estou aguardando se irão reenviar novamente. "," tive problema com a retirada do produto no correio. assim o produto voltou a loja e estou aguardando se irao reenviar novamente. ","['tive', 'problema', 'com', 'retirada', 'do', 'produto', 'no', 'correio', 'assim', 'produto', 'voltou', 'loja', 'estou', 'aguardando', 'se', 'irao', 'reenviar', 'novamente']",0.0,1,10,10
8173,A entrega foi antes do prazo em compensação achei o cabo e conectores da antena de baixa qualidade,a entrega foi antes do prazo em compensacao achei o cabo e conectores da antena de baixa qualidade,"['entrega', 'foi', 'antes', 'do', 'prazo', 'em', 'compensacao', 'achei', 'cabo', 'conectores', 'da', 'antena', 'de', 'baixa', 'qualidade']",1.0,4,10,10
29559,"Estou muito satisfeito com o meu produto que comprei pra minha filha , chegou antes do prazo previsto muito bom msm esse loja.","estou muito satisfeito com o meu produto que comprei pra minha filha , chegou antes do prazo previsto muito bom msm esse loja.","['estou', 'muito', 'satisfeito', 'com', 'meu', 'produto', 'que', 'comprei', 'pra', 'minha', 'filha', 'chegou', 'antes', 'do', 'prazo', 'previsto', 'muito', 'bom', 'msm', 'esse', 'loja']",1.0,5,10,10
96700,Não recebi a bateria. Será que foi extraviada? No status do baratheon está como que foi entregue. Mas não foi até o momento.,nao recebi a bateria. sera que foi extraviada? no status do baratheon esta como que foi entregue. mas nao foi ate o momento.,"['nao', 'recebi', 'bateria', 'sera', 'que', 'foi', 'extraviada', 'no', 'status', 'do', 'baratheon', 'esta', 'como', 'que', 'foi', 'entregue', 'mas', 'nao', 'foi', 'ate', 'momento']",,3,-1,10
14643,Entrega antes do final do prazo.,entrega antes do final do prazo.,"['entrega', 'antes', 'do', 'final', 'do', 'prazo']",1.0,5,10,10
93190,"Ainda em fase experimental, porém já sinto efeitos dele! Não ando mais cansado ","ainda em fase experimental, porem ja sinto efeitos dele! nao ando mais cansado ","['ainda', 'em', 'fase', 'experimental', 'porem', 'ja', 'sinto', 'efeitos', 'dele', 'nao', 'ando', 'mais', 'cansado']",1.0,4,10,10
85308,"Excelente serviço, tempo de entrega e qualidade","excelente servico, tempo de entrega e qualidade","['excelente', 'servico', 'tempo', 'de', 'entrega', 'qualidade']",1.0,5,10,10
17390,Ok,ok,['ok'],1.0,5,10,10
98280,"Meu produto não chegou ainda, há passou do prazo e não recebi.","meu produto nao chegou ainda, ha passou do prazo e nao recebi.","['meu', 'produto', 'nao', 'chegou', 'ainda', 'ha', 'passou', 'do', 'prazo', 'nao', 'recebi']",,3,-1,10
33863,"Eu indicaria a loja americana, não a targaryen, por ter me vendido um relógio totalmente diferente do qual eu escolhi. ","eu indicaria a loja americana, nao a targaryen, por ter me vendido um relogio totalmente diferente do qual eu escolhi. ","['eu', 'indicaria', 'loja', 'americana', 'nao', 'targaryen', 'por', 'ter', 'me', 'vendido', 'um', 'relogio', 'totalmente', 'diferente', 'do', 'qual', 'eu', 'escolhi']",0.0,1,10,10
554,"Não recebi o produto, assim como nenhum contato por parte do .vendedor","nao recebi o produto, assim como nenhum contato por parte do .vendedor","['nao', 'recebi', 'produto', 'assim', 'como', 'nenhum', 'contato', 'por', 'parte', 'do', 'vendedor']",0.0,1,10,10
16961,"O produto foi entregue em tempo recorde!
Perfeito","o produto foi entregue em tempo recorde!
perfeito","['produto', 'foi', 'entregue', 'em', 'tempo', 'recorde', 'perfeito']",1.0,5,10,10
79638,"Produto 100 % falsificado , nojento e vergonhoso","produto 100 % falsificado , nojento e vergonhoso","['produto', '100', 'falsificado', 'nojento', 'vergonhoso']",0.0,1,10,10
95183,Produto lindo demais ! Valeu muito a pena !,produto lindo demais ! valeu muito a pena !,"['produto', 'lindo', 'demais', 'valeu', 'muito', 'pena']",1.0,5,10,10
81850,"ótimo pra limpar a casa e da brilho e muito bom deixa o chão limpo e perfuma e brilhoso muito bom eu recomendo para as dona de casa e acaba a faxina mais rápido
","otimo pra limpar a casa e da brilho e muito bom deixa o chao limpo e perfuma e brilhoso muito bom eu recomendo para as dona de casa e acaba a faxina mais rapido
","['otimo', 'pra', 'limpar', 'casa', 'da', 'brilho', 'muito', 'bom', 'deixa', 'chao', 'limpo', 'perfuma', 'brilhoso', 'muito', 'bom', 'eu', 'recomendo', 'para', 'as', 'dona', 'de', 'casa', 'acaba', 'faxina', 'mais', 'rapido']",1.0,5,10,10
33250,chegou bem antes do prazo previsto,chegou bem antes do prazo previsto,"['chegou', 'bem', 'antes', 'do', 'prazo', 'previsto']",1.0,5,10,10
28623,"Recebi o produto, instalei e está tudo certo. Dentro do prazo ","recebi o produto, instalei e esta tudo certo. dentro do prazo ","['recebi', 'produto', 'instalei', 'esta', 'tudo', 'certo', 'dentro', 'do', 'prazo']",1.0,5,10,10
11000,O produto é realmente de boa qualidade e confere com o desenho publicado.,o produto e realmente de boa qualidade e confere com o desenho publicado.,"['produto', 'realmente', 'de', 'boa', 'qualidade', 'confere', 'com', 'desenho', 'publicado']",1.0,5,10,10
79182,Produto é como imaginava e foi entregue antes do prazo.,produto e como imaginava e foi entregue antes do prazo.,"['produto', 'como', 'imaginava', 'foi', 'entregue', 'antes', 'do', 'prazo']",1.0,5,10,10
30456,"Além de ter uma prazo de entrega muito grande, mesmo ao fim dele não recebi o produto.","alem de ter uma prazo de entrega muito grande, mesmo ao fim dele nao recebi o produto.","['alem', 'de', 'ter', 'uma', 'prazo', 'de', 'entrega', 'muito', 'grande', 'mesmo', 'ao', 'fim', 'dele', 'nao', 'recebi', 'produto']",0.0,1,10,10
56247,"Produto de boa qualidade, e chegou dentro do prazo. Mas tivemos que abrir todos os furinhos da forma, pois vieram com uma camada bem fina de plástico, acredito que seja defeito de fabrica.","produto de boa qualidade, e chegou dentro do prazo. mas tivemos que abrir todos os furinhos da forma, pois vieram com uma camada bem fina de plastico, acredito que seja defeito de fabrica.","['produto', 'de', 'boa', 'qualidade', 'chegou', 'dentro', 'do', 'prazo', 'mas', 'tivemos', 'que', 'abrir', 'todos', 'os', 'furinhos', 'da', 'forma', 'pois', 'vieram', 'com', 'uma', 'camada', 'bem', 'fina', 'de', 'plastico', 'acredito', 'que', 'seja', 'defeito', 'de', 'fabrica']",1.0,4,10,10
4997,nnnn,nnnn,['nnnn'],,3,-1,10
46383,Rápido a entrega e no combinado. ,rapido a entrega e no combinado. ,"['rapido', 'entrega', 'no', 'combinado']",1.0,5,10,10
29377,"Chegou bem antes do tempo 
Só a bateria que veio com defeito ,mas de resto tudo certo","chegou bem antes do tempo 
so a bateria que veio com defeito ,mas de resto tudo certo","['chegou', 'bem', 'antes', 'do', 'tempo', 'so', 'bateria', 'que', 'veio', 'com', 'defeito', 'mas', 'de', 'resto', 'tudo', 'certo']",1.0,5,10,10
16534,"ENTREGA SUPER RÁPIDA, MATERIAL DE ÓTIMA QUALIDADE.","entrega super rapida, material de otima qualidade.","['entrega', 'super', 'rapida', 'material', 'de', 'otima', 'qualidade']",1.0,5,10,10
16732,Boa,boa,['boa'],,3,-1,10
89030,Só não gostei porque tive que ir buscar nos correios sendo que paguei 40r reais de frete,so nao gostei porque tive que ir buscar nos correios sendo que paguei 40r reais de frete,"['so', 'nao', 'gostei', 'porque', 'tive', 'que', 'ir', 'buscar', 'nos', 'correios', 'sendo', 'que', 'paguei', '40r', 'reais', 'de', 'frete']",1.0,4,10,10
18568,"Linda garrafa, material de qualidade... Entrega antes do prazo e sem defeitos. ","linda garrafa, material de qualidade... entrega antes do prazo e sem defeitos. ","['linda', 'garrafa', 'material', 'de', 'qualidade', 'entrega', 'antes', 'do', 'prazo', 'sem', 'defeitos']",1.0,5,10,10
47909,Recebi no prazo certo .Recomendo está loja.,recebi no prazo certo .recomendo esta loja.,"['recebi', 'no', 'prazo', 'certo', 'recomendo', 'esta', 'loja']",1.0,5,10,10
48821,Produto de boa qualidade. Entrega realizada dentro do esperado.,produto de boa qualidade. entrega realizada dentro do esperado.,"['produto', 'de', 'boa', 'qualidade', 'entrega', 'realizada', 'dentro', 'do', 'esperado']",1.0,5,10,10
86353,falta de comprometimento com o prazo,falta de comprometimento com o prazo,"['falta', 'de', 'comprometimento', 'com', 'prazo']",0.0,1,10,10
35100,quero receber mminha compra,quero receber mminha compra,"['quero', 'receber', 'mminha', 'compra']",0.0,1,10,10
26126,Foi entregue antes do prazo. Só não gostei da qualidade da capinha do celular. ,foi entregue antes do prazo. so nao gostei da qualidade da capinha do celular. ,"['foi', 'entregue', 'antes', 'do', 'prazo', 'so', 'nao', 'gostei', 'da', 'qualidade', 'da', 'capinha', 'do', 'celular']",1.0,4,10,10
5952,"Boa qualidade, funciona perfeitamente.","boa qualidade, funciona perfeitamente.","['boa', 'qualidade', 'funciona', 'perfeitamente']",1.0,5,10,10
85577,"Gostei do produto, só o som do boneco que já falhando... Com menos de 15 duas de uso... 
","gostei do produto, so o som do boneco que ja falhando... com menos de 15 duas de uso... 
","['gostei', 'do', 'produto', 'so', 'som', 'do', 'boneco', 'que', 'ja', 'falhando', 'com', 'menos', 'de', '15', 'duas', 'de', 'uso']",1.0,4,10,10
2756,"Gostei muito ,fiquei na dúvida no começo ,mas agora compro novamente e recomendo, produto entregue antes do prazo 👏👏👏👏","gostei muito ,fiquei na duvida no comeco ,mas agora compro novamente e recomendo, produto entregue antes do prazo 👏👏👏👏","['gostei', 'muito', 'fiquei', 'na', 'duvida', 'no', 'comeco', 'mas', 'agora', 'compro', 'novamente', 'recomendo', 'produto', 'entregue', 'antes', 'do', 'prazo']",1.0,5,10,10
99260,O prazo para entrega era dia 14/05 e até agora não chegou. Uma falta de respeito com o consumidor. O numero do pedido nem sequer aparece na relação de pedidos no site lannister.com,o prazo para entrega era dia 14/05 e ate agora nao chegou. uma falta de respeito com o consumidor. o numero do pedido nem sequer aparece na relacao de pedidos no site lannister.com,"['prazo', 'para', 'entrega', 'era', 'dia', '14', '05', 'ate', 'agora', 'nao', 'chegou', 'uma', 'falta', 'de', 'respeito', 'com', 'consumidor', 'numero', 'do', 'pedido', 'nem', 'sequer', 'aparece', 'na', 'relacao', 'de', 'pedidos', 'no', 'site', 'lannister', 'com']",0.0,2,10,10
50637,"Ainda não recebi minha compra!

Isso é uma falta de vergonha!","ainda nao recebi minha compra!

isso e uma falta de vergonha!","['ainda', 'nao', 'recebi', 'minha', 'compra', 'isso', 'uma', 'falta', 'de', 'vergonha']",1.0,5,10,10
61999,"Estava esperando o produto para festa de aniversário do meu filho no fim de semana. Sempre comprei no baratheon, nunca mais compro... Estamos chateados e não sei como montarei a festa do meu pequeno. ","estava esperando o produto para festa de aniversario do meu filho no fim de semana. sempre comprei no baratheon, nunca mais compro... estamos chateados e nao sei como montarei a festa do meu pequeno. ","['estava', 'esperando', 'produto', 'para', 'festa', 'de', 'aniversario', 'do', 'meu', 'filho', 'no', 'fim', 'de', 'semana', 'sempre', 'comprei', 'no', 'baratheon', 'nunca', 'mais', 'compro', 'estamos', 'chateados', 'nao', 'sei', 'como', 'montarei', 'festa', 'do', 'meu', 'pequeno']",0.0,1,10,10
76427,ENTREGARAM O LIVRO ERRADO NÃO CONSIGO CONTACTAR NINGUÉM DA lannister. O SISTEMA NÃO ACEITA QUANDO TENTO CADASTRAR A TROCA PELO LIVRO CORRETO. ENTREM EM CONTATO COMIGO!!,entregaram o livro errado nao consigo contactar ninguem da lannister. o sistema nao aceita quando tento cadastrar a troca pelo livro correto. entrem em contato comigo!!,"['entregaram', 'livro', 'errado', 'nao', 'consigo', 'contactar', 'ninguem', 'da', 'lannister', 'sistema', 'nao', 'aceita', 'quando', 'tento', 'cadastrar', 'troca', 'pelo', 'livro', 'correto', 'entrem', 'em', 'contato', 'comigo']",0.0,1,10,10
69701,"Deu tudo certo. Apenas uma ressalva, a transportadora escolhida. Mercadoria veio pelo correio, na minha opinião, a pior escolha para envio de mercadorias hoje em dia. Qualquer transportadora é melhor.","deu tudo certo. apenas uma ressalva, a transportadora escolhida. mercadoria veio pelo correio, na minha opiniao, a pior escolha para envio de mercadorias hoje em dia. qualquer transportadora e melhor.","['deu', 'tudo', 'certo', 'apenas', 'uma', 'ressalva', 'transportadora', 'escolhida', 'mercadoria', 'veio', 'pelo', 'correio', 'na', 'minha', 'opiniao', 'pior', 'escolha', 'para', 'envio', 'de', 'mercadorias', 'hoje', 'em', 'dia', 'qualquer', 'transportadora', 'melhor']",1.0,5,10,10
35551,Não recebi o produto e não consigo saber o porquê. Tentei falar com SAC e nao consegui falar com ninguém apenas msg eletrónica. Tentei cancelar a compra e o tb não consegui o site não permitia,nao recebi o produto e nao consigo saber o porque. tentei falar com sac e nao consegui falar com ninguem apenas msg eletronica. tentei cancelar a compra e o tb nao consegui o site nao permitia,"['nao', 'recebi', 'produto', 'nao', 'consigo', 'saber', 'porque', 'tentei', 'falar', 'com', 'sac', 'nao', 'consegui', 'falar', 'com', 'ninguem', 'apenas', 'msg', 'eletronica', 'tentei', 'cancelar', 'compra', 'tb', 'nao', 'consegui', 'site', 'nao', 'permitia']",0.0,1,10,10
94544,"Recebi o produto antes do prazo de entrega, produto entregue com segurança, bem embalado e em perfeito estado. ","recebi o produto antes do prazo de entrega, produto entregue com seguranca, bem embalado e em perfeito estado. ","['recebi', 'produto', 'antes', 'do', 'prazo', 'de', 'entrega', 'produto', 'entregue', 'com', 'seguranca', 'bem', 'embalado', 'em', 'perfeito', 'estado']",1.0,5,10,10
85039,Perfeito cores vivas eu simplismente ameei,perfeito cores vivas eu simplismente ameei,"['perfeito', 'cores', 'vivas', 'eu', 'simplismente', 'ameei']",1.0,5,10,10
17716,produto chegou rapidinho e em perfeitas condições,produto chegou rapidinho e em perfeitas condicoes,"['produto', 'chegou', 'rapidinho', 'em', 'perfeitas', 'condicoes']",1.0,5,10,10
23050,Muito bom,muito bom,"['muito', 'bom']",1.0,5,10,10
38561,otimo chega antes do prazo ,otimo chega antes do prazo ,"['otimo', 'chega', 'antes', 'do', 'prazo']",1.0,4,10,10
47588,vou testar,vou testar,"['vou', 'testar']",1.0,4,10,10
24888,"Otimo produto!
Lindas..","otimo produto!
lindas..","['otimo', 'produto', 'lindas']",1.0,5,10,10
7889,"Produto de alta qualidade, perfeito. ","produto de alta qualidade, perfeito. ","['produto', 'de', 'alta', 'qualidade', 'perfeito']",1.0,5,10,10
81486,Nao recebi o produto ainda.,nao recebi o produto ainda.,"['nao', 'recebi', 'produto', 'ainda']",0.0,1,10,10
85556,"Produto bom, prático e fácil manuseio . Recomendo a todos a comprarem. ","produto bom, pratico e facil manuseio . recomendo a todos a comprarem. ","['produto', 'bom', 'pratico', 'facil', 'manuseio', 'recomendo', 'todos', 'comprarem']",1.0,5,10,10
92195,Nao recebi o produto,nao recebi o produto,"['nao', 'recebi', 'produto']",0.0,1,10,10
77033,"Muito bom, Recomendo","muito bom, recomendo","['muito', 'bom', 'recomendo']",1.0,5,10,10
82111,Produto chegou antes do prazo.,produto chegou antes do prazo.,"['produto', 'chegou', 'antes', 'do', 'prazo']",1.0,5,10,10
8902,"O produto é muito bom, o acabamento também, chegou muitos dias antes do prazo ","o produto e muito bom, o acabamento tambem, chegou muitos dias antes do prazo ","['produto', 'muito', 'bom', 'acabamento', 'tambem', 'chegou', 'muitos', 'dias', 'antes', 'do', 'prazo']",1.0,5,10,10
13331,"No status esta dizendo que ja foi entregue, agora cade o produto??","no status esta dizendo que ja foi entregue, agora cade o produto??","['no', 'status', 'esta', 'dizendo', 'que', 'ja', 'foi', 'entregue', 'agora', 'cade', 'produto']",0.0,1,10,10
48469,"Tudo que eu compro chega bem antes do prazo. Esse era pra chegar dia 05/02 e recebi dia 16/01.
Super recomendo!","tudo que eu compro chega bem antes do prazo. esse era pra chegar dia 05/02 e recebi dia 16/01.
super recomendo!","['tudo', 'que', 'eu', 'compro', 'chega', 'bem', 'antes', 'do', 'prazo', 'esse', 'era', 'pra', 'chegar', 'dia', '05', '02', 'recebi', 'dia', '16', '01', 'super', 'recomendo']",1.0,5,10,10
25437,Otimo. Entregue bam antes do prazo contratado,otimo. entregue bam antes do prazo contratado,"['otimo', 'entregue', 'bam', 'antes', 'do', 'prazo', 'contratado']",1.0,5,10,10
82812,Ótimo,otimo,['otimo'],1.0,5,10,10
10288,"Recebi o produto porém não é original,e como é um produto pra ingerir não quero colocar a minha saúde em risco. ","recebi o produto porem nao e original,e como e um produto pra ingerir nao quero colocar a minha saude em risco. ","['recebi', 'produto', 'porem', 'nao', 'original', 'como', 'um', 'produto', 'pra', 'ingerir', 'nao', 'quero', 'colocar', 'minha', 'saude', 'em', 'risco']",0.0,1,10,10
80195,"Livro chegou no prazo, recomendo é uma história envolvente, estou apaixonada por esse livro.","livro chegou no prazo, recomendo e uma historia envolvente, estou apaixonada por esse livro.","['livro', 'chegou', 'no', 'prazo', 'recomendo', 'uma', 'historia', 'envolvente', 'estou', 'apaixonada', 'por', 'esse', 'livro']",1.0,5,10,10
63815,"comprei dois controles, demorou quase um mês pra chegar e veio só um controle, cadê o outro?? 68 reais por um controle?? eu comprei dois, quero o outro","comprei dois controles, demorou quase um mes pra chegar e veio so um controle, cade o outro?? 68 reais por um controle?? eu comprei dois, quero o outro","['comprei', 'dois', 'controles', 'demorou', 'quase', 'um', 'mes', 'pra', 'chegar', 'veio', 'so', 'um', 'controle', 'cade', 'outro', '68', 'reais', 'por', 'um', 'controle', 'eu', 'comprei', 'dois', 'quero', 'outro']",0.0,1,10,10
35659,Produto entregue no prazo e em ordem. ,produto entregue no prazo e em ordem. ,"['produto', 'entregue', 'no', 'prazo', 'em', 'ordem']",1.0,5,10,10
48702,Empresa conceituada. Já compro há muito tempo. Sempre pontual na entrega. RECOMENDO.,empresa conceituada. ja compro ha muito tempo. sempre pontual na entrega. recomendo.,"['empresa', 'conceituada', 'ja', 'compro', 'ha', 'muito', 'tempo', 'sempre', 'pontual', 'na', 'entrega', 'recomendo']",1.0,5,10,10
15711,Gostei demais entrega muito rápido bem antes do prazo muito obrigado amei.,gostei demais entrega muito rapido bem antes do prazo muito obrigado amei.,"['gostei', 'demais', 'entrega', 'muito', 'rapido', 'bem', 'antes', 'do', 'prazo', 'muito', 'obrigado', 'amei']",1.0,5,10,10
49342,"Parabéns pelo serviço,sempre compro produtos com vocês e chega antes do prazo previsto e o produto vem lacrado, sem danos e correto.","parabens pelo servico,sempre compro produtos com voces e chega antes do prazo previsto e o produto vem lacrado, sem danos e correto.","['parabens', 'pelo', 'servico', 'sempre', 'compro', 'produtos', 'com', 'voces', 'chega', 'antes', 'do', 'prazo', 'previsto', 'produto', 'vem', 'lacrado', 'sem', 'danos', 'correto']",1.0,5,10,10
14168,Entrega no prazo.,entrega no prazo.,"['entrega', 'no', 'prazo']",1.0,4,10,10
80651,"PRODUTO ESTA COM ATRASO DE 3 DIAS, A LOJA NAO SE PRONUNCIOU ATE O MOMENTO. JA TENTEI ENTRAR EM CONTADO MAIS NAO TIVE NENHUMA RESPOSTA. SEMPRE COMPRO POR AQUI, E NUNCA TIVE ESTE PROBLEMA NESTA REDE.","produto esta com atraso de 3 dias, a loja nao se pronunciou ate o momento. ja tentei entrar em contado mais nao tive nenhuma resposta. sempre compro por aqui, e nunca tive este problema nesta rede.","['produto', 'esta', 'com', 'atraso', 'de', 'dias', 'loja', 'nao', 'se', 'pronunciou', 'ate', 'momento', 'ja', 'tentei', 'entrar', 'em', 'contado', 'mais', 'nao', 'tive', 'nenhuma', 'resposta', 'sempre', 'compro', 'por', 'aqui', 'nunca', 'tive', 'este', 'problema', 'nesta', 'rede']",0.0,2,10,10
66000,chegou rapido,chegou rapido,"['chegou', 'rapido']",1.0,5,10,10
64328,"Produto entregue no prazo e em perfeito estado conforme anuncio, recomendo o vendedor.
","produto entregue no prazo e em perfeito estado conforme anuncio, recomendo o vendedor.
","['produto', 'entregue', 'no', 'prazo', 'em', 'perfeito', 'estado', 'conforme', 'anuncio', 'recomendo', 'vendedor']",1.0,5,10,10
45373,Boa compra,boa compra,"['boa', 'compra']",1.0,5,10,10
96436,"O produto foi entregue antes do prazo,e de ótima qualidade!!","o produto foi entregue antes do prazo,e de otima qualidade!!","['produto', 'foi', 'entregue', 'antes', 'do', 'prazo', 'de', 'otima', 'qualidade']",1.0,5,10,10
48433,veio faltando o carregador portatil,veio faltando o carregador portatil,"['veio', 'faltando', 'carregador', 'portatil']",1.0,5,10,10
70356,"bom dia ainda não recebi toa a minha encomenda, pos fiz o pedido de 12 relógios de parede ate agora so chgaram 6","bom dia ainda nao recebi toa a minha encomenda, pos fiz o pedido de 12 relogios de parede ate agora so chgaram 6","['bom', 'dia', 'ainda', 'nao', 'recebi', 'toa', 'minha', 'encomenda', 'pos', 'fiz', 'pedido', 'de', '12', 'relogios', 'de', 'parede', 'ate', 'agora', 'so', 'chgaram']",0.0,1,10,10
15316,Comprei 04 jogos de lençóis de cetim. Recebi só dois. O conjunto pérola e o Preto. Onde estão os outros???????,comprei 04 jogos de lencois de cetim. recebi so dois. o conjunto perola e o preto. onde estao os outros???????,"['comprei', '04', 'jogos', 'de', 'lencois', 'de', 'cetim', 'recebi', 'so', 'dois', 'conjunto', 'perola', 'preto', 'onde', 'estao', 'os', 'outros']",0.0,1,10,10
19596,"Bolsas espaçosas, lindas!!!","bolsas espacosas, lindas!!!","['bolsas', 'espacosas', 'lindas']",1.0,5,10,10
86254,bom de mais,bom de mais,"['bom', 'de', 'mais']",1.0,5,10,10
81799,"Mto bom recomendo,recebi dentro do prazo.","mto bom recomendo,recebi dentro do prazo.","['mto', 'bom', 'recomendo', 'recebi', 'dentro', 'do', 'prazo']",1.0,4,10,10
9403,"Segundo cancelamento do mesmo item no site lannister.com. Fiz duas compras em lojas diferentes, as duas canceladas, faz quase 3 meses que estou aguardando o produto. E demora demais para avisar.","segundo cancelamento do mesmo item no site lannister.com. fiz duas compras em lojas diferentes, as duas canceladas, faz quase 3 meses que estou aguardando o produto. e demora demais para avisar.","['segundo', 'cancelamento', 'do', 'mesmo', 'item', 'no', 'site', 'lannister', 'com', 'fiz', 'duas', 'compras', 'em', 'lojas', 'diferentes', 'as', 'duas', 'canceladas', 'faz', 'quase', 'meses', 'que', 'estou', 'aguardando', 'produto', 'demora', 'demais', 'para', 'avisar']",0.0,1,10,10
50073,"Apesar do atraso da greve dos correios, meu produto foi entregue bem antes do prazo.
Satisfeita com minha compra e qualidade do produto.
","apesar do atraso da greve dos correios, meu produto foi entregue bem antes do prazo.
satisfeita com minha compra e qualidade do produto.
","['apesar', 'do', 'atraso', 'da', 'greve', 'dos', 'correios', 'meu', 'produto', 'foi', 'entregue', 'bem', 'antes', 'do', 'prazo', 'satisfeita', 'com', 'minha', 'compra', 'qualidade', 'do', 'produto']",1.0,5,10,10
29552,Bom,bom,['bom'],1.0,5,10,10
17823,veio uma amostra e não o tubo de base ,veio uma amostra e nao o tubo de base ,"['veio', 'uma', 'amostra', 'nao', 'tubo', 'de', 'base']",0.0,1,10,10
31582,"perfeito,tudo ok","perfeito,tudo ok","['perfeito', 'tudo', 'ok']",1.0,5,10,10
50946,"Produto entregue rapidamente, o produto corresponde com a imagem ilustrativa, tanto no modelo quanto cor.","produto entregue rapidamente, o produto corresponde com a imagem ilustrativa, tanto no modelo quanto cor.","['produto', 'entregue', 'rapidamente', 'produto', 'corresponde', 'com', 'imagem', 'ilustrativa', 'tanto', 'no', 'modelo', 'quanto', 'cor']",,3,-1,10
39294,boa,boa,['boa'],1.0,4,10,10
67211,"Em relação a loja, foi tudo como combinado.
Produto não posso ainda avaliar. 
Estou contente com a loja.","em relacao a loja, foi tudo como combinado.
produto nao posso ainda avaliar. 
estou contente com a loja.","['em', 'relacao', 'loja', 'foi', 'tudo', 'como', 'combinado', 'produto', 'nao', 'posso', 'ainda', 'avaliar', 'estou', 'contente', 'com', 'loja']",1.0,5,10,10
51579,"Recomendo este produto chegou antes do prazo e atendeu as minhas expectativas,","recomendo este produto chegou antes do prazo e atendeu as minhas expectativas,","['recomendo', 'este', 'produto', 'chegou', 'antes', 'do', 'prazo', 'atendeu', 'as', 'minhas', 'expectativas']",1.0,5,10,10
69537,Mais rápido que o previsto. Bem embalado. otima qualidade.,mais rapido que o previsto. bem embalado. otima qualidade.,"['mais', 'rapido', 'que', 'previsto', 'bem', 'embalado', 'otima', 'qualidade']",1.0,5,10,10
33917,Faltou atenção da loja em enviar o produto na cor correta ou entrar em contato caso não tivesse em estoque. Pedi amarelo e veio vermelho. Agora segurei com a devolução.,faltou atencao da loja em enviar o produto na cor correta ou entrar em contato caso nao tivesse em estoque. pedi amarelo e veio vermelho. agora segurei com a devolucao.,"['faltou', 'atencao', 'da', 'loja', 'em', 'enviar', 'produto', 'na', 'cor', 'correta', 'ou', 'entrar', 'em', 'contato', 'caso', 'nao', 'tivesse', 'em', 'estoque', 'pedi', 'amarelo', 'veio', 'vermelho', 'agora', 'segurei', 'com', 'devolucao']",,3,-1,10
98928,"lannister sempre eficiente. Entrega super rápida.
Produto de excelente qualidade","lannister sempre eficiente. entrega super rapida.
produto de excelente qualidade","['lannister', 'sempre', 'eficiente', 'entrega', 'super', 'rapida', 'produto', 'de', 'excelente', 'qualidade']",,3,-1,10
67874,Produto bem acabado,produto bem acabado,"['produto', 'bem', 'acabado']",1.0,4,10,10
65542,ótima qualidade. chegou antes do prazo,otima qualidade. chegou antes do prazo,"['otima', 'qualidade', 'chegou', 'antes', 'do', 'prazo']",1.0,5,10,10
54055,"Produto sem embalagem e etiqueta. Não entendi a proposta. Creio que veio de uma tecelagem, pois os lençóis vieram sem embalagem do produto e etiqueta.","produto sem embalagem e etiqueta. nao entendi a proposta. creio que veio de uma tecelagem, pois os lencois vieram sem embalagem do produto e etiqueta.","['produto', 'sem', 'embalagem', 'etiqueta', 'nao', 'entendi', 'proposta', 'creio', 'que', 'veio', 'de', 'uma', 'tecelagem', 'pois', 'os', 'lencois', 'vieram', 'sem', 'embalagem', 'do', 'produto', 'etiqueta']",0.0,2,10,10
46989,"Amo as Lojas lannister 
Até o presente momento não tenho o que reclamar
o produto muito bom e bonito","amo as lojas lannister 
ate o presente momento nao tenho o que reclamar
o produto muito bom e bonito","['amo', 'as', 'lojas', 'lannister', 'ate', 'presente', 'momento', 'nao', 'tenho', 'que', 'reclamar', 'produto', 'muito', 'bom', 'bonito']",1.0,5,10,10
53738,entregue antes do prazo,entregue antes do prazo,"['entregue', 'antes', 'do', 'prazo']",1.0,4,10,10
57128,"Comprei este nobreak com 6 tomadas e me entregaram um de 4 tomadas que é bem inferior referente ao preço, estou tentando contato e não obtive resposta vou recorrer ao Procon. ","comprei este nobreak com 6 tomadas e me entregaram um de 4 tomadas que e bem inferior referente ao preco, estou tentando contato e nao obtive resposta vou recorrer ao procon. ","['comprei', 'este', 'nobreak', 'com', 'tomadas', 'me', 'entregaram', 'um', 'de', 'tomadas', 'que', 'bem', 'inferior', 'referente', 'ao', 'preco', 'estou', 'tentando', 'contato', 'nao', 'obtive', 'resposta', 'vou', 'recorrer', 'ao', 'procon']",0.0,1,10,10
40098,"Produto chegou antes do previsto, e atendeu todas expectativas.","produto chegou antes do previsto, e atendeu todas expectativas.","['produto', 'chegou', 'antes', 'do', 'previsto', 'atendeu', 'todas', 'expectativas']",1.0,5,10,10
21137,"Perfeito para iniciantes.
","perfeito para iniciantes.
","['perfeito', 'para', 'iniciantes']",1.0,5,10,10
25347,"o valor da nota fiscal não veio com o valor total pago, simplesmente chaegou sem o valor e frete cobrado","o valor da nota fiscal nao veio com o valor total pago, simplesmente chaegou sem o valor e frete cobrado","['valor', 'da', 'nota', 'fiscal', 'nao', 'veio', 'com', 'valor', 'total', 'pago', 'simplesmente', 'chaegou', 'sem', 'valor', 'frete', 'cobrado']",1.0,4,10,10
84578,"Produto bom, pelo preço.","produto bom, pelo preco.","['produto', 'bom', 'pelo', 'preco']",1.0,4,10,10
74925,Recebemos mas ainda Não testamos o produto . Amanhã sábado o faremos,recebemos mas ainda nao testamos o produto . amanha sabado o faremos,"['recebemos', 'mas', 'ainda', 'nao', 'testamos', 'produto', 'amanha', 'sabado', 'faremos']",1.0,4,10,10
31909,"Entrega rapida, e produto em perfeito estado.","entrega rapida, e produto em perfeito estado.","['entrega', 'rapida', 'produto', 'em', 'perfeito', 'estado']",1.0,5,10,10
9680,"O produto foi comprado na cor preta e enviado na cor branca. Os carregadores são padrão de outro país, não encaixam nas tomadas do Brasil. ","o produto foi comprado na cor preta e enviado na cor branca. os carregadores sao padrao de outro pais, nao encaixam nas tomadas do brasil. ","['produto', 'foi', 'comprado', 'na', 'cor', 'preta', 'enviado', 'na', 'cor', 'branca', 'os', 'carregadores', 'sao', 'padrao', 'de', 'outro', 'pais', 'nao', 'encaixam', 'nas', 'tomadas', 'do', 'brasil']",0.0,1,10,10
16942,"ainda estou verificando o atendimento quando precisamos efetuar uma troca ou resolver um problema, esse é o referencial de qualquer atendimento.","ainda estou verificando o atendimento quando precisamos efetuar uma troca ou resolver um problema, esse e o referencial de qualquer atendimento.","['ainda', 'estou', 'verificando', 'atendimento', 'quando', 'precisamos', 'efetuar', 'uma', 'troca', 'ou', 'resolver', 'um', 'problema', 'esse', 'referencial', 'de', 'qualquer', 'atendimento']",0.0,2,10,10
20572,Bom produto,bom produto,"['bom', 'produto']",1.0,5,10,10
73383,"recomendo, produto excelente e lindo.
","recomendo, produto excelente e lindo.
","['recomendo', 'produto', 'excelente', 'lindo']",1.0,5,10,10
88470,"produto bem embalado, chegou antes do prazo e de ótima qualidade ","produto bem embalado, chegou antes do prazo e de otima qualidade ","['produto', 'bem', 'embalado', 'chegou', 'antes', 'do', 'prazo', 'de', 'otima', 'qualidade']",1.0,4,10,10
31996,"veio com uma peça quebrada, nada grave talvez na embalagem não tiveram cuidado","veio com uma peca quebrada, nada grave talvez na embalagem nao tiveram cuidado","['veio', 'com', 'uma', 'peca', 'quebrada', 'nada', 'grave', 'talvez', 'na', 'embalagem', 'nao', 'tiveram', 'cuidado']",,3,-1,10
76440,"Nas compras pelo site da lannister.com, sempre fui bem atendido e com entrega garantida dentro do prazo estipulado.","nas compras pelo site da lannister.com, sempre fui bem atendido e com entrega garantida dentro do prazo estipulado.","['nas', 'compras', 'pelo', 'site', 'da', 'lannister', 'com', 'sempre', 'fui', 'bem', 'atendido', 'com', 'entrega', 'garantida', 'dentro', 'do', 'prazo', 'estipulado']",1.0,5,10,10
31594,muito bom,muito bom,"['muito', 'bom']",1.0,5,10,10
2452,o cabo não funcionou em nenhum dos meus dispositivos mesmo confirmando a compatibilidae,o cabo nao funcionou em nenhum dos meus dispositivos mesmo confirmando a compatibilidae,"['cabo', 'nao', 'funcionou', 'em', 'nenhum', 'dos', 'meus', 'dispositivos', 'mesmo', 'confirmando', 'compatibilidae']",0.0,1,10,10
7839,"Conforme fiz o registro no site das américas já, no mesmo dia que recebi,
Estou reiterando que na propaganda do produto diz 4 peças com um peço único, só recebi uma peça. Estou aguardando o retorno.","conforme fiz o registro no site das americas ja, no mesmo dia que recebi,
estou reiterando que na propaganda do produto diz 4 pecas com um peco unico, so recebi uma peca. estou aguardando o retorno.","['conforme', 'fiz', 'registro', 'no', 'site', 'das', 'americas', 'ja', 'no', 'mesmo', 'dia', 'que', 'recebi', 'estou', 'reiterando', 'que', 'na', 'propaganda', 'do', 'produto', 'diz', 'pecas', 'com', 'um', 'peco', 'unico', 'so', 'recebi', 'uma', 'peca', 'estou', 'aguardando', 'retorno']",0.0,1,10,10
50865,Estou muito chateado porque eles me falaram que ia me entregar o meu pedido até o dia 29 03 18 mais até agora não recebi ,estou muito chateado porque eles me falaram que ia me entregar o meu pedido ate o dia 29 03 18 mais ate agora nao recebi ,"['estou', 'muito', 'chateado', 'porque', 'eles', 'me', 'falaram', 'que', 'ia', 'me', 'entregar', 'meu', 'pedido', 'ate', 'dia', '29', '03', '18', 'mais', 'ate', 'agora', 'nao', 'recebi']",0.0,1,10,10
65953,"Primeira vez que comprei lente de contato pela stark e adorei, pois comprava em um ótica e demorava a entrega. Muito bom 👏👏👏","primeira vez que comprei lente de contato pela stark e adorei, pois comprava em um otica e demorava a entrega. muito bom 👏👏👏","['primeira', 'vez', 'que', 'comprei', 'lente', 'de', 'contato', 'pela', 'stark', 'adorei', 'pois', 'comprava', 'em', 'um', 'otica', 'demorava', 'entrega', 'muito', 'bom']",1.0,5,10,10
51517,Entrega antes do prazo e produto de qualidade!,entrega antes do prazo e produto de qualidade!,"['entrega', 'antes', 'do', 'prazo', 'produto', 'de', 'qualidade']",1.0,5,10,10
2324,muito bom,muito bom,"['muito', 'bom']",1.0,5,10,10
52806,Amei meu produto,amei meu produto,"['amei', 'meu', 'produto']",1.0,5,10,10
68534,Produto de acordo com o anunciado e entregue antes da expectativa.,produto de acordo com o anunciado e entregue antes da expectativa.,"['produto', 'de', 'acordo', 'com', 'anunciado', 'entregue', 'antes', 'da', 'expectativa']",1.0,5,10,10
57971,Preciso que faça estorno. O produto veio cheiro de queimado e não funciona ,preciso que faca estorno. o produto veio cheiro de queimado e nao funciona ,"['preciso', 'que', 'faca', 'estorno', 'produto', 'veio', 'cheiro', 'de', 'queimado', 'nao', 'funciona']",0.0,1,10,10
13372,"Muito bom atendimento.
Pena que Os Correios demorem tanto tempo para entregar.","muito bom atendimento.
pena que os correios demorem tanto tempo para entregar.","['muito', 'bom', 'atendimento', 'pena', 'que', 'os', 'correios', 'demorem', 'tanto', 'tempo', 'para', 'entregar']",1.0,5,10,10
48986,Produto muito bom e bonito. ,produto muito bom e bonito. ,"['produto', 'muito', 'bom', 'bonito']",1.0,5,10,10
9433,O PEDIDO FOI PARCELADO EM 10 VEZES MAS O CARTÃO baratheon PASSOU EM 3 VEZES. POR ISSO NÃO COMPRARIA NOVAMENTE ,o pedido foi parcelado em 10 vezes mas o cartao baratheon passou em 3 vezes. por isso nao compraria novamente ,"['pedido', 'foi', 'parcelado', 'em', '10', 'vezes', 'mas', 'cartao', 'baratheon', 'passou', 'em', 'vezes', 'por', 'isso', 'nao', 'compraria', 'novamente']",1.0,5,10,10
19886,tudo ok,tudo ok,"['tudo', 'ok']",1.0,5,10,10
75048,Obrigada estou satisfeita com a compra chegou bem antes do prazo...,obrigada estou satisfeita com a compra chegou bem antes do prazo...,"['obrigada', 'estou', 'satisfeita', 'com', 'compra', 'chegou', 'bem', 'antes', 'do', 'prazo']",1.0,5,10,10
55850,Seguro e dentro do prazo. ,seguro e dentro do prazo. ,"['seguro', 'dentro', 'do', 'prazo']",1.0,5,10,10
47339,Produto atendeu minha expectativa é chegou bem rápido.,produto atendeu minha expectativa e chegou bem rapido.,"['produto', 'atendeu', 'minha', 'expectativa', 'chegou', 'bem', 'rapido']",1.0,5,10,10
63808,"Ele é como descrito, boa funcionalidade. Porém tem um cheiro estranho nos primeiros dias ","ele e como descrito, boa funcionalidade. porem tem um cheiro estranho nos primeiros dias ","['ele', 'como', 'descrito', 'boa', 'funcionalidade', 'porem', 'tem', 'um', 'cheiro', 'estranho', 'nos', 'primeiros', 'dias']",1.0,5,10,10
3816,"Revoltada, compro sempre de vcs, mas desta vez foi uma decepção. Não recebi o produto. 
Já estava decpcionada com a demora de vcs para a entrega, mas agora passou dos limites. 
","revoltada, compro sempre de vcs, mas desta vez foi uma decepcao. nao recebi o produto. 
ja estava decpcionada com a demora de vcs para a entrega, mas agora passou dos limites. 
","['revoltada', 'compro', 'sempre', 'de', 'vcs', 'mas', 'desta', 'vez', 'foi', 'uma', 'decepcao', 'nao', 'recebi', 'produto', 'ja', 'estava', 'decpcionada', 'com', 'demora', 'de', 'vcs', 'para', 'entrega', 'mas', 'agora', 'passou', 'dos', 'limites']",0.0,1,10,10
92223,Tudo certo. Mas a qualidade do produto nao foi o que eu esperava.,tudo certo. mas a qualidade do produto nao foi o que eu esperava.,"['tudo', 'certo', 'mas', 'qualidade', 'do', 'produto', 'nao', 'foi', 'que', 'eu', 'esperava']",1.0,4,10,10
42334,tudo certo,tudo certo,"['tudo', 'certo']",1.0,5,10,10
98537,O produto é realmente queen serviu bem o tecido é bom mais é liso quem não gosta de escorregar um pouco não compre porém ele não sai do colchão.,o produto e realmente queen serviu bem o tecido e bom mais e liso quem nao gosta de escorregar um pouco nao compre porem ele nao sai do colchao.,"['produto', 'realmente', 'queen', 'serviu', 'bem', 'tecido', 'bom', 'mais', 'liso', 'quem', 'nao', 'gosta', 'de', 'escorregar', 'um', 'pouco', 'nao', 'compre', 'porem', 'ele', 'nao', 'sai', 'do', 'colchao']",,3,-1,10
5757,"Ajudem a rastrear uma das 3 prateleiras que faltou, só chegaram 2 delas...","ajudem a rastrear uma das 3 prateleiras que faltou, so chegaram 2 delas...","['ajudem', 'rastrear', 'uma', 'das', 'prateleiras', 'que', 'faltou', 'so', 'chegaram', 'delas']",1.0,5,10,10
43137,Tira a entrega pelo correio ,tira a entrega pelo correio ,"['tira', 'entrega', 'pelo', 'correio']",,3,-1,10
61480,"Recebi meu produto certo e antes da data prevista, bem antes.🌟🌟🌟🌟🌟","recebi meu produto certo e antes da data prevista, bem antes.🌟🌟🌟🌟🌟","['recebi', 'meu', 'produto', 'certo', 'antes', 'da', 'data', 'prevista', 'bem', 'antes']",1.0,5,10,10
73199,"recebi o produto em perfeita condições, muito feliz com a aquisição do produto.Indico as lojas lannister a todos meus amigos.entrega dentro do prazo, minha filha está feliz com o presente que ganhou ","recebi o produto em perfeita condicoes, muito feliz com a aquisicao do produto.indico as lojas lannister a todos meus amigos.entrega dentro do prazo, minha filha esta feliz com o presente que ganhou ","['recebi', 'produto', 'em', 'perfeita', 'condicoes', 'muito', 'feliz', 'com', 'aquisicao', 'do', 'produto', 'indico', 'as', 'lojas', 'lannister', 'todos', 'meus', 'amigos', 'entrega', 'dentro', 'do', 'prazo', 'minha', 'filha', 'esta', 'feliz', 'com', 'presente', 'que', 'ganhou']",1.0,5,10,10
59890,"Produto de boa qualidade..um pouco menor do que esperava, mas bonito.","produto de boa qualidade..um pouco menor do que esperava, mas bonito.","['produto', 'de', 'boa', 'qualidade', 'um', 'pouco', 'menor', 'do', 'que', 'esperava', 'mas', 'bonito']",,3,-1,10
28264,Nota 10 ,nota 10 ,"['nota', '10']",1.0,5,10,10
83786,"A Entrega veio faltando mercadoria. Só recebi metade do pedido.
","a entrega veio faltando mercadoria. so recebi metade do pedido.
","['entrega', 'veio', 'faltando', 'mercadoria', 'so', 'recebi', 'metade', 'do', 'pedido']",0.0,1,10,10
89270,"Produto veio bem embalado, antes do prazo, com uma carta de dicas.","produto veio bem embalado, antes do prazo, com uma carta de dicas.","['produto', 'veio', 'bem', 'embalado', 'antes', 'do', 'prazo', 'com', 'uma', 'carta', 'de', 'dicas']",1.0,5,10,10
56907,Produto perfeito! Deixa o tablet seguro e bem protegido! Feito de ótimo material. Recomendo!,produto perfeito! deixa o tablet seguro e bem protegido! feito de otimo material. recomendo!,"['produto', 'perfeito', 'deixa', 'tablet', 'seguro', 'bem', 'protegido', 'feito', 'de', 'otimo', 'material', 'recomendo']",1.0,5,10,10
41128,"Entrega rápida, produto corresponde conforme a foto.","entrega rapida, produto corresponde conforme a foto.","['entrega', 'rapida', 'produto', 'corresponde', 'conforme', 'foto']",1.0,5,10,10
77304,Pedido entregue rápido antes do prazo.,pedido entregue rapido antes do prazo.,"['pedido', 'entregue', 'rapido', 'antes', 'do', 'prazo']",1.0,5,10,10
34430,Bom ,bom ,['bom'],1.0,5,10,10
43209,recebi um email dizendo q não seria possivel entregar o produto pois não tinha estoque do mesmo. Estou aguardando o credito para comprar em outra loja,recebi um email dizendo q nao seria possivel entregar o produto pois nao tinha estoque do mesmo. estou aguardando o credito para comprar em outra loja,"['recebi', 'um', 'email', 'dizendo', 'nao', 'seria', 'possivel', 'entregar', 'produto', 'pois', 'nao', 'tinha', 'estoque', 'do', 'mesmo', 'estou', 'aguardando', 'credito', 'para', 'comprar', 'em', 'outra', 'loja']",0.0,1,10,10
54579,Sem nenhum problema.,sem nenhum problema.,"['sem', 'nenhum', 'problema']",1.0,5,10,10
85086,Envie vários email para avisa sobre o atraso e até agora não recebi resposta. Espero que devolva o dinheiro. ,envie varios email para avisa sobre o atraso e ate agora nao recebi resposta. espero que devolva o dinheiro. ,"['envie', 'varios', 'email', 'para', 'avisa', 'sobre', 'atraso', 'ate', 'agora', 'nao', 'recebi', 'resposta', 'espero', 'que', 'devolva', 'dinheiro']",0.0,1,10,10
86078,"Comprei pela segunda vez e ainda não recebi, parceiro das Lojas lannister, não informa o cliente sobre emissão de NF e a entrega, tenho que ficar cobrando status do processo","comprei pela segunda vez e ainda nao recebi, parceiro das lojas lannister, nao informa o cliente sobre emissao de nf e a entrega, tenho que ficar cobrando status do processo","['comprei', 'pela', 'segunda', 'vez', 'ainda', 'nao', 'recebi', 'parceiro', 'das', 'lojas', 'lannister', 'nao', 'informa', 'cliente', 'sobre', 'emissao', 'de', 'nf', 'entrega', 'tenho', 'que', 'ficar', 'cobrando', 'status', 'do', 'processo']",0.0,1,10,10
72637,"Bom atendimento de rastreabilidade.
Prazo excelente.","bom atendimento de rastreabilidade.
prazo excelente.","['bom', 'atendimento', 'de', 'rastreabilidade', 'prazo', 'excelente']",1.0,5,10,10
84530,atendimento com o prazo de entrega muito bom no prazo,atendimento com o prazo de entrega muito bom no prazo,"['atendimento', 'com', 'prazo', 'de', 'entrega', 'muito', 'bom', 'no', 'prazo']",1.0,5,10,10
39815,"Entrega super rápida, veio bem antes do prazo estipulado! O produto é maravilhoso, atendeu todas as nossas expectativas e foi super aprovado pelo baby! Valeu!","entrega super rapida, veio bem antes do prazo estipulado! o produto e maravilhoso, atendeu todas as nossas expectativas e foi super aprovado pelo baby! valeu!","['entrega', 'super', 'rapida', 'veio', 'bem', 'antes', 'do', 'prazo', 'estipulado', 'produto', 'maravilhoso', 'atendeu', 'todas', 'as', 'nossas', 'expectativas', 'foi', 'super', 'aprovado', 'pelo', 'baby', 'valeu']",1.0,5,10,10
69648,Estou esperando o produto.,estou esperando o produto.,"['estou', 'esperando', 'produto']",0.0,1,10,10
33988,Ótimo produto,otimo produto,"['otimo', 'produto']",1.0,4,10,10
15245,Ótimo vendedor,otimo vendedor,"['otimo', 'vendedor']",1.0,5,10,10
94886,"Recebi 12 dias antes da data fornecida.
Eu recomendo","recebi 12 dias antes da data fornecida.
eu recomendo","['recebi', '12', 'dias', 'antes', 'da', 'data', 'fornecida', 'eu', 'recomendo']",1.0,5,10,10
65329,Boa empresa!,boa empresa!,"['boa', 'empresa']",1.0,5,10,10
17779,"Ótima relação custo x benefício. Produto conforme o esperado. O manual de instruções poderia ser disponibilizado em pdf, pois é uma simples impressão. A entrega demorou muito. ","otima relacao custo x beneficio. produto conforme o esperado. o manual de instrucoes poderia ser disponibilizado em pdf, pois e uma simples impressao. a entrega demorou muito. ","['otima', 'relacao', 'custo', 'beneficio', 'produto', 'conforme', 'esperado', 'manual', 'de', 'instrucoes', 'poderia', 'ser', 'disponibilizado', 'em', 'pdf', 'pois', 'uma', 'simples', 'impressao', 'entrega', 'demorou', 'muito']",1.0,5,10,10
69777,"demorou um pouco a postagem, mais foi entregue dentro do prazo.","demorou um pouco a postagem, mais foi entregue dentro do prazo.","['demorou', 'um', 'pouco', 'postagem', 'mais', 'foi', 'entregue', 'dentro', 'do', 'prazo']",1.0,5,10,10
51957,Eu tinha pedido o cancelamento mais não precisa cancelar obrigada,eu tinha pedido o cancelamento mais nao precisa cancelar obrigada,"['eu', 'tinha', 'pedido', 'cancelamento', 'mais', 'nao', 'precisa', 'cancelar', 'obrigada']",1.0,5,10,10
96032,quero meu produto.Mais de um mes que foi pedido,quero meu produto.mais de um mes que foi pedido,"['quero', 'meu', 'produto', 'mais', 'de', 'um', 'mes', 'que', 'foi', 'pedido']",0.0,1,10,10
82318,Produto muito bonito e a entrega foi super rápida.,produto muito bonito e a entrega foi super rapida.,"['produto', 'muito', 'bonito', 'entrega', 'foi', 'super', 'rapida']",1.0,4,10,10
30633,"Gostei muito de comprar com esse vendedor , pois nos fornece todas as informações necessárias .","gostei muito de comprar com esse vendedor , pois nos fornece todas as informacoes necessarias .","['gostei', 'muito', 'de', 'comprar', 'com', 'esse', 'vendedor', 'pois', 'nos', 'fornece', 'todas', 'as', 'informacoes', 'necessarias']",1.0,5,10,10
24938,"O produto demorou aproximadamente 50 dias para ser entregue. Além disso eles me enviaram um produto de outro modelo, totalmente divergente ao anunciado. FUJAM da parceira targaryen.","o produto demorou aproximadamente 50 dias para ser entregue. alem disso eles me enviaram um produto de outro modelo, totalmente divergente ao anunciado. fujam da parceira targaryen.","['produto', 'demorou', 'aproximadamente', '50', 'dias', 'para', 'ser', 'entregue', 'alem', 'disso', 'eles', 'me', 'enviaram', 'um', 'produto', 'de', 'outro', 'modelo', 'totalmente', 'divergente', 'ao', 'anunciado', 'fujam', 'da', 'parceira', 'targaryen']",0.0,1,10,10
55787,Muito top!,muito top!,"['muito', 'top']",1.0,5,10,10
22454,"Tecido muito fino e não para no box, escorrega conforme mexe o colchão","tecido muito fino e nao para no box, escorrega conforme mexe o colchao","['tecido', 'muito', 'fino', 'nao', 'para', 'no', 'box', 'escorrega', 'conforme', 'mexe', 'colchao']",0.0,1,10,10
43196,"Realmente lindas!! Tenho usado bastante, não manchou nem perdeu o brilho. Valeu cada centavo... Só não dei 5 estrelas porque achei o parafuso que prende as tampas é muito pequeno.","realmente lindas!! tenho usado bastante, nao manchou nem perdeu o brilho. valeu cada centavo... so nao dei 5 estrelas porque achei o parafuso que prende as tampas e muito pequeno.","['realmente', 'lindas', 'tenho', 'usado', 'bastante', 'nao', 'manchou', 'nem', 'perdeu', 'brilho', 'valeu', 'cada', 'centavo', 'so', 'nao', 'dei', 'estrelas', 'porque', 'achei', 'parafuso', 'que', 'prende', 'as', 'tampas', 'muito', 'pequeno']",1.0,4,10,10
5600,A entrega foi bem antes do esperado. O produto é de qualidade venho em uma embalagem perfeita. ,a entrega foi bem antes do esperado. o produto e de qualidade venho em uma embalagem perfeita. ,"['entrega', 'foi', 'bem', 'antes', 'do', 'esperado', 'produto', 'de', 'qualidade', 'venho', 'em', 'uma', 'embalagem', 'perfeita']",1.0,5,10,10
9502,"O produto não serve para a Side by Side SS77X, conforme anunciado.
Já solicitei a devolução.","o produto nao serve para a side by side ss77x, conforme anunciado.
ja solicitei a devolucao.","['produto', 'nao', 'serve', 'para', 'side', 'by', 'side', 'ss77x', 'conforme', 'anunciado', 'ja', 'solicitei', 'devolucao']",0.0,1,10,10
55752,Recomendo. Produtos de ótima qualidade.,recomendo. produtos de otima qualidade.,"['recomendo', 'produtos', 'de', 'otima', 'qualidade']",1.0,5,10,10
1403,"Acho que deveriam mudar o modo de entrega, pois os Correios deixam muito a desejar. Vieram uma única vez entregar meu produto e foi um domingo à tarde e mandaram de volta pro remetente o produto.","acho que deveriam mudar o modo de entrega, pois os correios deixam muito a desejar. vieram uma unica vez entregar meu produto e foi um domingo a tarde e mandaram de volta pro remetente o produto.","['acho', 'que', 'deveriam', 'mudar', 'modo', 'de', 'entrega', 'pois', 'os', 'correios', 'deixam', 'muito', 'desejar', 'vieram', 'uma', 'unica', 'vez', 'entregar', 'meu', 'produto', 'foi', 'um', 'domingo', 'tarde', 'mandaram', 'de', 'volta', 'pro', 'remetente', 'produto']",0.0,2,10,10
62166,entrega antes do prazo,entrega antes do prazo,"['entrega', 'antes', 'do', 'prazo']",1.0,5,10,10
58297,"sem preocupação com o cliente, não há transparência, pois não mantem nenhum canal de comunicação direta. quero o cancelamento e devolução do dinheiro.","sem preocupacao com o cliente, nao ha transparencia, pois nao mantem nenhum canal de comunicacao direta. quero o cancelamento e devolucao do dinheiro.","['sem', 'preocupacao', 'com', 'cliente', 'nao', 'ha', 'transparencia', 'pois', 'nao', 'mantem', 'nenhum', 'canal', 'de', 'comunicacao', 'direta', 'quero', 'cancelamento', 'devolucao', 'do', 'dinheiro']",0.0,1,10,10
53037,"TEM 40 DIAS QUE COMPREI 2 CADEIRAS 1 ROSA E 1 AZUL, NO DIA 13/03/2018 FOI ME ENTREGUE APENAS UM VOLUME CONSTANDO SOMENTE A CEDEIRA ROSA E A NOTA FISCAL PREGADA NO VOLUME CONSTANDO AS 2 CADEIRAS.","tem 40 dias que comprei 2 cadeiras 1 rosa e 1 azul, no dia 13/03/2018 foi me entregue apenas um volume constando somente a cedeira rosa e a nota fiscal pregada no volume constando as 2 cadeiras.","['tem', '40', 'dias', 'que', 'comprei', 'cadeiras', 'rosa', 'azul', 'no', 'dia', '13', '03', '2018', 'foi', 'me', 'entregue', 'apenas', 'um', 'volume', 'constando', 'somente', 'cedeira', 'rosa', 'nota', 'fiscal', 'pregada', 'no', 'volume', 'constando', 'as', 'cadeiras']",0.0,1,10,10
94853,Muito bom o produto é entregue no prazo,muito bom o produto e entregue no prazo,"['muito', 'bom', 'produto', 'entregue', 'no', 'prazo']",1.0,5,10,10
42057,"Não solicitei cancelamento de pedido, queriam entregar o produto nos correios, mas paguei frete para receber em casa. Recebi vários email que não correspondem à verdade dos fatos.","nao solicitei cancelamento de pedido, queriam entregar o produto nos correios, mas paguei frete para receber em casa. recebi varios email que nao correspondem a verdade dos fatos.","['nao', 'solicitei', 'cancelamento', 'de', 'pedido', 'queriam', 'entregar', 'produto', 'nos', 'correios', 'mas', 'paguei', 'frete', 'para', 'receber', 'em', 'casa', 'recebi', 'varios', 'email', 'que', 'nao', 'correspondem', 'verdade', 'dos', 'fatos']",0.0,1,10,10
93402,Chegou dentro do prazo e em bom estado,chegou dentro do prazo e em bom estado,"['chegou', 'dentro', 'do', 'prazo', 'em', 'bom', 'estado']",1.0,4,10,10
70302,"O processo de compra foi super rápido e a entrega aconteceu no prazo. Quanto ao produto ainda nao utilizei e não posso avaliar, mas o serviço da lannister foi muito bom.","o processo de compra foi super rapido e a entrega aconteceu no prazo. quanto ao produto ainda nao utilizei e nao posso avaliar, mas o servico da lannister foi muito bom.","['processo', 'de', 'compra', 'foi', 'super', 'rapido', 'entrega', 'aconteceu', 'no', 'prazo', 'quanto', 'ao', 'produto', 'ainda', 'nao', 'utilizei', 'nao', 'posso', 'avaliar', 'mas', 'servico', 'da', 'lannister', 'foi', 'muito', 'bom']",1.0,5,10,10
39803,"Tudo certinho, chegou no prazo.","tudo certinho, chegou no prazo.","['tudo', 'certinho', 'chegou', 'no', 'prazo']",1.0,4,10,10
3166,"Lojas americana, cumpre o que vende !!! Meu produto chegou antes do prazo.. Obrigado !!!","lojas americana, cumpre o que vende !!! meu produto chegou antes do prazo.. obrigado !!!","['lojas', 'americana', 'cumpre', 'que', 'vende', 'meu', 'produto', 'chegou', 'antes', 'do', 'prazo', 'obrigado']",1.0,5,10,10
75075,ENTREGARAM 1 DOS TRES ITENS COMPRADOS QUE CONSTAVAM NA NF,entregaram 1 dos tres itens comprados que constavam na nf,"['entregaram', 'dos', 'tres', 'itens', 'comprados', 'que', 'constavam', 'na', 'nf']",0.0,1,10,10
95532,Tudo certo.,tudo certo.,"['tudo', 'certo']",1.0,5,10,10
22960,Era o esperado,era o esperado,"['era', 'esperado']",1.0,4,10,10
17150,"Negociantes assim não pode faltar no mercado, ","negociantes assim nao pode faltar no mercado, ","['negociantes', 'assim', 'nao', 'pode', 'faltar', 'no', 'mercado']",1.0,5,10,10
97381,Indico otimos pneus!👏,indico otimos pneus!👏,"['indico', 'otimos', 'pneus']",1.0,5,10,10
44919,nenhum comunicado foi me passado.,nenhum comunicado foi me passado.,"['nenhum', 'comunicado', 'foi', 'me', 'passado']",0.0,1,10,10
12011,"Faz um mês que espero e ainda não chegou,preciso saber se vai chegar ou quero meu valor pago de volta!","faz um mes que espero e ainda nao chegou,preciso saber se vai chegar ou quero meu valor pago de volta!","['faz', 'um', 'mes', 'que', 'espero', 'ainda', 'nao', 'chegou', 'preciso', 'saber', 'se', 'vai', 'chegar', 'ou', 'quero', 'meu', 'valor', 'pago', 'de', 'volta']",,3,-1,10
63906,Bom produto. Boa empresa: entregou no prazo combinado e sem problemas. Compraria novamente.,bom produto. boa empresa: entregou no prazo combinado e sem problemas. compraria novamente.,"['bom', 'produto', 'boa', 'empresa', 'entregou', 'no', 'prazo', 'combinado', 'sem', 'problemas', 'compraria', 'novamente']",1.0,4,10,10
70001,Bom só deveriam avisar que não seria entregue na residência e sim nos correios.,bom so deveriam avisar que nao seria entregue na residencia e sim nos correios.,"['bom', 'so', 'deveriam', 'avisar', 'que', 'nao', 'seria', 'entregue', 'na', 'residencia', 'sim', 'nos', 'correios']",1.0,4,10,10
97170,Veio faltando um produto eu pedi 2 unidades e chegou somente uma.Gostaria de saber o que aconteceu com o outro porque estou pagando 2 produtos e recebi somente um?,veio faltando um produto eu pedi 2 unidades e chegou somente uma.gostaria de saber o que aconteceu com o outro porque estou pagando 2 produtos e recebi somente um?,"['veio', 'faltando', 'um', 'produto', 'eu', 'pedi', 'unidades', 'chegou', 'somente', 'uma', 'gostaria', 'de', 'saber', 'que', 'aconteceu', 'com', 'outro', 'porque', 'estou', 'pagando', 'produtos', 'recebi', 'somente', 'um']",0.0,1,10,10
38414,Otimo ,otimo ,['otimo'],1.0,5,10,10
68897,"Chegou até antes do previsto , só não gostei pq a peça parecia maior no anúncio.","chegou ate antes do previsto , so nao gostei pq a peca parecia maior no anuncio.","['chegou', 'ate', 'antes', 'do', 'previsto', 'so', 'nao', 'gostei', 'pq', 'peca', 'parecia', 'maior', 'no', 'anuncio']",1.0,4,10,10
52892,Aguardo receber o produto,aguardo receber o produto,"['aguardo', 'receber', 'produto']",0.0,2,10,10
18013,Produto entregue prazo ,produto entregue prazo ,"['produto', 'entregue', 'prazo']",1.0,5,10,10
82202,Houve avaria na embalagem. O produto foi para outro destino antes deste. A foto do produto não confere com o que recebi. O produto parece funcionar. Ainda não encontrei um aplicativo para testar,houve avaria na embalagem. o produto foi para outro destino antes deste. a foto do produto nao confere com o que recebi. o produto parece funcionar. ainda nao encontrei um aplicativo para testar,"['houve', 'avaria', 'na', 'embalagem', 'produto', 'foi', 'para', 'outro', 'destino', 'antes', 'deste', 'foto', 'do', 'produto', 'nao', 'confere', 'com', 'que', 'recebi', 'produto', 'parece', 'funcionar', 'ainda', 'nao', 'encontrei', 'um', 'aplicativo', 'para', 'testar']",0.0,1,10,10
14586,"Entrega no prazo, produto correto, mas o relógio não funciona ","entrega no prazo, produto correto, mas o relogio nao funciona ","['entrega', 'no', 'prazo', 'produto', 'correto', 'mas', 'relogio', 'nao', 'funciona']",,3,-1,10
43063,"M/ referência se dará só qto a compra e entrega do produto, q se deu no prazo até antecipado ao prometido. Mas só indicarei a loja depois, de usar o remédio e obter o resultado.M/ cumprimentos às
LAm","m/ referencia se dara so qto a compra e entrega do produto, q se deu no prazo ate antecipado ao prometido. mas so indicarei a loja depois, de usar o remedio e obter o resultado.m/ cumprimentos as
lam","['referencia', 'se', 'dara', 'so', 'qto', 'compra', 'entrega', 'do', 'produto', 'se', 'deu', 'no', 'prazo', 'ate', 'antecipado', 'ao', 'prometido', 'mas', 'so', 'indicarei', 'loja', 'depois', 'de', 'usar', 'remedio', 'obter', 'resultado', 'cumprimentos', 'as', 'lam']",1.0,4,10,10
18872,"A loja ótima, o produto ainda não sei.","a loja otima, o produto ainda nao sei.","['loja', 'otima', 'produto', 'ainda', 'nao', 'sei']",1.0,4,10,10
54041,"O produto que comprei não correspondeu ao esperado, a qualidade do material deixou a desejar, além do que, comprei tapete para o Honda City 2015 e não coube no mesmo.
","o produto que comprei nao correspondeu ao esperado, a qualidade do material deixou a desejar, alem do que, comprei tapete para o honda city 2015 e nao coube no mesmo.
","['produto', 'que', 'comprei', 'nao', 'correspondeu', 'ao', 'esperado', 'qualidade', 'do', 'material', 'deixou', 'desejar', 'alem', 'do', 'que', 'comprei', 'tapete', 'para', 'honda', 'city', '2015', 'nao', 'coube', 'no', 'mesmo']",0.0,2,10,10
57015,produto de má qualidade,produto de ma qualidade,"['produto', 'de', 'ma', 'qualidade']",0.0,1,10,10
74044,"O material é excelente, chegou dentro do prazo e o preço ta ótimo","o material e excelente, chegou dentro do prazo e o preco ta otimo","['material', 'excelente', 'chegou', 'dentro', 'do', 'prazo', 'preco', 'ta', 'otimo']",1.0,5,10,10
66957,"Muito satisfeito , tudo OK
","muito satisfeito , tudo ok
","['muito', 'satisfeito', 'tudo', 'ok']",1.0,5,10,10
72819,ok,ok,['ok'],1.0,4,10,10
13619,"Foi
Poditiva a experiência de compra.","foi
poditiva a experiencia de compra.","['foi', 'poditiva', 'experiencia', 'de', 'compra']",1.0,5,10,10
19355,"Entrega rápida, produto igual ao anunciado.","entrega rapida, produto igual ao anunciado.","['entrega', 'rapida', 'produto', 'igual', 'ao', 'anunciado']",1.0,5,10,10
14455,"Não veio na cor conforme o anuncio, a mochila não tem espuma interna. No mais tudo tranquilo","nao veio na cor conforme o anuncio, a mochila nao tem espuma interna. no mais tudo tranquilo","['nao', 'veio', 'na', 'cor', 'conforme', 'anuncio', 'mochila', 'nao', 'tem', 'espuma', 'interna', 'no', 'mais', 'tudo', 'tranquilo']",0.0,2,10,10
44752,produto chegou intacto,produto chegou intacto,"['produto', 'chegou', 'intacto']",1.0,5,10,10
73431,"O produto é bom, fácil de usar, bom para auto defesa.","o produto e bom, facil de usar, bom para auto defesa.","['produto', 'bom', 'facil', 'de', 'usar', 'bom', 'para', 'auto', 'defesa']",1.0,4,10,10
10437,"Pedi o cancelamento deste produto, mas a loja ou o sistema do site da lannister não cancelaram. O produto foi deixado na agência dos Correios. Não pretendo ir buscá-lo. Desejo o estorno do valor.","pedi o cancelamento deste produto, mas a loja ou o sistema do site da lannister nao cancelaram. o produto foi deixado na agencia dos correios. nao pretendo ir busca-lo. desejo o estorno do valor.","['pedi', 'cancelamento', 'deste', 'produto', 'mas', 'loja', 'ou', 'sistema', 'do', 'site', 'da', 'lannister', 'nao', 'cancelaram', 'produto', 'foi', 'deixado', 'na', 'agencia', 'dos', 'correios', 'nao', 'pretendo', 'ir', 'busca', 'lo', 'desejo', 'estorno', 'do', 'valor']",0.0,1,10,10
34642,"Após 20 dias aguardando a entrega, a compra foi cancelada. A loja oferece produtos por um preco baixo, mas não entrega e faz o cliente esperar prazos absurdos . Não recomendo esta loja.","apos 20 dias aguardando a entrega, a compra foi cancelada. a loja oferece produtos por um preco baixo, mas nao entrega e faz o cliente esperar prazos absurdos . nao recomendo esta loja.","['apos', '20', 'dias', 'aguardando', 'entrega', 'compra', 'foi', 'cancelada', 'loja', 'oferece', 'produtos', 'por', 'um', 'preco', 'baixo', 'mas', 'nao', 'entrega', 'faz', 'cliente', 'esperar', 'prazos', 'absurdos', 'nao', 'recomendo', 'esta', 'loja']",0.0,1,10,10
32318,"Compei uma pingente e nunca chegou, comprei dia 06 de janeiro hj é 08 de fervereiro e nada.","compei uma pingente e nunca chegou, comprei dia 06 de janeiro hj e 08 de fervereiro e nada.","['compei', 'uma', 'pingente', 'nunca', 'chegou', 'comprei', 'dia', '06', 'de', 'janeiro', 'hj', '08', 'de', 'fervereiro', 'nada']",0.0,1,10,10
8084,Atendimento ótimo.,atendimento otimo.,"['atendimento', 'otimo']",1.0,5,10,10
21497,produto chegou pela metade,produto chegou pela metade,"['produto', 'chegou', 'pela', 'metade']",0.0,1,10,10
97522,"entrega demorada e pouca informação, se o produto for vendido por outro site darei a preferencia","entrega demorada e pouca informacao, se o produto for vendido por outro site darei a preferencia","['entrega', 'demorada', 'pouca', 'informacao', 'se', 'produto', 'for', 'vendido', 'por', 'outro', 'site', 'darei', 'preferencia']",,3,-1,10
47552,Qualidade muito inferior ao dá foto. Decepção. ,qualidade muito inferior ao da foto. decepcao. ,"['qualidade', 'muito', 'inferior', 'ao', 'da', 'foto', 'decepcao']",0.0,1,10,10
21055,"Pessimo o produto de má qualidade, tecido horrivel, não é igual a foto.
\não recomendo esse produto","pessimo o produto de ma qualidade, tecido horrivel, nao e igual a foto.
\nao recomendo esse produto","['pessimo', 'produto', 'de', 'ma', 'qualidade', 'tecido', 'horrivel', 'nao', 'igual', 'foto', 'nao', 'recomendo', 'esse', 'produto']",0.0,2,10,10
10817,PENA QUE VEIO FALTANDO UMA PARTE DA MAQUIAGEM.,pena que veio faltando uma parte da maquiagem.,"['pena', 'que', 'veio', 'faltando', 'uma', 'parte', 'da', 'maquiagem']",,3,-1,10
40076,É medicamento requer tempo pra saber ainda,e medicamento requer tempo pra saber ainda,"['medicamento', 'requer', 'tempo', 'pra', 'saber', 'ainda']",,3,-1,10
36225,"Tudo 100% desde o Pedido até a Entrega e a Qualidade, Satisfeito,
RECOMENDO...","tudo 100% desde o pedido ate a entrega e a qualidade, satisfeito,
recomendo...","['tudo', '100', 'desde', 'pedido', 'ate', 'entrega', 'qualidade', 'satisfeito', 'recomendo']",1.0,5,10,10
63235,muito bom ,muito bom ,"['muito', 'bom']",1.0,5,10,10
52227,Produto entregue com rapidez e qualidade,produto entregue com rapidez e qualidade,"['produto', 'entregue', 'com', 'rapidez', 'qualidade']",1.0,5,10,10
4077,"A luminária é linda, tem um tamanho excelente e o acabamento é bem bom. 
","a luminaria e linda, tem um tamanho excelente e o acabamento e bem bom. 
","['luminaria', 'linda', 'tem', 'um', 'tamanho', 'excelente', 'acabamento', 'bem', 'bom']",1.0,5,10,10
66401,Vale a pena,vale a pena,"['vale', 'pena']",1.0,5,10,10
12240,"Das cinco cadeiras que comprei chegaram somente duas com acabamento em tecido, o pedido foi feito com acabamento em corino...
","das cinco cadeiras que comprei chegaram somente duas com acabamento em tecido, o pedido foi feito com acabamento em corino...
","['das', 'cinco', 'cadeiras', 'que', 'comprei', 'chegaram', 'somente', 'duas', 'com', 'acabamento', 'em', 'tecido', 'pedido', 'foi', 'feito', 'com', 'acabamento', 'em', 'corino']",0.0,1,10,10
65417,Apesar de bem embalado o prato já veio riscado,apesar de bem embalado o prato ja veio riscado,"['apesar', 'de', 'bem', 'embalado', 'prato', 'ja', 'veio', 'riscado']",1.0,4,10,10
78525,"Super satisfeita com a compra feita, a entrega e o suporte e atenção com o cliente.","super satisfeita com a compra feita, a entrega e o suporte e atencao com o cliente.","['super', 'satisfeita', 'com', 'compra', 'feita', 'entrega', 'suporte', 'atencao', 'com', 'cliente']",1.0,5,10,10
97423,Entrega rápida,entrega rapida,"['entrega', 'rapida']",1.0,5,10,10
56538,"Produto Bom, e foi entregue antes do Esperado.","produto bom, e foi entregue antes do esperado.","['produto', 'bom', 'foi', 'entregue', 'antes', 'do', 'esperado']",1.0,5,10,10
13207,"Comprei, paguei, e não entregaram!","comprei, paguei, e nao entregaram!","['comprei', 'paguei', 'nao', 'entregaram']",0.0,1,10,10
51260,excelente,excelente,['excelente'],1.0,5,10,10
11532,Tdos estão de parabéns...,tdos estao de parabens...,"['tdos', 'estao', 'de', 'parabens']",1.0,4,10,10
79746,Essa targaryen eu recomendaria!!! Agora lannister e eli magazine nao!!,essa targaryen eu recomendaria!!! agora lannister e eli magazine nao!!,"['essa', 'targaryen', 'eu', 'recomendaria', 'agora', 'lannister', 'eli', 'magazine', 'nao']",0.0,1,10,10
2600,"Comprei 6 cartuchos, recebi apenas 4 unidades após o prazo de entrega, e ate hoje estou tentando entrar em contato para uma solução, mas sem sucesso. ","comprei 6 cartuchos, recebi apenas 4 unidades apos o prazo de entrega, e ate hoje estou tentando entrar em contato para uma solucao, mas sem sucesso. ","['comprei', 'cartuchos', 'recebi', 'apenas', 'unidades', 'apos', 'prazo', 'de', 'entrega', 'ate', 'hoje', 'estou', 'tentando', 'entrar', 'em', 'contato', 'para', 'uma', 'solucao', 'mas', 'sem', 'sucesso']",0.0,1,10,10
64538,Recebi o produto antes do prazo combinado..o produto era o que eu esperava.,recebi o produto antes do prazo combinado..o produto era o que eu esperava.,"['recebi', 'produto', 'antes', 'do', 'prazo', 'combinado', 'produto', 'era', 'que', 'eu', 'esperava']",1.0,5,10,10
81965,Cumpre com oque promete ,cumpre com oque promete ,"['cumpre', 'com', 'oque', 'promete']",1.0,5,10,10
6144,Gostei entregou o produto certo e até antes do prazo estipulado. muito bom!!,gostei entregou o produto certo e ate antes do prazo estipulado. muito bom!!,"['gostei', 'entregou', 'produto', 'certo', 'ate', 'antes', 'do', 'prazo', 'estipulado', 'muito', 'bom']",1.0,5,10,10
25486,"Primeira vez que faço compra com eles , comprei um cartucho dá marca Canon e eles me enviaram o compatível .Resultado não funcionou na minha impressora","primeira vez que faco compra com eles , comprei um cartucho da marca canon e eles me enviaram o compativel .resultado nao funcionou na minha impressora","['primeira', 'vez', 'que', 'faco', 'compra', 'com', 'eles', 'comprei', 'um', 'cartucho', 'da', 'marca', 'canon', 'eles', 'me', 'enviaram', 'compativel', 'resultado', 'nao', 'funcionou', 'na', 'minha', 'impressora']",0.0,1,10,10
52460,"péssimo serviço de atendimento para resolver problemas, venho passando por um via crúcis para receber uma informação. e agora para cancelar a venda","pessimo servico de atendimento para resolver problemas, venho passando por um via crucis para receber uma informacao. e agora para cancelar a venda","['pessimo', 'servico', 'de', 'atendimento', 'para', 'resolver', 'problemas', 'venho', 'passando', 'por', 'um', 'via', 'crucis', 'para', 'receber', 'uma', 'informacao', 'agora', 'para', 'cancelar', 'venda']",0.0,1,10,10
99672,"A cadeira veio com defeito de fabrica, uma solta para encaixar as partes em um lugar totalmente errado. E fora isso um pe veio com um pedacinho quebrado e a capa plastica branca do pistao veio rsagada","a cadeira veio com defeito de fabrica, uma solta para encaixar as partes em um lugar totalmente errado. e fora isso um pe veio com um pedacinho quebrado e a capa plastica branca do pistao veio rsagada","['cadeira', 'veio', 'com', 'defeito', 'de', 'fabrica', 'uma', 'solta', 'para', 'encaixar', 'as', 'partes', 'em', 'um', 'lugar', 'totalmente', 'errado', 'fora', 'isso', 'um', 'pe', 'veio', 'com', 'um', 'pedacinho', 'quebrado', 'capa', 'plastica', 'branca', 'do', 'pistao', 'veio', 'rsagada']",0.0,1,10,10
42534,"MUITO BOM, SEMPRE...","muito bom, sempre...","['muito', 'bom', 'sempre']",1.0,5,10,10
61940,Uma rede macia e grande. Adorei. Recomendo!!,uma rede macia e grande. adorei. recomendo!!,"['uma', 'rede', 'macia', 'grande', 'adorei', 'recomendo']",1.0,5,10,10
97951,"Não foi entregue no endereço solicitado.
","nao foi entregue no endereco solicitado.
","['nao', 'foi', 'entregue', 'no', 'endereco', 'solicitado']",0.0,1,10,10
90290,òtimo,otimo,['otimo'],1.0,5,10,10
60787,"Bom,porém achei mto pequeno","bom,porem achei mto pequeno","['bom', 'porem', 'achei', 'mto', 'pequeno']",1.0,4,10,10
85386,"Até o momento não recebi a encomenda, iria dá de presente e o aniversário foi ontem. Muito chateada.","ate o momento nao recebi a encomenda, iria da de presente e o aniversario foi ontem. muito chateada.","['ate', 'momento', 'nao', 'recebi', 'encomenda', 'iria', 'da', 'de', 'presente', 'aniversario', 'foi', 'ontem', 'muito', 'chateada']",0.0,1,10,10
3772,Nao recebi o produto.,nao recebi o produto.,"['nao', 'recebi', 'produto']",0.0,1,10,10
28455,"Foi uma compra maravilhosa,e a entrega do produto foi surpreendente ,pois foi muito rápido nada a reclamar","foi uma compra maravilhosa,e a entrega do produto foi surpreendente ,pois foi muito rapido nada a reclamar","['foi', 'uma', 'compra', 'maravilhosa', 'entrega', 'do', 'produto', 'foi', 'surpreendente', 'pois', 'foi', 'muito', 'rapido', 'nada', 'reclamar']",1.0,5,10,10
68178,"Excelente
Entrega antes do prazo
Ameiiii","excelente
entrega antes do prazo
ameiiii","['excelente', 'entrega', 'antes', 'do', 'prazo', 'ameiiii']",1.0,5,10,10
86377,"Primeira vez que compro no site da lannister, e tudo veio certinho e no prazo. Super aprovada e podem comprar sem medo. Loja Top :)","primeira vez que compro no site da lannister, e tudo veio certinho e no prazo. super aprovada e podem comprar sem medo. loja top :)","['primeira', 'vez', 'que', 'compro', 'no', 'site', 'da', 'lannister', 'tudo', 'veio', 'certinho', 'no', 'prazo', 'super', 'aprovada', 'podem', 'comprar', 'sem', 'medo', 'loja', 'top']",1.0,5,10,10
305,", muito ruim ! ",", muito ruim ! ","['muito', 'ruim']",0.0,1,10,10
7328,produto entre como combinado e muito bem embalado,produto entre como combinado e muito bem embalado,"['produto', 'entre', 'como', 'combinado', 'muito', 'bem', 'embalado']",1.0,4,10,10
69753,eu recebi a chopeira na quinta feira na sexta feira testei ela .a torneira está vazando e estufou a madeira embaixo .como faço? ,eu recebi a chopeira na quinta feira na sexta feira testei ela .a torneira esta vazando e estufou a madeira embaixo .como faco? ,"['eu', 'recebi', 'chopeira', 'na', 'quinta', 'feira', 'na', 'sexta', 'feira', 'testei', 'ela', 'torneira', 'esta', 'vazando', 'estufou', 'madeira', 'embaixo', 'como', 'faco']",1.0,4,10,10
54825,"Estou muito satisfeita com o atendimento . 
Maravilhoso trabalho .","estou muito satisfeita com o atendimento . 
maravilhoso trabalho .","['estou', 'muito', 'satisfeita', 'com', 'atendimento', 'maravilhoso', 'trabalho']",1.0,5,10,10
25364,simplesmente não entregaram e sequer deram alguma satisfação,simplesmente nao entregaram e sequer deram alguma satisfacao,"['simplesmente', 'nao', 'entregaram', 'sequer', 'deram', 'alguma', 'satisfacao']",0.0,1,10,10
8249,Realizei a compra de 3 unidades.Mas qual foi minha surpresa ao receber a caixa.Havia apenas uma unidade e a nota em anexo constavam as 3 .De imediato entrei em contato com os Correios .Me informaram q,realizei a compra de 3 unidades.mas qual foi minha surpresa ao receber a caixa.havia apenas uma unidade e a nota em anexo constavam as 3 .de imediato entrei em contato com os correios .me informaram q,"['realizei', 'compra', 'de', 'unidades', 'mas', 'qual', 'foi', 'minha', 'surpresa', 'ao', 'receber', 'caixa', 'havia', 'apenas', 'uma', 'unidade', 'nota', 'em', 'anexo', 'constavam', 'as', 'de', 'imediato', 'entrei', 'em', 'contato', 'com', 'os', 'correios', 'me', 'informaram']",0.0,1,10,10
58705,Não recebi o produto Relógio Feminino de Pulso Hello Kitty Infantil Adulto Rosa Bebê que veio faturado na NOVA junto com o Mp3 também da Hello Kitty. ,nao recebi o produto relogio feminino de pulso hello kitty infantil adulto rosa bebe que veio faturado na nova junto com o mp3 tambem da hello kitty. ,"['nao', 'recebi', 'produto', 'relogio', 'feminino', 'de', 'pulso', 'hello', 'kitty', 'infantil', 'adulto', 'rosa', 'bebe', 'que', 'veio', 'faturado', 'na', 'nova', 'junto', 'com', 'mp3', 'tambem', 'da', 'hello', 'kitty']",0.0,1,10,10
72579,otimos produtos perfeita qualidade estou muito satisfeito,otimos produtos perfeita qualidade estou muito satisfeito,"['otimos', 'produtos', 'perfeita', 'qualidade', 'estou', 'muito', 'satisfeito']",1.0,5,10,10
28459,MUITO BOA,muito boa,"['muito', 'boa']",1.0,5,10,10
40286,"Muito bom, comprei o produto , o prazo era extenso, porem , recebi muito antes do prazo final. ","muito bom, comprei o produto , o prazo era extenso, porem , recebi muito antes do prazo final. ","['muito', 'bom', 'comprei', 'produto', 'prazo', 'era', 'extenso', 'porem', 'recebi', 'muito', 'antes', 'do', 'prazo', 'final']",1.0,5,10,10
32319,"Só foi entregue o cartucho da tinta preta. Falta o outro cartucho da tinta colorida. Entretanto, a cobrança foi dos 2 cartuchos e ainda foi duplicado o valor do frete.","so foi entregue o cartucho da tinta preta. falta o outro cartucho da tinta colorida. entretanto, a cobranca foi dos 2 cartuchos e ainda foi duplicado o valor do frete.","['so', 'foi', 'entregue', 'cartucho', 'da', 'tinta', 'preta', 'falta', 'outro', 'cartucho', 'da', 'tinta', 'colorida', 'entretanto', 'cobranca', 'foi', 'dos', 'cartuchos', 'ainda', 'foi', 'duplicado', 'valor', 'do', 'frete']",0.0,1,10,10
28376,Recomendo não comprar produtos que são entregue por outras empresas que não forem das lojas lannister.,recomendo nao comprar produtos que sao entregue por outras empresas que nao forem das lojas lannister.,"['recomendo', 'nao', 'comprar', 'produtos', 'que', 'sao', 'entregue', 'por', 'outras', 'empresas', 'que', 'nao', 'forem', 'das', 'lojas', 'lannister']",0.0,1,10,10
33868,"Pedi uma coisa e recebi outra!!!
Um absurdo!!! Compro várias vezes na lannister e nunca aconteceu isso!!","pedi uma coisa e recebi outra!!!
um absurdo!!! compro varias vezes na lannister e nunca aconteceu isso!!","['pedi', 'uma', 'coisa', 'recebi', 'outra', 'um', 'absurdo', 'compro', 'varias', 'vezes', 'na', 'lannister', 'nunca', 'aconteceu', 'isso']",0.0,1,10,10
54245,"Satisfeita com a compra, entrega e qualidade, parabéns a toda equipe envolvida!!!","satisfeita com a compra, entrega e qualidade, parabens a toda equipe envolvida!!!","['satisfeita', 'com', 'compra', 'entrega', 'qualidade', 'parabens', 'toda', 'equipe', 'envolvida']",1.0,5,10,10
79998,O produto chegou como o esperado mais no decorrer da entrega meu produto veio amassado e caixa rasgada... sei que a culpa fio dos correios.,o produto chegou como o esperado mais no decorrer da entrega meu produto veio amassado e caixa rasgada... sei que a culpa fio dos correios.,"['produto', 'chegou', 'como', 'esperado', 'mais', 'no', 'decorrer', 'da', 'entrega', 'meu', 'produto', 'veio', 'amassado', 'caixa', 'rasgada', 'sei', 'que', 'culpa', 'fio', 'dos', 'correios']",,3,-1,10
17199,Nao gostei do produto pois veio com detalhes no acabamento e com sinais que ja foram uzados,nao gostei do produto pois veio com detalhes no acabamento e com sinais que ja foram uzados,"['nao', 'gostei', 'do', 'produto', 'pois', 'veio', 'com', 'detalhes', 'no', 'acabamento', 'com', 'sinais', 'que', 'ja', 'foram', 'uzados']",0.0,1,10,10
75332,"A empresa deveria responder aos e-mail dos cliente 
Deveria revê essa questão, porque empresa que se comunica com seus cliente passa mais credibilidade e demostra que esta atento ao seu cliente.","a empresa deveria responder aos e-mail dos cliente 
deveria reve essa questao, porque empresa que se comunica com seus cliente passa mais credibilidade e demostra que esta atento ao seu cliente.","['empresa', 'deveria', 'responder', 'aos', 'mail', 'dos', 'cliente', 'deveria', 'reve', 'essa', 'questao', 'porque', 'empresa', 'que', 'se', 'comunica', 'com', 'seus', 'cliente', 'passa', 'mais', 'credibilidade', 'demostra', 'que', 'esta', 'atento', 'ao', 'seu', 'cliente']",,3,-1,10
26536,"qualidade boa,preço bom , e entrega rapida , estão de parabéns , agradecido , ari ","qualidade boa,preco bom , e entrega rapida , estao de parabens , agradecido , ari ","['qualidade', 'boa', 'preco', 'bom', 'entrega', 'rapida', 'estao', 'de', 'parabens', 'agradecido', 'ari']",1.0,4,10,10
81761,"Chegou certinho, só q demorou um bom tempinho pra chegar ! Mas o produto é lindo, de qualidade, super recomendo 👏🏽??","chegou certinho, so q demorou um bom tempinho pra chegar ! mas o produto e lindo, de qualidade, super recomendo 👏🏽??","['chegou', 'certinho', 'so', 'demorou', 'um', 'bom', 'tempinho', 'pra', 'chegar', 'mas', 'produto', 'lindo', 'de', 'qualidade', 'super', 'recomendo']",1.0,5,10,10
78708,Produto foi entregue dentro do prazo.,produto foi entregue dentro do prazo.,"['produto', 'foi', 'entregue', 'dentro', 'do', 'prazo']",1.0,5,10,10
68654,Excelente!,excelente!,['excelente'],1.0,5,10,10
86265,"Primeira vez que comprei na lannister online , e agora trocarei o ML pela lannister.com","primeira vez que comprei na lannister online , e agora trocarei o ml pela lannister.com","['primeira', 'vez', 'que', 'comprei', 'na', 'lannister', 'online', 'agora', 'trocarei', 'ml', 'pela', 'lannister', 'com']",1.0,5,10,10
18417,Esta faltando um produto .Estou aguardando.....,esta faltando um produto .estou aguardando.....,"['esta', 'faltando', 'um', 'produto', 'estou', 'aguardando']",0.0,1,10,10
31333,Recomendo a todos,recomendo a todos,"['recomendo', 'todos']",1.0,5,10,10
94684,Fiz devolução e até agora não tive resposta.,fiz devolucao e ate agora nao tive resposta.,"['fiz', 'devolucao', 'ate', 'agora', 'nao', 'tive', 'resposta']",1.0,4,10,10
74320,Ótimo produto,otimo produto,"['otimo', 'produto']",1.0,5,10,10
12697,"recebi ate hoje so um produto que foi a bolsa esmaltes.
Mas os esmaltes que foram comprados juntos com a bolsa ainda nao vieram .queria saber porque?","recebi ate hoje so um produto que foi a bolsa esmaltes.
mas os esmaltes que foram comprados juntos com a bolsa ainda nao vieram .queria saber porque?","['recebi', 'ate', 'hoje', 'so', 'um', 'produto', 'que', 'foi', 'bolsa', 'esmaltes', 'mas', 'os', 'esmaltes', 'que', 'foram', 'comprados', 'juntos', 'com', 'bolsa', 'ainda', 'nao', 'vieram', 'queria', 'saber', 'porque']",,3,-1,10
77034,O prazo de validade do produto é que está muito próximo. ,o prazo de validade do produto e que esta muito proximo. ,"['prazo', 'de', 'validade', 'do', 'produto', 'que', 'esta', 'muito', 'proximo']",1.0,4,10,10
35028,Ótima compra! Produto excelente! Recomendo ,otima compra! produto excelente! recomendo ,"['otima', 'compra', 'produto', 'excelente', 'recomendo']",1.0,5,10,10
73153,Recebi meu produto antes do prazo e ainda ganhei um brinde da targaryen muito agradecido lannister e targaryen,recebi meu produto antes do prazo e ainda ganhei um brinde da targaryen muito agradecido lannister e targaryen,"['recebi', 'meu', 'produto', 'antes', 'do', 'prazo', 'ainda', 'ganhei', 'um', 'brinde', 'da', 'targaryen', 'muito', 'agradecido', 'lannister', 'targaryen']",1.0,5,10,10
37291,Estou muito satisfeito.,estou muito satisfeito.,"['estou', 'muito', 'satisfeito']",1.0,5,10,10
6038,"Quando inciei com as lojas lannister achei otimo, mais devido a falta de consideração nesta ultima compra que realizei fico muito triste com a falta de atenção para o cliente. Até presente data.","quando inciei com as lojas lannister achei otimo, mais devido a falta de consideracao nesta ultima compra que realizei fico muito triste com a falta de atencao para o cliente. ate presente data.","['quando', 'inciei', 'com', 'as', 'lojas', 'lannister', 'achei', 'otimo', 'mais', 'devido', 'falta', 'de', 'consideracao', 'nesta', 'ultima', 'compra', 'que', 'realizei', 'fico', 'muito', 'triste', 'com', 'falta', 'de', 'atencao', 'para', 'cliente', 'ate', 'presente', 'data']",0.0,1,10,10
86435,Chegou bem antes do proposto,chegou bem antes do proposto,"['chegou', 'bem', 'antes', 'do', 'proposto']",1.0,5,10,10
28854,Eu recome6 este site,eu recome6 este site,"['eu', 'recome6', 'este', 'site']",1.0,5,10,10
92478,Recebi o produto muito antes do prazo e original. Adorei ,recebi o produto muito antes do prazo e original. adorei ,"['recebi', 'produto', 'muito', 'antes', 'do', 'prazo', 'original', 'adorei']",1.0,5,10,10
79822,Produro chegou super rápido !!!,produro chegou super rapido !!!,"['produro', 'chegou', 'super', 'rapido']",1.0,5,10,10
89914,"Reportei que o endereço estava incorreto e informei meu endereço e mesmo assim fizeram a entrega no lugar errado.
Receberam o produto e não fui eu!!!!","reportei que o endereco estava incorreto e informei meu endereco e mesmo assim fizeram a entrega no lugar errado.
receberam o produto e nao fui eu!!!!","['reportei', 'que', 'endereco', 'estava', 'incorreto', 'informei', 'meu', 'endereco', 'mesmo', 'assim', 'fizeram', 'entrega', 'no', 'lugar', 'errado', 'receberam', 'produto', 'nao', 'fui', 'eu']",0.0,1,10,10
48849,ADOREI :),adorei :),['adorei'],1.0,5,10,10
21594,entregue antes do prazo,entregue antes do prazo,"['entregue', 'antes', 'do', 'prazo']",1.0,5,10,10
1770,"Ate agora nao revebi o produto.
Espero que ao menos a pontuação tenha sido feita de acordo com a promoção.","ate agora nao revebi o produto.
espero que ao menos a pontuacao tenha sido feita de acordo com a promocao.","['ate', 'agora', 'nao', 'revebi', 'produto', 'espero', 'que', 'ao', 'menos', 'pontuacao', 'tenha', 'sido', 'feita', 'de', 'acordo', 'com', 'promocao']",0.0,1,10,10
27533,Entregue antes do prazo.,entregue antes do prazo.,"['entregue', 'antes', 'do', 'prazo']",1.0,5,10,10
54569,Foi enviado corretamente e chegou bem rápido 👍,foi enviado corretamente e chegou bem rapido 👍,"['foi', 'enviado', 'corretamente', 'chegou', 'bem', 'rapido']",1.0,5,10,10
52317,Ainda aguardando a entrega do produto ,ainda aguardando a entrega do produto ,"['ainda', 'aguardando', 'entrega', 'do', 'produto']",0.0,1,10,10
54358,"Produto original como descrito, e entrega muito rápida.","produto original como descrito, e entrega muito rapida.","['produto', 'original', 'como', 'descrito', 'entrega', 'muito', 'rapida']",1.0,5,10,10
22826,RECOMENDO A TODOS O PRODUTO DE BOA QUALIDADE E CHEGOU ANTES DO PRAZO.,recomendo a todos o produto de boa qualidade e chegou antes do prazo.,"['recomendo', 'todos', 'produto', 'de', 'boa', 'qualidade', 'chegou', 'antes', 'do', 'prazo']",1.0,5,10,10
55980,APENAS UM DOS PRODUTOS FOI ENTREGUE COM DEFEITO. COMUNIQUEI AO VENDEDOR E ESTOU HÁ ESPERA DO CONTATO PARA EFETUAR A TROCA,apenas um dos produtos foi entregue com defeito. comuniquei ao vendedor e estou ha espera do contato para efetuar a troca,"['apenas', 'um', 'dos', 'produtos', 'foi', 'entregue', 'com', 'defeito', 'comuniquei', 'ao', 'vendedor', 'estou', 'ha', 'espera', 'do', 'contato', 'para', 'efetuar', 'troca']",0.0,2,10,10
9596,"Recebi o produto antes do prazo previsto, e tudo em ordem, porém, após 5 min. de utilização, o massageador parou de funcionar... já solicitei o cancelamento da compra e estou aguardando a retirada.","recebi o produto antes do prazo previsto, e tudo em ordem, porem, apos 5 min. de utilizacao, o massageador parou de funcionar... ja solicitei o cancelamento da compra e estou aguardando a retirada.","['recebi', 'produto', 'antes', 'do', 'prazo', 'previsto', 'tudo', 'em', 'ordem', 'porem', 'apos', 'min', 'de', 'utilizacao', 'massageador', 'parou', 'de', 'funcionar', 'ja', 'solicitei', 'cancelamento', 'da', 'compra', 'estou', 'aguardando', 'retirada']",1.0,4,10,10
1489,"Só veio uma capa comprei 3 aí paguei. Mais de 100 reais por uma capa
","so veio uma capa comprei 3 ai paguei. mais de 100 reais por uma capa
","['so', 'veio', 'uma', 'capa', 'comprei', 'ai', 'paguei', 'mais', 'de', '100', 'reais', 'por', 'uma', 'capa']",0.0,1,10,10
70550,"Comprei de presente para minha mãe que adorou , pelo preço achei que seria algo ruim mas me.surpreendi e a empresa foi rápida no envio só não chegou antes do prazo por causa dos correios.Recomendo","comprei de presente para minha mae que adorou , pelo preco achei que seria algo ruim mas me.surpreendi e a empresa foi rapida no envio so nao chegou antes do prazo por causa dos correios.recomendo","['comprei', 'de', 'presente', 'para', 'minha', 'mae', 'que', 'adorou', 'pelo', 'preco', 'achei', 'que', 'seria', 'algo', 'ruim', 'mas', 'me', 'surpreendi', 'empresa', 'foi', 'rapida', 'no', 'envio', 'so', 'nao', 'chegou', 'antes', 'do', 'prazo', 'por', 'causa', 'dos', 'correios', 'recomendo']",1.0,5,10,10
18520,"Tapete muito lindo, qualidade excelente, anti-derrapante muito bom, cantoneiras boas(nao fica levantando o canto pra tropeçar), facil de limpar. Eu amei, valeu cada centavo! enfim: Recomendo!! ","tapete muito lindo, qualidade excelente, anti-derrapante muito bom, cantoneiras boas(nao fica levantando o canto pra tropecar), facil de limpar. eu amei, valeu cada centavo! enfim: recomendo!! ","['tapete', 'muito', 'lindo', 'qualidade', 'excelente', 'anti', 'derrapante', 'muito', 'bom', 'cantoneiras', 'boas', 'nao', 'fica', 'levantando', 'canto', 'pra', 'tropecar', 'facil', 'de', 'limpar', 'eu', 'amei', 'valeu', 'cada', 'centavo', 'enfim', 'recomendo']",1.0,5,10,10
82869,"Entrega rápida,meu filho gostou do produto.","entrega rapida,meu filho gostou do produto.","['entrega', 'rapida', 'meu', 'filho', 'gostou', 'do', 'produto']",1.0,5,10,10
88331,"Gostei do Produto, veio exatamente como na imagem, bem grande e pelo preço esta muito bom.
recomendaria só a troca do rolamento por um melhor quando comprarem","gostei do produto, veio exatamente como na imagem, bem grande e pelo preco esta muito bom.
recomendaria so a troca do rolamento por um melhor quando comprarem","['gostei', 'do', 'produto', 'veio', 'exatamente', 'como', 'na', 'imagem', 'bem', 'grande', 'pelo', 'preco', 'esta', 'muito', 'bom', 'recomendaria', 'so', 'troca', 'do', 'rolamento', 'por', 'um', 'melhor', 'quando', 'comprarem']",1.0,5,10,10
6156,"O produto foi entregue corretamente, mas achei o prazo de entrega muito, mas muito demorado.","o produto foi entregue corretamente, mas achei o prazo de entrega muito, mas muito demorado.","['produto', 'foi', 'entregue', 'corretamente', 'mas', 'achei', 'prazo', 'de', 'entrega', 'muito', 'mas', 'muito', 'demorado']",0.0,2,10,10
64943,ok loja confiavel,ok loja confiavel,"['ok', 'loja', 'confiavel']",1.0,4,10,10
99808,"Produto foi entregue em tempo ágil, super recomendo ....","produto foi entregue em tempo agil, super recomendo ....","['produto', 'foi', 'entregue', 'em', 'tempo', 'agil', 'super', 'recomendo']",1.0,5,10,10
35573,Chegou no prazo.,chegou no prazo.,"['chegou', 'no', 'prazo']",1.0,5,10,10
13061,nota 1000,nota 1000,"['nota', '1000']",1.0,5,10,10
90962,"O produto é excepcional, procurava um produto de igual qualidade a mais de 6 meses, o que me fez concluir a compra foi a potência do aparelho 28w e ser infra vermelho. Chegou antes do prazo.","o produto e excepcional, procurava um produto de igual qualidade a mais de 6 meses, o que me fez concluir a compra foi a potencia do aparelho 28w e ser infra vermelho. chegou antes do prazo.","['produto', 'excepcional', 'procurava', 'um', 'produto', 'de', 'igual', 'qualidade', 'mais', 'de', 'meses', 'que', 'me', 'fez', 'concluir', 'compra', 'foi', 'potencia', 'do', 'aparelho', '28w', 'ser', 'infra', 'vermelho', 'chegou', 'antes', 'do', 'prazo']",1.0,5,10,10
95646,Eu recomendo o Vendedor.,eu recomendo o vendedor.,"['eu', 'recomendo', 'vendedor']",1.0,4,10,10
51527,"embora tenha comprado o produto durante a Black Friday para presentear uma criança da família, o presente não chegou a tempo do Natal. Fui obrigada a comprar às pressas um presente substituto","embora tenha comprado o produto durante a black friday para presentear uma crianca da familia, o presente nao chegou a tempo do natal. fui obrigada a comprar as pressas um presente substituto","['embora', 'tenha', 'comprado', 'produto', 'durante', 'black', 'friday', 'para', 'presentear', 'uma', 'crianca', 'da', 'familia', 'presente', 'nao', 'chegou', 'tempo', 'do', 'natal', 'fui', 'obrigada', 'comprar', 'as', 'pressas', 'um', 'presente', 'substituto']",0.0,1,10,10
38825,ótima loja o pedido chegou em perfeitas condições e dentro do prazo combinado,otima loja o pedido chegou em perfeitas condicoes e dentro do prazo combinado,"['otima', 'loja', 'pedido', 'chegou', 'em', 'perfeitas', 'condicoes', 'dentro', 'do', 'prazo', 'combinado']",1.0,5,10,10
74422,Pedi a alteração do endereço é até agora não foi alterado. Continuo sem a mercadoria.,pedi a alteracao do endereco e ate agora nao foi alterado. continuo sem a mercadoria.,"['pedi', 'alteracao', 'do', 'endereco', 'ate', 'agora', 'nao', 'foi', 'alterado', 'continuo', 'sem', 'mercadoria']",0.0,1,10,10
44678,EXCELENTE!!!,excelente!!!,['excelente'],1.0,5,10,10
14911,Eu amei o relógio e chegou antes do previsto! ,eu amei o relogio e chegou antes do previsto! ,"['eu', 'amei', 'relogio', 'chegou', 'antes', 'do', 'previsto']",1.0,5,10,10
9976,"Comprei 3 quadros e só chegou um, o da guitarra. Quadro de péssima qualidade, impressão de baixíssima resolução.","comprei 3 quadros e so chegou um, o da guitarra. quadro de pessima qualidade, impressao de baixissima resolucao.","['comprei', 'quadros', 'so', 'chegou', 'um', 'da', 'guitarra', 'quadro', 'de', 'pessima', 'qualidade', 'impressao', 'de', 'baixissima', 'resolucao']",0.0,1,10,10
66717,"estou esperando meu produto, depois faço a avaliaçao","estou esperando meu produto, depois faco a avaliacao","['estou', 'esperando', 'meu', 'produto', 'depois', 'faco', 'avaliacao']",1.0,4,10,10
38145,Chegou antes do prazo marcado. Nenhum problema.,chegou antes do prazo marcado. nenhum problema.,"['chegou', 'antes', 'do', 'prazo', 'marcado', 'nenhum', 'problema']",1.0,5,10,10
94336,"Produto de ótima qualidade, entregue dentro do prazo desejado.","produto de otima qualidade, entregue dentro do prazo desejado.","['produto', 'de', 'otima', 'qualidade', 'entregue', 'dentro', 'do', 'prazo', 'desejado']",1.0,4,10,10
66835,produto foi recebido de total agrado grato arthur,produto foi recebido de total agrado grato arthur,"['produto', 'foi', 'recebido', 'de', 'total', 'agrado', 'grato', 'arthur']",1.0,5,10,10
48998,Muito bom,muito bom,"['muito', 'bom']",1.0,5,10,10
70175,Não gostei do acabamento do produto,nao gostei do acabamento do produto,"['nao', 'gostei', 'do', 'acabamento', 'do', 'produto']",1.0,4,10,10
42025,por se tratar de outra empresa o prazo de entrega e horrível ,por se tratar de outra empresa o prazo de entrega e horrivel ,"['por', 'se', 'tratar', 'de', 'outra', 'empresa', 'prazo', 'de', 'entrega', 'horrivel']",0.0,1,10,10
19143,Ótimo,otimo,['otimo'],1.0,4,10,10
13886,"gostaria de ter ficado sabendo oq aconteceu com o pedido...fiz o pag, me enviaram o prazo e a encomenda não foi concluída mesmo com o prazo de entrega, e tbm não me deram retorno","gostaria de ter ficado sabendo oq aconteceu com o pedido...fiz o pag, me enviaram o prazo e a encomenda nao foi concluida mesmo com o prazo de entrega, e tbm nao me deram retorno","['gostaria', 'de', 'ter', 'ficado', 'sabendo', 'oq', 'aconteceu', 'com', 'pedido', 'fiz', 'pag', 'me', 'enviaram', 'prazo', 'encomenda', 'nao', 'foi', 'concluida', 'mesmo', 'com', 'prazo', 'de', 'entrega', 'tbm', 'nao', 'me', 'deram', 'retorno']",0.0,1,10,10
28923,Bom,bom,['bom'],1.0,4,10,10
72644,"Foi entregue dentro do prazo estabelecido , mas, este prazo é muito longo.","foi entregue dentro do prazo estabelecido , mas, este prazo e muito longo.","['foi', 'entregue', 'dentro', 'do', 'prazo', 'estabelecido', 'mas', 'este', 'prazo', 'muito', 'longo']",,3,-1,10
29045,"Havia solicitado cancelamento devido a data de previsão de entrega, que seria em outubro. O que me surpreendeu foi receber os produtos ontem. 
Quanto ao produto, é de excelente qualidade. ","havia solicitado cancelamento devido a data de previsao de entrega, que seria em outubro. o que me surpreendeu foi receber os produtos ontem. 
quanto ao produto, e de excelente qualidade. ","['havia', 'solicitado', 'cancelamento', 'devido', 'data', 'de', 'previsao', 'de', 'entrega', 'que', 'seria', 'em', 'outubro', 'que', 'me', 'surpreendeu', 'foi', 'receber', 'os', 'produtos', 'ontem', 'quanto', 'ao', 'produto', 'de', 'excelente', 'qualidade']",1.0,5,10,10
61614,Recomendo comprar nesta loja. A entrega foi pontual.,recomendo comprar nesta loja. a entrega foi pontual.,"['recomendo', 'comprar', 'nesta', 'loja', 'entrega', 'foi', 'pontual']",1.0,4,10,10
83464,Produto ótimo,produto otimo,"['produto', 'otimo']",1.0,5,10,10
84414," O PRODUTO NAO CHEGOU"," o produto nao chegou","['produto', 'nao', 'chegou']",0.0,1,10,10
3033,ainda nao recebi o produto,ainda nao recebi o produto,"['ainda', 'nao', 'recebi', 'produto']",0.0,1,10,10
48032,"Como sempre, entrega rápida, produto de qualidade, bem embalado e em perfeito estado.","como sempre, entrega rapida, produto de qualidade, bem embalado e em perfeito estado.","['como', 'sempre', 'entrega', 'rapida', 'produto', 'de', 'qualidade', 'bem', 'embalado', 'em', 'perfeito', 'estado']",1.0,5,10,10
23257,"Chegou em menos de 7 dias, minha esposa adorou, perfeito!","chegou em menos de 7 dias, minha esposa adorou, perfeito!","['chegou', 'em', 'menos', 'de', 'dias', 'minha', 'esposa', 'adorou', 'perfeito']",1.0,5,10,10
46650,Nessa compra não etendi!! eu tentei realizar compra do HD juntamente com a capa o cartão aprovou a compra somente da CAPA. O site pd ter me ligado para cancelar a compra do produto menor,nessa compra nao etendi!! eu tentei realizar compra do hd juntamente com a capa o cartao aprovou a compra somente da capa. o site pd ter me ligado para cancelar a compra do produto menor,"['nessa', 'compra', 'nao', 'etendi', 'eu', 'tentei', 'realizar', 'compra', 'do', 'hd', 'juntamente', 'com', 'capa', 'cartao', 'aprovou', 'compra', 'somente', 'da', 'capa', 'site', 'pd', 'ter', 'me', 'ligado', 'para', 'cancelar', 'compra', 'do', 'produto', 'menor']",0.0,2,10,10
95975,"ainda não usei mais recomendo 
","ainda nao usei mais recomendo 
","['ainda', 'nao', 'usei', 'mais', 'recomendo']",,3,-1,10
22442,Muito boa as tesouras sao otimas corte preciso ,muito boa as tesouras sao otimas corte preciso ,"['muito', 'boa', 'as', 'tesouras', 'sao', 'otimas', 'corte', 'preciso']",1.0,5,10,10
54820,"Eles até fizeram contato comigo durante a compra, pois eu já tinha efetivado o pagamento, quando perceberam que não tinha o produto no estoque, daí me consultaram e perguntaram se eu t como trocar.","eles ate fizeram contato comigo durante a compra, pois eu ja tinha efetivado o pagamento, quando perceberam que nao tinha o produto no estoque, dai me consultaram e perguntaram se eu t como trocar.","['eles', 'ate', 'fizeram', 'contato', 'comigo', 'durante', 'compra', 'pois', 'eu', 'ja', 'tinha', 'efetivado', 'pagamento', 'quando', 'perceberam', 'que', 'nao', 'tinha', 'produto', 'no', 'estoque', 'dai', 'me', 'consultaram', 'perguntaram', 'se', 'eu', 'como', 'trocar']",0.0,2,10,10
76743,"É a primeira vez que fiz a compra, e ainda não chegou.. Só quero indicar a partir do momento que tiver o produto em mãos.","e a primeira vez que fiz a compra, e ainda nao chegou.. so quero indicar a partir do momento que tiver o produto em maos.","['primeira', 'vez', 'que', 'fiz', 'compra', 'ainda', 'nao', 'chegou', 'so', 'quero', 'indicar', 'partir', 'do', 'momento', 'que', 'tiver', 'produto', 'em', 'maos']",0.0,2,10,10
92480,Recomendo,recomendo,['recomendo'],1.0,4,10,10
39003,"Tapete muito fino e leve, ainda não usei não sei se é bom","tapete muito fino e leve, ainda nao usei nao sei se e bom","['tapete', 'muito', 'fino', 'leve', 'ainda', 'nao', 'usei', 'nao', 'sei', 'se', 'bom']",,3,-1,10
54136,Recebi produto de outro cliente totalmente diferente do que comprei...trocaram meu pedido....,recebi produto de outro cliente totalmente diferente do que comprei...trocaram meu pedido....,"['recebi', 'produto', 'de', 'outro', 'cliente', 'totalmente', 'diferente', 'do', 'que', 'comprei', 'trocaram', 'meu', 'pedido']",0.0,1,10,10
93327,Muito legal ,muito legal ,"['muito', 'legal']",1.0,4,10,10
48256,"Produto perfeito, chegou antes do prazo, adorei","produto perfeito, chegou antes do prazo, adorei","['produto', 'perfeito', 'chegou', 'antes', 'do', 'prazo', 'adorei']",1.0,5,10,10
79693,A poltrona é linda adorei!,a poltrona e linda adorei!,"['poltrona', 'linda', 'adorei']",1.0,5,10,10
50121,"Não gostei. O material não é tão bom. A cor dos desenhos está fraca, não como demonstrado na foto.","nao gostei. o material nao e tao bom. a cor dos desenhos esta fraca, nao como demonstrado na foto.","['nao', 'gostei', 'material', 'nao', 'tao', 'bom', 'cor', 'dos', 'desenhos', 'esta', 'fraca', 'nao', 'como', 'demonstrado', 'na', 'foto']",0.0,2,10,10
20845,"Um pouco demorada a entrega, mas antes do prazo estipulado por vocês ","um pouco demorada a entrega, mas antes do prazo estipulado por voces ","['um', 'pouco', 'demorada', 'entrega', 'mas', 'antes', 'do', 'prazo', 'estipulado', 'por', 'voces']",,3,-1,10
16862,poderia ter chegado em menos dias.,poderia ter chegado em menos dias.,"['poderia', 'ter', 'chegado', 'em', 'menos', 'dias']",,3,-1,10
86393,Ainda estou aguardando dos cartuchos que comprei há 15 dias,ainda estou aguardando dos cartuchos que comprei ha 15 dias,"['ainda', 'estou', 'aguardando', 'dos', 'cartuchos', 'que', 'comprei', 'ha', '15', 'dias']",0.0,1,10,10
64368,"Apenas havia lido na descrição que o produto vinha com vidro e não veio, ma é lindo de qualquer forma.","apenas havia lido na descricao que o produto vinha com vidro e nao veio, ma e lindo de qualquer forma.","['apenas', 'havia', 'lido', 'na', 'descricao', 'que', 'produto', 'vinha', 'com', 'vidro', 'nao', 'veio', 'ma', 'lindo', 'de', 'qualquer', 'forma']",1.0,5,10,10
13449,entrega demorou precisei reclamar mas chegou tudo bem são parceiros e não entrega pela americana que é rapida,entrega demorou precisei reclamar mas chegou tudo bem sao parceiros e nao entrega pela americana que e rapida,"['entrega', 'demorou', 'precisei', 'reclamar', 'mas', 'chegou', 'tudo', 'bem', 'sao', 'parceiros', 'nao', 'entrega', 'pela', 'americana', 'que', 'rapida']",1.0,4,10,10
16091,"Estou muito satisfeita com a lannister e com o meu produto.... meu tapete simples e bonito, obrigada!","estou muito satisfeita com a lannister e com o meu produto.... meu tapete simples e bonito, obrigada!","['estou', 'muito', 'satisfeita', 'com', 'lannister', 'com', 'meu', 'produto', 'meu', 'tapete', 'simples', 'bonito', 'obrigada']",1.0,5,10,10
63338,"obrigado, pelo produto","obrigado, pelo produto","['obrigado', 'pelo', 'produto']",0.0,2,10,10
10530,Entrega rápida.Recomendo ,entrega rapida.recomendo ,"['entrega', 'rapida', 'recomendo']",1.0,5,10,10
45748," Entrega no prazo. Recomendo!!!
"," entrega no prazo. recomendo!!!
","['entrega', 'no', 'prazo', 'recomendo']",1.0,4,10,10
27167,"O produto é muito inferior do q demonstra na foto. Esse tipo de produto ""depõe "" contra a americana. Com ","o produto e muito inferior do q demonstra na foto. esse tipo de produto ""depoe "" contra a americana. com ","['produto', 'muito', 'inferior', 'do', 'demonstra', 'na', 'foto', 'esse', 'tipo', 'de', 'produto', 'depoe', 'contra', 'americana', 'com']",,3,-1,10
60145,Muito bom chegou até antes do prazo. Obrigado. ,muito bom chegou ate antes do prazo. obrigado. ,"['muito', 'bom', 'chegou', 'ate', 'antes', 'do', 'prazo', 'obrigado']",1.0,5,10,10
10355,Recomendo....,recomendo....,['recomendo'],1.0,5,10,10
64058,Mandei dois emails questionando pq recebi somente um produto dos 3 que adquiri. Estou aguardando retorno.,mandei dois emails questionando pq recebi somente um produto dos 3 que adquiri. estou aguardando retorno.,"['mandei', 'dois', 'emails', 'questionando', 'pq', 'recebi', 'somente', 'um', 'produto', 'dos', 'que', 'adquiri', 'estou', 'aguardando', 'retorno']",,3,-1,10
58536,Adoro comprar nessa loja ,adoro comprar nessa loja ,"['adoro', 'comprar', 'nessa', 'loja']",1.0,5,10,10
36395,Muito bom ,muito bom ,"['muito', 'bom']",1.0,5,10,10
97826,produto foi entregue dentro do prazo,produto foi entregue dentro do prazo,"['produto', 'foi', 'entregue', 'dentro', 'do', 'prazo']",1.0,5,10,10
55729,"Os produtos foram entregues antes do prazo, produto com muita qualidade.","os produtos foram entregues antes do prazo, produto com muita qualidade.","['os', 'produtos', 'foram', 'entregues', 'antes', 'do', 'prazo', 'produto', 'com', 'muita', 'qualidade']",1.0,5,10,10
7024,Meu produto veio com defeito!! Gostaria de trocar ,meu produto veio com defeito!! gostaria de trocar ,"['meu', 'produto', 'veio', 'com', 'defeito', 'gostaria', 'de', 'trocar']",0.0,1,10,10
41937,"O Produto chegou antes do prazo estipulado, muito bem embalado, com o certificado de garantia e tudo mais...recomendo a compra.","o produto chegou antes do prazo estipulado, muito bem embalado, com o certificado de garantia e tudo mais...recomendo a compra.","['produto', 'chegou', 'antes', 'do', 'prazo', 'estipulado', 'muito', 'bem', 'embalado', 'com', 'certificado', 'de', 'garantia', 'tudo', 'mais', 'recomendo', 'compra']",1.0,5,10,10
85850,Gostei muito do pruduro. E a emtrega foi dentro do prazo,gostei muito do pruduro. e a emtrega foi dentro do prazo,"['gostei', 'muito', 'do', 'pruduro', 'emtrega', 'foi', 'dentro', 'do', 'prazo']",1.0,4,10,10
87818,O produto recebido é diferente do especificado no site.,o produto recebido e diferente do especificado no site.,"['produto', 'recebido', 'diferente', 'do', 'especificado', 'no', 'site']",0.0,1,10,10
42374,Bom,bom,['bom'],1.0,4,10,10
61481,Não mandaram o produto da marca que comprei,nao mandaram o produto da marca que comprei,"['nao', 'mandaram', 'produto', 'da', 'marca', 'que', 'comprei']",0.0,1,10,10
98635,muito satisfeito,muito satisfeito,"['muito', 'satisfeito']",1.0,5,10,10
64748,"A entrega foi rápida, antes do previsto. O único problema é que foram enviadas pilhas no tamanho incorreto. Deveriam ser 2 pilhas AA e vieram 4 pilhas AAA. No geral, satisfeito com o produto.","a entrega foi rapida, antes do previsto. o unico problema e que foram enviadas pilhas no tamanho incorreto. deveriam ser 2 pilhas aa e vieram 4 pilhas aaa. no geral, satisfeito com o produto.","['entrega', 'foi', 'rapida', 'antes', 'do', 'previsto', 'unico', 'problema', 'que', 'foram', 'enviadas', 'pilhas', 'no', 'tamanho', 'incorreto', 'deveriam', 'ser', 'pilhas', 'aa', 'vieram', 'pilhas', 'aaa', 'no', 'geral', 'satisfeito', 'com', 'produto']",1.0,4,10,10
64833,Chegou antes do prazo e eu Amei. Logo logo vou comprar outra.,chegou antes do prazo e eu amei. logo logo vou comprar outra.,"['chegou', 'antes', 'do', 'prazo', 'eu', 'amei', 'logo', 'logo', 'vou', 'comprar', 'outra']",1.0,5,10,10
52332,Entregaram somente 1 das quatro cadeiras depois do prazo estabelecido ,entregaram somente 1 das quatro cadeiras depois do prazo estabelecido ,"['entregaram', 'somente', 'das', 'quatro', 'cadeiras', 'depois', 'do', 'prazo', 'estabelecido']",0.0,1,10,10
87631,"Foi entregue somente as fronhas estou aguardando os travesseiros .
No momento ainda não posso recomendar a loja....","foi entregue somente as fronhas estou aguardando os travesseiros .
no momento ainda nao posso recomendar a loja....","['foi', 'entregue', 'somente', 'as', 'fronhas', 'estou', 'aguardando', 'os', 'travesseiros', 'no', 'momento', 'ainda', 'nao', 'posso', 'recomendar', 'loja']",0.0,2,10,10
80998,Produto atendeu minhas expectativas.,produto atendeu minhas expectativas.,"['produto', 'atendeu', 'minhas', 'expectativas']",1.0,5,10,10
81741,Ótimo produto,otimo produto,"['otimo', 'produto']",1.0,5,10,10
38590,Não vem com nenhuma identificação por escrito,nao vem com nenhuma identificacao por escrito,"['nao', 'vem', 'com', 'nenhuma', 'identificacao', 'por', 'escrito']",,3,-1,10
46741,Entrega rapida e tudo certinho ,entrega rapida e tudo certinho ,"['entrega', 'rapida', 'tudo', 'certinho']",1.0,5,10,10
97234,Boa compra,boa compra,"['boa', 'compra']",1.0,5,10,10
16715,"Ótimo brinquedo, meu filho adorou a máscara.","otimo brinquedo, meu filho adorou a mascara.","['otimo', 'brinquedo', 'meu', 'filho', 'adorou', 'mascara']",1.0,4,10,10
76594,"Comprei duas unidades do produto, mas no pacote só veio uma.","comprei duas unidades do produto, mas no pacote so veio uma.","['comprei', 'duas', 'unidades', 'do', 'produto', 'mas', 'no', 'pacote', 'so', 'veio', 'uma']",0.0,1,10,10
97058,EXCELENTE ....,excelente ....,['excelente'],1.0,5,10,10
22969,Super recomendo,super recomendo,"['super', 'recomendo']",1.0,5,10,10
84428,O produto demorou um pouco para chegar. Não sei direito como funciona a logística da entrega. Mas agora está tudo bem.,o produto demorou um pouco para chegar. nao sei direito como funciona a logistica da entrega. mas agora esta tudo bem.,"['produto', 'demorou', 'um', 'pouco', 'para', 'chegar', 'nao', 'sei', 'direito', 'como', 'funciona', 'logistica', 'da', 'entrega', 'mas', 'agora', 'esta', 'tudo', 'bem']",1.0,4,10,10
81514,"Recebi produto bm antes do prazo, só que não veio da cor que pedi .","recebi produto bm antes do prazo, so que nao veio da cor que pedi .","['recebi', 'produto', 'bm', 'antes', 'do', 'prazo', 'so', 'que', 'nao', 'veio', 'da', 'cor', 'que', 'pedi']",1.0,5,10,10
70376,Fui muito bem atendido,fui muito bem atendido,"['fui', 'muito', 'bem', 'atendido']",1.0,5,10,10
22308,Ainda não recebi o produto ,ainda nao recebi o produto ,"['ainda', 'nao', 'recebi', 'produto']",0.0,1,10,10
13548,É uma loja muito boa mais infelizmente demora pra entregar ,e uma loja muito boa mais infelizmente demora pra entregar ,"['uma', 'loja', 'muito', 'boa', 'mais', 'infelizmente', 'demora', 'pra', 'entregar']",,3,-1,10
70360,"Comprei dois lençóis e recebi uma caixa com apenas um, sem explicação ou comunicado. Para piorar o stark não disponibiliza canais de comunicação p resolver esses casos. Só avaliação ou e-mail. :(","comprei dois lencois e recebi uma caixa com apenas um, sem explicacao ou comunicado. para piorar o stark nao disponibiliza canais de comunicacao p resolver esses casos. so avaliacao ou e-mail. :(","['comprei', 'dois', 'lencois', 'recebi', 'uma', 'caixa', 'com', 'apenas', 'um', 'sem', 'explicacao', 'ou', 'comunicado', 'para', 'piorar', 'stark', 'nao', 'disponibiliza', 'canais', 'de', 'comunicacao', 'resolver', 'esses', 'casos', 'so', 'avaliacao', 'ou', 'mail']",0.0,1,10,10
43079,Fiquei muito decepcionada. Paguei frete e tive que ir até o correio. Achei uma falta de respeito com o consumidor. Ninguei me avisou que não ia ser entregue na minha residência. Insatisfeita.,fiquei muito decepcionada. paguei frete e tive que ir ate o correio. achei uma falta de respeito com o consumidor. ninguei me avisou que nao ia ser entregue na minha residencia. insatisfeita.,"['fiquei', 'muito', 'decepcionada', 'paguei', 'frete', 'tive', 'que', 'ir', 'ate', 'correio', 'achei', 'uma', 'falta', 'de', 'respeito', 'com', 'consumidor', 'ninguei', 'me', 'avisou', 'que', 'nao', 'ia', 'ser', 'entregue', 'na', 'minha', 'residencia', 'insatisfeita']",0.0,1,10,10
71776,"A entrega chegou dentro do prazo contudo com uma certa demora, pois quando a entrega era feita pela a loja Americana o produto chegava bem antes da data prevista, acredito que da forma que esta o site","a entrega chegou dentro do prazo contudo com uma certa demora, pois quando a entrega era feita pela a loja americana o produto chegava bem antes da data prevista, acredito que da forma que esta o site","['entrega', 'chegou', 'dentro', 'do', 'prazo', 'contudo', 'com', 'uma', 'certa', 'demora', 'pois', 'quando', 'entrega', 'era', 'feita', 'pela', 'loja', 'americana', 'produto', 'chegava', 'bem', 'antes', 'da', 'data', 'prevista', 'acredito', 'que', 'da', 'forma', 'que', 'esta', 'site']",,3,-1,10
93966,Amei,amei,['amei'],1.0,5,10,10
76456,"Produto perfeito, ótima qualidade excelente prazo de entrega..","produto perfeito, otima qualidade excelente prazo de entrega..","['produto', 'perfeito', 'otima', 'qualidade', 'excelente', 'prazo', 'de', 'entrega']",1.0,5,10,10
78611,"Produto muito bom, só o frete que achei muito caro.","produto muito bom, so o frete que achei muito caro.","['produto', 'muito', 'bom', 'so', 'frete', 'que', 'achei', 'muito', 'caro']",1.0,5,10,10
45479,"Produto de qualidade e fidelidade, além de rápida entrega. Recomendo. ","produto de qualidade e fidelidade, alem de rapida entrega. recomendo. ","['produto', 'de', 'qualidade', 'fidelidade', 'alem', 'de', 'rapida', 'entrega', 'recomendo']",1.0,5,10,10
16727,Otimo. Top de linha,otimo. top de linha,"['otimo', 'top', 'de', 'linha']",1.0,5,10,10
55182,Muito bom e chegou antes do prazo.,muito bom e chegou antes do prazo.,"['muito', 'bom', 'chegou', 'antes', 'do', 'prazo']",1.0,5,10,10
34753,Fácil de realizar a compra.produto chegou correto é antes do prazo estipulado.adorei o serviço.comprarei mais vezes e recomendado a todos,facil de realizar a compra.produto chegou correto e antes do prazo estipulado.adorei o servico.comprarei mais vezes e recomendado a todos,"['facil', 'de', 'realizar', 'compra', 'produto', 'chegou', 'correto', 'antes', 'do', 'prazo', 'estipulado', 'adorei', 'servico', 'comprarei', 'mais', 'vezes', 'recomendado', 'todos']",1.0,5,10,10
46666,Acredito que seja bom ,acredito que seja bom ,"['acredito', 'que', 'seja', 'bom']",,3,-1,10
6406,Miuto bom está loja,miuto bom esta loja,"['miuto', 'bom', 'esta', 'loja']",1.0,5,10,10
14489,Único ponto negativo é que achei o tamanho pequeno e o tabuleiro não fica fixamente reto. ,unico ponto negativo e que achei o tamanho pequeno e o tabuleiro nao fica fixamente reto. ,"['unico', 'ponto', 'negativo', 'que', 'achei', 'tamanho', 'pequeno', 'tabuleiro', 'nao', 'fica', 'fixamente', 'reto']",,3,-1,10
58699,"Demorou mto, e nao avisaram o dia correto da entrega.","demorou mto, e nao avisaram o dia correto da entrega.","['demorou', 'mto', 'nao', 'avisaram', 'dia', 'correto', 'da', 'entrega']",0.0,2,10,10
11905,"A garrafinha não possui 1,5 L conforme anunciado, nem se encher até a tampa! E o material também não é lá essas coisas, para mim não valeu o preço pago.","a garrafinha nao possui 1,5 l conforme anunciado, nem se encher ate a tampa! e o material tambem nao e la essas coisas, para mim nao valeu o preco pago.","['garrafinha', 'nao', 'possui', 'conforme', 'anunciado', 'nem', 'se', 'encher', 'ate', 'tampa', 'material', 'tambem', 'nao', 'la', 'essas', 'coisas', 'para', 'mim', 'nao', 'valeu', 'preco', 'pago']",0.0,1,10,10
51839,Quero meu produto se não vou entrar com processo falta de respeito ,quero meu produto se nao vou entrar com processo falta de respeito ,"['quero', 'meu', 'produto', 'se', 'nao', 'vou', 'entrar', 'com', 'processo', 'falta', 'de', 'respeito']",0.0,1,10,10
80185,Demorou muito pra chegar....,demorou muito pra chegar....,"['demorou', 'muito', 'pra', 'chegar']",,3,-1,10
3322,"Comprei há muito tempo já! Comprei dois ao mesmo tempo, sei lá porque eles enviaram os dois filtros separados. Chegou apenas um, o outro não chegou até hoje e ainda não obtive nenhuma resposta da loja","comprei ha muito tempo ja! comprei dois ao mesmo tempo, sei la porque eles enviaram os dois filtros separados. chegou apenas um, o outro nao chegou ate hoje e ainda nao obtive nenhuma resposta da loja","['comprei', 'ha', 'muito', 'tempo', 'ja', 'comprei', 'dois', 'ao', 'mesmo', 'tempo', 'sei', 'la', 'porque', 'eles', 'enviaram', 'os', 'dois', 'filtros', 'separados', 'chegou', 'apenas', 'um', 'outro', 'nao', 'chegou', 'ate', 'hoje', 'ainda', 'nao', 'obtive', 'nenhuma', 'resposta', 'da', 'loja']",0.0,1,10,10
98784,FALTA A ENTREGA DE UM PNEU,falta a entrega de um pneu,"['falta', 'entrega', 'de', 'um', 'pneu']",0.0,2,10,10
64674,xxxxxxxxxxxx,xxxxxxxxxxxx,['xxxxxxxxxxxx'],1.0,4,10,10
71622,"Ficou faltando produto que encomendei. O pacote de chá recebi, mas as cápsulas não entregaram era no mesmo pedido.","ficou faltando produto que encomendei. o pacote de cha recebi, mas as capsulas nao entregaram era no mesmo pedido.","['ficou', 'faltando', 'produto', 'que', 'encomendei', 'pacote', 'de', 'cha', 'recebi', 'mas', 'as', 'capsulas', 'nao', 'entregaram', 'era', 'no', 'mesmo', 'pedido']",0.0,1,10,10
43362,"Só a embalagem que não achei mto segura, veio numa caixa frágil, sem proteção em cima do produto e a caixa do Sedex chegou um pouco amassada... obrigada","so a embalagem que nao achei mto segura, veio numa caixa fragil, sem protecao em cima do produto e a caixa do sedex chegou um pouco amassada... obrigada","['so', 'embalagem', 'que', 'nao', 'achei', 'mto', 'segura', 'veio', 'numa', 'caixa', 'fragil', 'sem', 'protecao', 'em', 'cima', 'do', 'produto', 'caixa', 'do', 'sedex', 'chegou', 'um', 'pouco', 'amassada', 'obrigada']",1.0,4,10,10
16709,estou tentando trocar este produto a qualidade é péssima..o kit segurança é para 14 anos..e indica que é infantil..meus filhos tem 6 anos..a estampa veio diferente do que mostra a imagem.,estou tentando trocar este produto a qualidade e pessima..o kit seguranca e para 14 anos..e indica que e infantil..meus filhos tem 6 anos..a estampa veio diferente do que mostra a imagem.,"['estou', 'tentando', 'trocar', 'este', 'produto', 'qualidade', 'pessima', 'kit', 'seguranca', 'para', '14', 'anos', 'indica', 'que', 'infantil', 'meus', 'filhos', 'tem', 'anos', 'estampa', 'veio', 'diferente', 'do', 'que', 'mostra', 'imagem']",0.0,1,10,10
70602,"O produto chegou até antes do prazo,estou satisfeitissímo.Obrigado,continuem assim,tenho certeza que conquistarão mais e mais clientes.Muito obrigado pela atenção.","o produto chegou ate antes do prazo,estou satisfeitissimo.obrigado,continuem assim,tenho certeza que conquistarao mais e mais clientes.muito obrigado pela atencao.","['produto', 'chegou', 'ate', 'antes', 'do', 'prazo', 'estou', 'satisfeitissimo', 'obrigado', 'continuem', 'assim', 'tenho', 'certeza', 'que', 'conquistarao', 'mais', 'mais', 'clientes', 'muito', 'obrigado', 'pela', 'atencao']",1.0,5,10,10
66264,Carteira maior do que as grandes normal muito feia$60 perdido.,carteira maior do que as grandes normal muito feia$60 perdido.,"['carteira', 'maior', 'do', 'que', 'as', 'grandes', 'normal', 'muito', 'feia', '60', 'perdido']",0.0,1,10,10
20456,quero meu dinheiro de volta,quero meu dinheiro de volta,"['quero', 'meu', 'dinheiro', 'de', 'volta']",0.0,1,10,10
71303,"Recebi o produto antes da data prevista.
AMEI veio igual a foto.
","recebi o produto antes da data prevista.
amei veio igual a foto.
","['recebi', 'produto', 'antes', 'da', 'data', 'prevista', 'amei', 'veio', 'igual', 'foto']",1.0,5,10,10
89182,excelente custo beneficio,excelente custo beneficio,"['excelente', 'custo', 'beneficio']",1.0,5,10,10
30654,Minhas gatas amaram o brinquedo! Recomendo ,minhas gatas amaram o brinquedo! recomendo ,"['minhas', 'gatas', 'amaram', 'brinquedo', 'recomendo']",1.0,5,10,10
95348,top,top,['top'],1.0,5,10,10
55535,Meu produto veio quebrado porque nao colocaram ele dentro de uma caixa !,meu produto veio quebrado porque nao colocaram ele dentro de uma caixa !,"['meu', 'produto', 'veio', 'quebrado', 'porque', 'nao', 'colocaram', 'ele', 'dentro', 'de', 'uma', 'caixa']",0.0,1,10,10
63335,não consigo nunca falar com as lojas lannister,nao consigo nunca falar com as lojas lannister,"['nao', 'consigo', 'nunca', 'falar', 'com', 'as', 'lojas', 'lannister']",0.0,2,10,10
65112,Otimo,otimo,['otimo'],1.0,4,10,10
74182,"Demora muito a entrega, e vc paga o frete é muitas vezes tem que retirar nos correios.","demora muito a entrega, e vc paga o frete e muitas vezes tem que retirar nos correios.","['demora', 'muito', 'entrega', 'vc', 'paga', 'frete', 'muitas', 'vezes', 'tem', 'que', 'retirar', 'nos', 'correios']",1.0,5,10,10
5123,Erro erro,erro erro,"['erro', 'erro']",1.0,4,10,10
60703,Produto entregue corretamente no prazo,produto entregue corretamente no prazo,"['produto', 'entregue', 'corretamente', 'no', 'prazo']",1.0,5,10,10
29107,O colchão é de ótima qualidade. ,o colchao e de otima qualidade. ,"['colchao', 'de', 'otima', 'qualidade']",,3,-1,10
35367,Produto bom! E a entrega como sempre dentro do prazo!,produto bom! e a entrega como sempre dentro do prazo!,"['produto', 'bom', 'entrega', 'como', 'sempre', 'dentro', 'do', 'prazo']",1.0,5,10,10
79824,"Bom produto, resistente, bom acabamento, ótimo espaço interno.","bom produto, resistente, bom acabamento, otimo espaco interno.","['bom', 'produto', 'resistente', 'bom', 'acabamento', 'otimo', 'espaco', 'interno']",1.0,5,10,10
38023,a entrega foi antes do combinado o produlto de alta qualidade,a entrega foi antes do combinado o produlto de alta qualidade,"['entrega', 'foi', 'antes', 'do', 'combinado', 'produlto', 'de', 'alta', 'qualidade']",1.0,4,10,10
82209,Entrega rápida !,entrega rapida !,"['entrega', 'rapida']",1.0,5,10,10
64144,Recebi dentro do prazo,recebi dentro do prazo,"['recebi', 'dentro', 'do', 'prazo']",,3,-1,10
82881,produto bom e bacana,produto bom e bacana,"['produto', 'bom', 'bacana']",1.0,5,10,10
94415,"Realizei a compra do kit adipômetro da Sanny e um estadiômetro de bolso da Cescorf, porém recebi apenas o adipômetro com defeito (rachadura na parte da trena) e o meu kit de adipômetro não chegou. ","realizei a compra do kit adipometro da sanny e um estadiometro de bolso da cescorf, porem recebi apenas o adipometro com defeito (rachadura na parte da trena) e o meu kit de adipometro nao chegou. ","['realizei', 'compra', 'do', 'kit', 'adipometro', 'da', 'sanny', 'um', 'estadiometro', 'de', 'bolso', 'da', 'cescorf', 'porem', 'recebi', 'apenas', 'adipometro', 'com', 'defeito', 'rachadura', 'na', 'parte', 'da', 'trena', 'meu', 'kit', 'de', 'adipometro', 'nao', 'chegou']",,3,-1,10
19491,"Pedi azul e veio preta, fora que o auto falante superior infelizmente veio com ruídos , xiados. :(","pedi azul e veio preta, fora que o auto falante superior infelizmente veio com ruidos , xiados. :(","['pedi', 'azul', 'veio', 'preta', 'fora', 'que', 'auto', 'falante', 'superior', 'infelizmente', 'veio', 'com', 'ruidos', 'xiados']",0.0,2,10,10
4444,"Foi td perfeito, prazo, produto e entrega.","foi td perfeito, prazo, produto e entrega.","['foi', 'td', 'perfeito', 'prazo', 'produto', 'entrega']",1.0,5,10,10
83789,amo comprar no baratheon,amo comprar no baratheon,"['amo', 'comprar', 'no', 'baratheon']",1.0,5,10,10
65966,Não entregou nem entra contato,nao entregou nem entra contato,"['nao', 'entregou', 'nem', 'entra', 'contato']",0.0,1,10,10
59817,"Ótima rede para levar ao parque, pena que não aguenta um casal, mas dá para tirar um lazer.","otima rede para levar ao parque, pena que nao aguenta um casal, mas da para tirar um lazer.","['otima', 'rede', 'para', 'levar', 'ao', 'parque', 'pena', 'que', 'nao', 'aguenta', 'um', 'casal', 'mas', 'da', 'para', 'tirar', 'um', 'lazer']",1.0,4,10,10
63966,"Gostei do produto e da agilidade de entrega.
","gostei do produto e da agilidade de entrega.
","['gostei', 'do', 'produto', 'da', 'agilidade', 'de', 'entrega']",1.0,4,10,10
86948,Até hoje não recebi meu produto. Vou fazer uma reclamação no Procon e procurar meus direitos.,ate hoje nao recebi meu produto. vou fazer uma reclamacao no procon e procurar meus direitos.,"['ate', 'hoje', 'nao', 'recebi', 'meu', 'produto', 'vou', 'fazer', 'uma', 'reclamacao', 'no', 'procon', 'procurar', 'meus', 'direitos']",0.0,1,10,10
97924,Produto entregue conforme anunciado.,produto entregue conforme anunciado.,"['produto', 'entregue', 'conforme', 'anunciado']",1.0,5,10,10
51819,nada de mais ,nada de mais ,"['nada', 'de', 'mais']",,3,-1,10
55244,"Minha opinião é que foi propaganda enganosa, mostrou um produto e mandou faltando peças, isso não está certo.","minha opiniao e que foi propaganda enganosa, mostrou um produto e mandou faltando pecas, isso nao esta certo.","['minha', 'opiniao', 'que', 'foi', 'propaganda', 'enganosa', 'mostrou', 'um', 'produto', 'mandou', 'faltando', 'pecas', 'isso', 'nao', 'esta', 'certo']",0.0,1,10,10
80334,O produto chegou antecipado ao programado em excelente condições;,o produto chegou antecipado ao programado em excelente condicoes;,"['produto', 'chegou', 'antecipado', 'ao', 'programado', 'em', 'excelente', 'condicoes']",1.0,5,10,10
97482,Somente o Frete que acho ainda muito caro,somente o frete que acho ainda muito caro,"['somente', 'frete', 'que', 'acho', 'ainda', 'muito', 'caro']",1.0,5,10,10
78601,"o meu pedido chegou bem antes do prazo, obrigado","o meu pedido chegou bem antes do prazo, obrigado","['meu', 'pedido', 'chegou', 'bem', 'antes', 'do', 'prazo', 'obrigado']",1.0,5,10,10
97039,"Cumpriu o prazo...,","cumpriu o prazo...,","['cumpriu', 'prazo']",1.0,4,10,10
23894,"NÃO RECEBI MEU PEDIDO AINDA , O PRAZO ERA ATÉ DIA 20/03/18. ","nao recebi meu pedido ainda , o prazo era ate dia 20/03/18. ","['nao', 'recebi', 'meu', 'pedido', 'ainda', 'prazo', 'era', 'ate', 'dia', '20', '03', '18']",,3,-1,10
27047,Produto superou minha expectativa. Conserva de maneira perfeita. Ótimo acabamento. ,produto superou minha expectativa. conserva de maneira perfeita. otimo acabamento. ,"['produto', 'superou', 'minha', 'expectativa', 'conserva', 'de', 'maneira', 'perfeita', 'otimo', 'acabamento']",1.0,5,10,10
89579,HOUVE UM PROBLEMA COM OS CORREIOS...,houve um problema com os correios...,"['houve', 'um', 'problema', 'com', 'os', 'correios']",1.0,5,10,10
98840,A embalagem difere daquela do site .Portanto não acredito que seja o mesmo.,a embalagem difere daquela do site .portanto nao acredito que seja o mesmo.,"['embalagem', 'difere', 'daquela', 'do', 'site', 'portanto', 'nao', 'acredito', 'que', 'seja', 'mesmo']",0.0,2,10,10
48388,"Recebi apenas o shampoo, está faltando o condicionador. Gostaria de saber o que aconteceu","recebi apenas o shampoo, esta faltando o condicionador. gostaria de saber o que aconteceu","['recebi', 'apenas', 'shampoo', 'esta', 'faltando', 'condicionador', 'gostaria', 'de', 'saber', 'que', 'aconteceu']",,3,-1,10
41693,"Como o prazo de entrega é até 29/08/18 e ainda não chegou, não tenho como avaliar.","como o prazo de entrega e ate 29/08/18 e ainda nao chegou, nao tenho como avaliar.","['como', 'prazo', 'de', 'entrega', 'ate', '29', '08', '18', 'ainda', 'nao', 'chegou', 'nao', 'tenho', 'como', 'avaliar']",0.0,1,10,10
54912,Muito bom o apoio,muito bom o apoio,"['muito', 'bom', 'apoio']",1.0,5,10,10
1352,Excelente produto e a entrega chegou antes do prazo previsto!!! Ótimo,excelente produto e a entrega chegou antes do prazo previsto!!! otimo,"['excelente', 'produto', 'entrega', 'chegou', 'antes', 'do', 'prazo', 'previsto', 'otimo']",1.0,4,10,10
46980,Gostei muito do produto . Chegou bem antes so prazo.,gostei muito do produto . chegou bem antes so prazo.,"['gostei', 'muito', 'do', 'produto', 'chegou', 'bem', 'antes', 'so', 'prazo']",1.0,5,10,10
61570,"As peças vieram conforme solicitado, porem as medidas não vieram conforme o pedido.","as pecas vieram conforme solicitado, porem as medidas nao vieram conforme o pedido.","['as', 'pecas', 'vieram', 'conforme', 'solicitado', 'porem', 'as', 'medidas', 'nao', 'vieram', 'conforme', 'pedido']",,3,-1,10
83204,Adorei meu porta chaves ,adorei meu porta chaves ,"['adorei', 'meu', 'porta', 'chaves']",1.0,5,10,10
61439,Ainda Não recebi o produto ,ainda nao recebi o produto ,"['ainda', 'nao', 'recebi', 'produto']",0.0,2,10,10
37505,O produto atende as expectativas.,o produto atende as expectativas.,"['produto', 'atende', 'as', 'expectativas']",1.0,5,10,10
81959,Ótimo,otimo,['otimo'],1.0,5,10,10
70133,Chegou tudo certinho,chegou tudo certinho,"['chegou', 'tudo', 'certinho']",1.0,5,10,10
99491,"Adorei o relógio, é a entrega foi super rápida.","adorei o relogio, e a entrega foi super rapida.","['adorei', 'relogio', 'entrega', 'foi', 'super', 'rapida']",1.0,5,10,10
45015,"Entrega rápida, porem pedi 2 unidades e recebi apenas uma unidade. Entrei em contato com a lannister e o problema foi solucionado sem maiores transtornos.","entrega rapida, porem pedi 2 unidades e recebi apenas uma unidade. entrei em contato com a lannister e o problema foi solucionado sem maiores transtornos.","['entrega', 'rapida', 'porem', 'pedi', 'unidades', 'recebi', 'apenas', 'uma', 'unidade', 'entrei', 'em', 'contato', 'com', 'lannister', 'problema', 'foi', 'solucionado', 'sem', 'maiores', 'transtornos']",,3,-1,10
19806,"Produto em si é bom, porém veio a cor diferente da que eu comprei.","produto em si e bom, porem veio a cor diferente da que eu comprei.","['produto', 'em', 'si', 'bom', 'porem', 'veio', 'cor', 'diferente', 'da', 'que', 'eu', 'comprei']",1.0,4,10,10
4857,O produto chegou em ordem e no dia certo.,o produto chegou em ordem e no dia certo.,"['produto', 'chegou', 'em', 'ordem', 'no', 'dia', 'certo']",1.0,5,10,10
94049,Produto barulhento sem controle de volume e não há referencia nas instruções do produto,produto barulhento sem controle de volume e nao ha referencia nas instrucoes do produto,"['produto', 'barulhento', 'sem', 'controle', 'de', 'volume', 'nao', 'ha', 'referencia', 'nas', 'instrucoes', 'do', 'produto']",,3,-1,10
72146,Chegou atrasado mas está valendo,chegou atrasado mas esta valendo,"['chegou', 'atrasado', 'mas', 'esta', 'valendo']",1.0,4,10,10
38726,chegou no prazo.. bom produto,chegou no prazo.. bom produto,"['chegou', 'no', 'prazo', 'bom', 'produto']",1.0,5,10,10
72631,Meu produto consta como entregue mais ele ainda não foi recebido.,meu produto consta como entregue mais ele ainda nao foi recebido.,"['meu', 'produto', 'consta', 'como', 'entregue', 'mais', 'ele', 'ainda', 'nao', 'foi', 'recebido']",0.0,1,10,10
64706,Produto conforme descrito pelo vendedor,produto conforme descrito pelo vendedor,"['produto', 'conforme', 'descrito', 'pelo', 'vendedor']",1.0,5,10,10
78484,"Ocorreu tudo bem, embora os correios ter demorado muito a entregar o produto","ocorreu tudo bem, embora os correios ter demorado muito a entregar o produto","['ocorreu', 'tudo', 'bem', 'embora', 'os', 'correios', 'ter', 'demorado', 'muito', 'entregar', 'produto']",1.0,4,10,10
15352,adorei o produto super recomendo],adorei o produto super recomendo],"['adorei', 'produto', 'super', 'recomendo']",1.0,5,10,10
84440,tudo certo e bunito,tudo certo e bunito,"['tudo', 'certo', 'bunito']",1.0,5,10,10
29422,"Muito bom, chegou no prazo. Perfeito","muito bom, chegou no prazo. perfeito","['muito', 'bom', 'chegou', 'no', 'prazo', 'perfeito']",1.0,5,10,10
38186,Excelente o processo de compra e entrega do produto. Recomendo. ,excelente o processo de compra e entrega do produto. recomendo. ,"['excelente', 'processo', 'de', 'compra', 'entrega', 'do', 'produto', 'recomendo']",1.0,5,10,10
77262,Recebi o produto dentro de prazo.,recebi o produto dentro de prazo.,"['recebi', 'produto', 'dentro', 'de', 'prazo']",1.0,4,10,10
27851,"O produto não foi entregue, retornou ao destinatário há 15 dias e ainda não me procuraram para devolver o dinheiro, não consigo falar com ninguém pelo sac","o produto nao foi entregue, retornou ao destinatario ha 15 dias e ainda nao me procuraram para devolver o dinheiro, nao consigo falar com ninguem pelo sac","['produto', 'nao', 'foi', 'entregue', 'retornou', 'ao', 'destinatario', 'ha', '15', 'dias', 'ainda', 'nao', 'me', 'procuraram', 'para', 'devolver', 'dinheiro', 'nao', 'consigo', 'falar', 'com', 'ninguem', 'pelo', 'sac']",0.0,1,10,10
17944,Recomendo! /Qualidade e entrega dentro do prazo..,recomendo! /qualidade e entrega dentro do prazo..,"['recomendo', 'qualidade', 'entrega', 'dentro', 'do', 'prazo']",1.0,4,10,10
17414,Site maravilhoso tanto no atendimento quanto na entrega ... Muito satisfeito!,site maravilhoso tanto no atendimento quanto na entrega ... muito satisfeito!,"['site', 'maravilhoso', 'tanto', 'no', 'atendimento', 'quanto', 'na', 'entrega', 'muito', 'satisfeito']",1.0,5,10,10
62558,Sempre comprei nas lannister e nuca tive problema.,sempre comprei nas lannister e nuca tive problema.,"['sempre', 'comprei', 'nas', 'lannister', 'nuca', 'tive', 'problema']",1.0,5,10,10
47964,Comprei e não recebi o produto.,comprei e nao recebi o produto.,"['comprei', 'nao', 'recebi', 'produto']",0.0,1,10,10
27197,a loja em si não apresentou problemas porém houve um imprevisto com a entregadora (correios) que atrasou a entrega e acabei por pedir o cancelamento do produto por motivos pessoais,a loja em si nao apresentou problemas porem houve um imprevisto com a entregadora (correios) que atrasou a entrega e acabei por pedir o cancelamento do produto por motivos pessoais,"['loja', 'em', 'si', 'nao', 'apresentou', 'problemas', 'porem', 'houve', 'um', 'imprevisto', 'com', 'entregadora', 'correios', 'que', 'atrasou', 'entrega', 'acabei', 'por', 'pedir', 'cancelamento', 'do', 'produto', 'por', 'motivos', 'pessoais']",0.0,1,10,10
24533,"Poderiam treceirizar as entregas, porque meu pedido foi pelos correios . Não sei já estão. Obrigada. ","poderiam treceirizar as entregas, porque meu pedido foi pelos correios . nao sei ja estao. obrigada. ","['poderiam', 'treceirizar', 'as', 'entregas', 'porque', 'meu', 'pedido', 'foi', 'pelos', 'correios', 'nao', 'sei', 'ja', 'estao', 'obrigada']",1.0,5,10,10
87145,"Produto entregue antes do tempo previsto pela loja. Estão de Parabéns!!
","produto entregue antes do tempo previsto pela loja. estao de parabens!!
","['produto', 'entregue', 'antes', 'do', 'tempo', 'previsto', 'pela', 'loja', 'estao', 'de', 'parabens']",1.0,5,10,10
60080,Excelente ... prazo de entrega excelente !,excelente ... prazo de entrega excelente !,"['excelente', 'prazo', 'de', 'entrega', 'excelente']",1.0,5,10,10
33582,bomba mto boa,bomba mto boa,"['bomba', 'mto', 'boa']",1.0,5,10,10
72756,O produto descreve que a caixa do relogio é metal e o vidro cristal mineral e não é a caixa é resina cromada e o vidro é acrílico.,o produto descreve que a caixa do relogio e metal e o vidro cristal mineral e nao e a caixa e resina cromada e o vidro e acrilico.,"['produto', 'descreve', 'que', 'caixa', 'do', 'relogio', 'metal', 'vidro', 'cristal', 'mineral', 'nao', 'caixa', 'resina', 'cromada', 'vidro', 'acrilico']",0.0,2,10,10
55308,Bom,bom,['bom'],1.0,4,10,10
64555,"Produto entregue dentro do prazo... recomendo

","produto entregue dentro do prazo... recomendo

","['produto', 'entregue', 'dentro', 'do', 'prazo', 'recomendo']",1.0,4,10,10
26837,"Eu adorei veio ate antes do tempo,Eu recomendo sim.....","eu adorei veio ate antes do tempo,eu recomendo sim.....","['eu', 'adorei', 'veio', 'ate', 'antes', 'do', 'tempo', 'eu', 'recomendo', 'sim']",1.0,5,10,10
74871,Excelente produto.,excelente produto.,"['excelente', 'produto']",1.0,5,10,10
83806,Foi a primeira vez que fiz uma compra pela a internet e foi uma péssima esperiencia.Agora quero saber se vou ficar no prejuízo? Não recebi o produto e quero meu dinheiro de volta!!,foi a primeira vez que fiz uma compra pela a internet e foi uma pessima esperiencia.agora quero saber se vou ficar no prejuizo? nao recebi o produto e quero meu dinheiro de volta!!,"['foi', 'primeira', 'vez', 'que', 'fiz', 'uma', 'compra', 'pela', 'internet', 'foi', 'uma', 'pessima', 'esperiencia', 'agora', 'quero', 'saber', 'se', 'vou', 'ficar', 'no', 'prejuizo', 'nao', 'recebi', 'produto', 'quero', 'meu', 'dinheiro', 'de', 'volta']",0.0,1,10,10
55400,O produto não chegou....minha bebê nasce no inicio de março e não tenho bolsa da maternidade...pois essa que comprei não chegou...paguei frete e não entendi o porquê de vir via pac...esta demorando,o produto nao chegou....minha bebe nasce no inicio de marco e nao tenho bolsa da maternidade...pois essa que comprei nao chegou...paguei frete e nao entendi o porque de vir via pac...esta demorando,"['produto', 'nao', 'chegou', 'minha', 'bebe', 'nasce', 'no', 'inicio', 'de', 'marco', 'nao', 'tenho', 'bolsa', 'da', 'maternidade', 'pois', 'essa', 'que', 'comprei', 'nao', 'chegou', 'paguei', 'frete', 'nao', 'entendi', 'porque', 'de', 'vir', 'via', 'pac', 'esta', 'demorando']",0.0,1,10,10
10600,"Bom atendimento
5
","bom atendimento
5
","['bom', 'atendimento']",,3,-1,10
61100,Excelente rapidez na entrega !,excelente rapidez na entrega !,"['excelente', 'rapidez', 'na', 'entrega']",1.0,5,10,10
20908,"preciso de ajuda para devolucao do pedido,
os produtos nao tem a qualidade esperada.

at

","preciso de ajuda para devolucao do pedido,
os produtos nao tem a qualidade esperada.

at

","['preciso', 'de', 'ajuda', 'para', 'devolucao', 'do', 'pedido', 'os', 'produtos', 'nao', 'tem', 'qualidade', 'esperada', 'at']",,3,-1,10
89849,Recebi um produto similar ao que pedi e não veio nota fiscal na caixa ,recebi um produto similar ao que pedi e nao veio nota fiscal na caixa ,"['recebi', 'um', 'produto', 'similar', 'ao', 'que', 'pedi', 'nao', 'veio', 'nota', 'fiscal', 'na', 'caixa']",0.0,1,10,10
17810,Compra rápida!Produto conforme anunciado e entrega antes do prazo!,compra rapida!produto conforme anunciado e entrega antes do prazo!,"['compra', 'rapida', 'produto', 'conforme', 'anunciado', 'entrega', 'antes', 'do', 'prazo']",1.0,5,10,10
66869,Muito satisfeita.parabens.,muito satisfeita.parabens.,"['muito', 'satisfeita', 'parabens']",1.0,5,10,10
77863,O produto veio faltando algumas peças a empresa se prontificou a envia las estou aguardando ,o produto veio faltando algumas pecas a empresa se prontificou a envia las estou aguardando ,"['produto', 'veio', 'faltando', 'algumas', 'pecas', 'empresa', 'se', 'prontificou', 'envia', 'las', 'estou', 'aguardando']",,3,-1,10
55574,"ENTREGA SUPER RÁPIDA, ME SURPREENDI!","entrega super rapida, me surpreendi!","['entrega', 'super', 'rapida', 'me', 'surpreendi']",1.0,5,10,10
44977,Enviei e-mail ontem e estou aguardando p/ ver o procedimento p/ fazer devolução. Entrei em contato com o responsável da nota e o mesmo diz que mandaria uma resistência para fazermos a troca. Incorreto,enviei e-mail ontem e estou aguardando p/ ver o procedimento p/ fazer devolucao. entrei em contato com o responsavel da nota e o mesmo diz que mandaria uma resistencia para fazermos a troca. incorreto,"['enviei', 'mail', 'ontem', 'estou', 'aguardando', 'ver', 'procedimento', 'fazer', 'devolucao', 'entrei', 'em', 'contato', 'com', 'responsavel', 'da', 'nota', 'mesmo', 'diz', 'que', 'mandaria', 'uma', 'resistencia', 'para', 'fazermos', 'troca', 'incorreto']",0.0,1,10,10
67111,Depois que recebi um envelope com um panfleto e o meu produto nao esta dentro envelope vazio. E lamentavel uma loja fazer isso quantas pessoas deve ter levado prejuizo. Alguem tem que manifestar. ,depois que recebi um envelope com um panfleto e o meu produto nao esta dentro envelope vazio. e lamentavel uma loja fazer isso quantas pessoas deve ter levado prejuizo. alguem tem que manifestar. ,"['depois', 'que', 'recebi', 'um', 'envelope', 'com', 'um', 'panfleto', 'meu', 'produto', 'nao', 'esta', 'dentro', 'envelope', 'vazio', 'lamentavel', 'uma', 'loja', 'fazer', 'isso', 'quantas', 'pessoas', 'deve', 'ter', 'levado', 'prejuizo', 'alguem', 'tem', 'que', 'manifestar']",0.0,1,10,10
68431,Recomendo esta compra,recomendo esta compra,"['recomendo', 'esta', 'compra']",1.0,5,10,10
12874,Recebi o produto há poucos dias. Por enquanto funcionando muito bem. ,recebi o produto ha poucos dias. por enquanto funcionando muito bem. ,"['recebi', 'produto', 'ha', 'poucos', 'dias', 'por', 'enquanto', 'funcionando', 'muito', 'bem']",1.0,5,10,10
78029,Otimo,otimo,['otimo'],1.0,5,10,10
614,Boa compra.,boa compra.,"['boa', 'compra']",1.0,4,10,10
76021,"Entrega rápida, produto bem embalado, tudo perfeito.","entrega rapida, produto bem embalado, tudo perfeito.","['entrega', 'rapida', 'produto', 'bem', 'embalado', 'tudo', 'perfeito']",1.0,5,10,10
87863,"Entrega rápida, bom produto é fácil montagem.","entrega rapida, bom produto e facil montagem.","['entrega', 'rapida', 'bom', 'produto', 'facil', 'montagem']",1.0,4,10,10
83005,uma das poltronas faltando os 04 pés palito,uma das poltronas faltando os 04 pes palito,"['uma', 'das', 'poltronas', 'faltando', 'os', '04', 'pes', 'palito']",0.0,1,10,10
64132,"Comprei 4 kits e só recebi, por enquanto, apenas 01(um). Por isso minha avaliação de que ""o produto não foi entregue"". Penso que deveriam inf na compra q viria em partes e não td de uma vez. Aguardo.","comprei 4 kits e so recebi, por enquanto, apenas 01(um). por isso minha avaliacao de que ""o produto nao foi entregue"". penso que deveriam inf na compra q viria em partes e nao td de uma vez. aguardo.","['comprei', 'kits', 'so', 'recebi', 'por', 'enquanto', 'apenas', '01', 'um', 'por', 'isso', 'minha', 'avaliacao', 'de', 'que', 'produto', 'nao', 'foi', 'entregue', 'penso', 'que', 'deveriam', 'inf', 'na', 'compra', 'viria', 'em', 'partes', 'nao', 'td', 'de', 'uma', 'vez', 'aguardo']",1.0,5,10,10
35419,happy,happy,['happy'],1.0,5,10,10
46860,Perfeito ,perfeito ,['perfeito'],1.0,5,10,10
82703,Adorei o produto ,adorei o produto ,"['adorei', 'produto']",1.0,5,10,10
57959,não recebi o produto ,nao recebi o produto ,"['nao', 'recebi', 'produto']",0.0,1,10,10
97337,"foi tranquilo, ate agora tudo foi cumprido.","foi tranquilo, ate agora tudo foi cumprido.","['foi', 'tranquilo', 'ate', 'agora', 'tudo', 'foi', 'cumprido']",1.0,4,10,10
29445,recomendo,recomendo,['recomendo'],0.0,2,10,10
54813,"Chegou antes do prazo, e em perfeito estado. Muito bem embalado.","chegou antes do prazo, e em perfeito estado. muito bem embalado.","['chegou', 'antes', 'do', 'prazo', 'em', 'perfeito', 'estado', 'muito', 'bem', 'embalado']",1.0,5,10,10
91948,Boa,boa,['boa'],,3,-1,10
30666,"A película enviada é reta e a tela do aparelho é um pouco redonda o que deixou os lados afastado da película e fica entrando sugira.

Passou um dia do prazo mas é algo tolerável. 

Do mais parabén","a pelicula enviada e reta e a tela do aparelho e um pouco redonda o que deixou os lados afastado da pelicula e fica entrando sugira.

passou um dia do prazo mas e algo toleravel. 

do mais paraben","['pelicula', 'enviada', 'reta', 'tela', 'do', 'aparelho', 'um', 'pouco', 'redonda', 'que', 'deixou', 'os', 'lados', 'afastado', 'da', 'pelicula', 'fica', 'entrando', 'sugira', 'passou', 'um', 'dia', 'do', 'prazo', 'mas', 'algo', 'toleravel', 'do', 'mais', 'paraben']",1.0,5,10,10
16290,"Produto de acordo com a postagem .
Entrega rápida e antes do prazo.","produto de acordo com a postagem .
entrega rapida e antes do prazo.","['produto', 'de', 'acordo', 'com', 'postagem', 'entrega', 'rapida', 'antes', 'do', 'prazo']",1.0,5,10,10
4957,"a cor azul da capa é bem esmaecida e na foto era bem viva, de resto, tudo ok,","a cor azul da capa e bem esmaecida e na foto era bem viva, de resto, tudo ok,","['cor', 'azul', 'da', 'capa', 'bem', 'esmaecida', 'na', 'foto', 'era', 'bem', 'viva', 'de', 'resto', 'tudo', 'ok']",1.0,4,10,10
90361,Produto cf anunciado. Chegou antes do prazo. ,produto cf anunciado. chegou antes do prazo. ,"['produto', 'cf', 'anunciado', 'chegou', 'antes', 'do', 'prazo']",1.0,5,10,10
5029,"ANTES DO PRAZO,ÓTIMO.","antes do prazo,otimo.","['antes', 'do', 'prazo', 'otimo']",1.0,5,10,10
92507,O produto tem um problema no ajuste e só serviria bem em pessoas muito grandes. O máximo que ele ajusta ainda fica muito largo. Mas a câmera é razoável e o dispositivo faz o que promete.,o produto tem um problema no ajuste e so serviria bem em pessoas muito grandes. o maximo que ele ajusta ainda fica muito largo. mas a camera e razoavel e o dispositivo faz o que promete.,"['produto', 'tem', 'um', 'problema', 'no', 'ajuste', 'so', 'serviria', 'bem', 'em', 'pessoas', 'muito', 'grandes', 'maximo', 'que', 'ele', 'ajusta', 'ainda', 'fica', 'muito', 'largo', 'mas', 'camera', 'razoavel', 'dispositivo', 'faz', 'que', 'promete']",1.0,4,10,10
39199,"Muito bom Chegou bem antes do prazo, ","muito bom chegou bem antes do prazo, ","['muito', 'bom', 'chegou', 'bem', 'antes', 'do', 'prazo']",1.0,4,10,10
28296,gostei muito e espero que voces continue assim espero comprar mas vez.,gostei muito e espero que voces continue assim espero comprar mas vez.,"['gostei', 'muito', 'espero', 'que', 'voces', 'continue', 'assim', 'espero', 'comprar', 'mas', 'vez']",1.0,5,10,10
72760,O produto aparenta não ter o mesmo tamanho anunciado,o produto aparenta nao ter o mesmo tamanho anunciado,"['produto', 'aparenta', 'nao', 'ter', 'mesmo', 'tamanho', 'anunciado']",,3,-1,10
33218,"Devido incompatibilidade vou devolver, ótimo produto! ","devido incompatibilidade vou devolver, otimo produto! ","['devido', 'incompatibilidade', 'vou', 'devolver', 'otimo', 'produto']",1.0,5,10,10
27248,"O produto é de boa qualidade, atendeu a nossa expectativa e veio em tempo record, fato que aprovo.","o produto e de boa qualidade, atendeu a nossa expectativa e veio em tempo record, fato que aprovo.","['produto', 'de', 'boa', 'qualidade', 'atendeu', 'nossa', 'expectativa', 'veio', 'em', 'tempo', 'record', 'fato', 'que', 'aprovo']",1.0,4,10,10
18326,:(,:(,[],0.0,1,10,10
60990,Produto de excelente qualidade. Vale a pena o custo x benefício. Entrega antes do prazo estipulado. Recomendo ,produto de excelente qualidade. vale a pena o custo x beneficio. entrega antes do prazo estipulado. recomendo ,"['produto', 'de', 'excelente', 'qualidade', 'vale', 'pena', 'custo', 'beneficio', 'entrega', 'antes', 'do', 'prazo', 'estipulado', 'recomendo']",1.0,5,10,10
72138,"Entregue antes do prazo prometido, muito bom! Parabéns ","entregue antes do prazo prometido, muito bom! parabens ","['entregue', 'antes', 'do', 'prazo', 'prometido', 'muito', 'bom', 'parabens']",1.0,5,10,10
3762,Um dos bonecos chegou com defeito,um dos bonecos chegou com defeito,"['um', 'dos', 'bonecos', 'chegou', 'com', 'defeito']",1.0,4,10,10
5608,"a capinha a qualidade do plastico de dentro é boa a parte de fora ""couro"" é boa Porem a pelicula de vidro veio quebrada e bem quebrada,veio bem embalada oque indica que foi embalada ja quebrada.triste","a capinha a qualidade do plastico de dentro e boa a parte de fora ""couro"" e boa porem a pelicula de vidro veio quebrada e bem quebrada,veio bem embalada oque indica que foi embalada ja quebrada.triste","['capinha', 'qualidade', 'do', 'plastico', 'de', 'dentro', 'boa', 'parte', 'de', 'fora', 'couro', 'boa', 'porem', 'pelicula', 'de', 'vidro', 'veio', 'quebrada', 'bem', 'quebrada', 'veio', 'bem', 'embalada', 'oque', 'indica', 'que', 'foi', 'embalada', 'ja', 'quebrada', 'triste']",0.0,2,10,10
240,"Demora na entrega, detestei o atendimento e NUNCA mais compro. baratheon quando vendia por eles mesmos era bem melhor! ","demora na entrega, detestei o atendimento e nunca mais compro. baratheon quando vendia por eles mesmos era bem melhor! ","['demora', 'na', 'entrega', 'detestei', 'atendimento', 'nunca', 'mais', 'compro', 'baratheon', 'quando', 'vendia', 'por', 'eles', 'mesmos', 'era', 'bem', 'melhor']",0.0,1,10,10
21531,"Gostei muito, produto entregue no prazo estão de parabens!","gostei muito, produto entregue no prazo estao de parabens!","['gostei', 'muito', 'produto', 'entregue', 'no', 'prazo', 'estao', 'de', 'parabens']",1.0,5,10,10
21546,Ótimo perfume recomendo,otimo perfume recomendo,"['otimo', 'perfume', 'recomendo']",1.0,5,10,10
49473,"Produto bom, veio faltando uma peça, mas sei que a loja resolvera o problema, afinal compro aqui há anos e nunca tive problema. Recomendo!","produto bom, veio faltando uma peca, mas sei que a loja resolvera o problema, afinal compro aqui ha anos e nunca tive problema. recomendo!","['produto', 'bom', 'veio', 'faltando', 'uma', 'peca', 'mas', 'sei', 'que', 'loja', 'resolvera', 'problema', 'afinal', 'compro', 'aqui', 'ha', 'anos', 'nunca', 'tive', 'problema', 'recomendo']",,3,-1,10
64772,O produto foi entregue corretamente e com rapidez,o produto foi entregue corretamente e com rapidez,"['produto', 'foi', 'entregue', 'corretamente', 'com', 'rapidez']",1.0,5,10,10
49117,"Pela segunda vez tive problemas com a entrega. A primeira vez nao me enviaram o produto e desta vez recebi diferente do que comprei. Tanto a cor, quanto ao modelo. Fiquei decepcionada. Não compro mais","pela segunda vez tive problemas com a entrega. a primeira vez nao me enviaram o produto e desta vez recebi diferente do que comprei. tanto a cor, quanto ao modelo. fiquei decepcionada. nao compro mais","['pela', 'segunda', 'vez', 'tive', 'problemas', 'com', 'entrega', 'primeira', 'vez', 'nao', 'me', 'enviaram', 'produto', 'desta', 'vez', 'recebi', 'diferente', 'do', 'que', 'comprei', 'tanto', 'cor', 'quanto', 'ao', 'modelo', 'fiquei', 'decepcionada', 'nao', 'compro', 'mais']",0.0,1,10,10
61387,"Muito decepcionada, a compra foi efetuado dia 07/11 e até o momento 09/12 não recebi nenhuma notificação sobre o produto comprado cujo o código do pedido é 03496111588 pagto R$ 104,63.","muito decepcionada, a compra foi efetuado dia 07/11 e ate o momento 09/12 nao recebi nenhuma notificacao sobre o produto comprado cujo o codigo do pedido e 03496111588 pagto r$ 104,63.","['muito', 'decepcionada', 'compra', 'foi', 'efetuado', 'dia', '07', '11', 'ate', 'momento', '09', '12', 'nao', 'recebi', 'nenhuma', 'notificacao', 'sobre', 'produto', 'comprado', 'cujo', 'codigo', 'do', 'pedido', '03496111588', 'pagto', '104', '63']",0.0,1,10,10
9919,Mt bom ,mt bom ,"['mt', 'bom']",1.0,5,10,10
1406,ACHO QUE DEVERIA NOS ENFORMAR MAIS RAPIDO ONDE ESTA O PRODUTO,acho que deveria nos enformar mais rapido onde esta o produto,"['acho', 'que', 'deveria', 'nos', 'enformar', 'mais', 'rapido', 'onde', 'esta', 'produto']",,3,-1,10
60907,"a impressora identificou os 2 cartuchos como não originais, as impressões estão com desempenho inferior","a impressora identificou os 2 cartuchos como nao originais, as impressoes estao com desempenho inferior","['impressora', 'identificou', 'os', 'cartuchos', 'como', 'nao', 'originais', 'as', 'impressoes', 'estao', 'com', 'desempenho', 'inferior']",0.0,1,10,10
98894,Conforme foto. Chegou bem antes do previsto. Recomendo,conforme foto. chegou bem antes do previsto. recomendo,"['conforme', 'foto', 'chegou', 'bem', 'antes', 'do', 'previsto', 'recomendo']",1.0,4,10,10
27571,"Recomendo a todos. Produto de excelente qualidade, entrega rápida, preço justo.","recomendo a todos. produto de excelente qualidade, entrega rapida, preco justo.","['recomendo', 'todos', 'produto', 'de', 'excelente', 'qualidade', 'entrega', 'rapida', 'preco', 'justo']",1.0,5,10,10
17666,perfect...amei,perfect...amei,"['perfect', 'amei']",1.0,5,10,10
60650,Chegou antes do prazo!,chegou antes do prazo!,"['chegou', 'antes', 'do', 'prazo']",1.0,5,10,10
62705,Bom,bom,['bom'],1.0,4,10,10
15389,Veio muito rápido! Não consegui preencher esta avaliação antes!!!,veio muito rapido! nao consegui preencher esta avaliacao antes!!!,"['veio', 'muito', 'rapido', 'nao', 'consegui', 'preencher', 'esta', 'avaliacao', 'antes']",1.0,5,10,10
86158,"Na descrição do produto diz 100% algodao e me enviaram 80%algodao e 20%poliester, depois que fechei o pedido eles alteraram a data de entrega. Depois que reclamei, recebi o produto. ","na descricao do produto diz 100% algodao e me enviaram 80%algodao e 20%poliester, depois que fechei o pedido eles alteraram a data de entrega. depois que reclamei, recebi o produto. ","['na', 'descricao', 'do', 'produto', 'diz', '100', 'algodao', 'me', 'enviaram', '80', 'algodao', '20', 'poliester', 'depois', 'que', 'fechei', 'pedido', 'eles', 'alteraram', 'data', 'de', 'entrega', 'depois', 'que', 'reclamei', 'recebi', 'produto']",0.0,1,10,10
85334,"Comprei um jogo de mantimentos no.prazo.perfeito mas as vasilhas estão todas manchadas por dentro e não tem como.fica e lavando.pois o desenho de fora e adesivo de papel que não é descrito na pagina
","comprei um jogo de mantimentos no.prazo.perfeito mas as vasilhas estao todas manchadas por dentro e nao tem como.fica e lavando.pois o desenho de fora e adesivo de papel que nao e descrito na pagina
","['comprei', 'um', 'jogo', 'de', 'mantimentos', 'no', 'prazo', 'perfeito', 'mas', 'as', 'vasilhas', 'estao', 'todas', 'manchadas', 'por', 'dentro', 'nao', 'tem', 'como', 'fica', 'lavando', 'pois', 'desenho', 'de', 'fora', 'adesivo', 'de', 'papel', 'que', 'nao', 'descrito', 'na', 'pagina']",0.0,1,10,10
81797,Chegou bem antes do prazo dado e o produto é excelente ... Eu recomendo !!!!!!,chegou bem antes do prazo dado e o produto e excelente ... eu recomendo !!!!!!,"['chegou', 'bem', 'antes', 'do', 'prazo', 'dado', 'produto', 'excelente', 'eu', 'recomendo']",1.0,5,10,10
91981,top ,top ,['top'],1.0,5,10,10
12311,"Produto muito bem embalado , entregue dentro do prazo.
","produto muito bem embalado , entregue dentro do prazo.
","['produto', 'muito', 'bem', 'embalado', 'entregue', 'dentro', 'do', 'prazo']",1.0,5,10,10
7801,Entrega na data prevista. Recomendo a loja.,entrega na data prevista. recomendo a loja.,"['entrega', 'na', 'data', 'prevista', 'recomendo', 'loja']",1.0,5,10,10
8582,Grato pela entrega rápida e pelo produto correto!,grato pela entrega rapida e pelo produto correto!,"['grato', 'pela', 'entrega', 'rapida', 'pelo', 'produto', 'correto']",1.0,5,10,10
92916,"Trabalho excelente, dentro do prazo e você consegue monitorar desde o inicio da compra até o produto chegar na sua casa. Muito bom, recomendo a todos comprar no lannister.com!","trabalho excelente, dentro do prazo e voce consegue monitorar desde o inicio da compra ate o produto chegar na sua casa. muito bom, recomendo a todos comprar no lannister.com!","['trabalho', 'excelente', 'dentro', 'do', 'prazo', 'voce', 'consegue', 'monitorar', 'desde', 'inicio', 'da', 'compra', 'ate', 'produto', 'chegar', 'na', 'sua', 'casa', 'muito', 'bom', 'recomendo', 'todos', 'comprar', 'no', 'lannister', 'com']",1.0,5,10,10
55085,"O produto foi entregue, mas a cor é diferente, é manchado! Parece que jogaram água sanitária. Não é harmônica a cor. ","o produto foi entregue, mas a cor e diferente, e manchado! parece que jogaram agua sanitaria. nao e harmonica a cor. ","['produto', 'foi', 'entregue', 'mas', 'cor', 'diferente', 'manchado', 'parece', 'que', 'jogaram', 'agua', 'sanitaria', 'nao', 'harmonica', 'cor']",0.0,1,10,10
77329,Entrega rápida e produto conforme anúncio,entrega rapida e produto conforme anuncio,"['entrega', 'rapida', 'produto', 'conforme', 'anuncio']",,3,-1,10
19639,"Ainda não recebi o produto. 
Já paguei a primeira parcela do cartão. ","ainda nao recebi o produto. 
ja paguei a primeira parcela do cartao. ","['ainda', 'nao', 'recebi', 'produto', 'ja', 'paguei', 'primeira', 'parcela', 'do', 'cartao']",0.0,1,10,10
91452,"Já comprei outras coisas na Americana e não tive problemas, porem até o momento não recebi esta encomenda, este é o primeiro problema que estou tendo.","ja comprei outras coisas na americana e nao tive problemas, porem ate o momento nao recebi esta encomenda, este e o primeiro problema que estou tendo.","['ja', 'comprei', 'outras', 'coisas', 'na', 'americana', 'nao', 'tive', 'problemas', 'porem', 'ate', 'momento', 'nao', 'recebi', 'esta', 'encomenda', 'este', 'primeiro', 'problema', 'que', 'estou', 'tendo']",0.0,1,10,10
49047,Um produto dentro do prazo e outro atrasou 1 dia.,um produto dentro do prazo e outro atrasou 1 dia.,"['um', 'produto', 'dentro', 'do', 'prazo', 'outro', 'atrasou', 'dia']",1.0,4,10,10
24699,ok,ok,['ok'],1.0,4,10,10
24170,Demorou um a entrega,demorou um a entrega,"['demorou', 'um', 'entrega']",0.0,1,10,10
93507,"entrega antes do prazo previsto, muito bom.","entrega antes do prazo previsto, muito bom.","['entrega', 'antes', 'do', 'prazo', 'previsto', 'muito', 'bom']",1.0,5,10,10
23158,Recebi e o produto dentro do esperado ,recebi e o produto dentro do esperado ,"['recebi', 'produto', 'dentro', 'do', 'esperado']",,3,-1,10
29465,"Atendimento horrível, fiquei esperando o produto por mais de um mês, não recomendo pra ninguém ","atendimento horrivel, fiquei esperando o produto por mais de um mes, nao recomendo pra ninguem ","['atendimento', 'horrivel', 'fiquei', 'esperando', 'produto', 'por', 'mais', 'de', 'um', 'mes', 'nao', 'recomendo', 'pra', 'ninguem']",0.0,1,10,10
15363,Excelente. Mas só funciona depois de lavar duas vezes e secar o cabelo.,excelente. mas so funciona depois de lavar duas vezes e secar o cabelo.,"['excelente', 'mas', 'so', 'funciona', 'depois', 'de', 'lavar', 'duas', 'vezes', 'secar', 'cabelo']",1.0,5,10,10
66415,Produto de ótima qualidade,produto de otima qualidade,"['produto', 'de', 'otima', 'qualidade']",1.0,5,10,10
84795,"Meu marido adorou a carteira, muito linda mesmo!!!
Recebi antes do prazo.
","meu marido adorou a carteira, muito linda mesmo!!!
recebi antes do prazo.
","['meu', 'marido', 'adorou', 'carteira', 'muito', 'linda', 'mesmo', 'recebi', 'antes', 'do', 'prazo']",1.0,5,10,10
88560,Gostei muito da mercadoria e gostaria de fazer outra compra agora sendo a mesa para decoração de festas se poderem me ajudar enviando me o pedido desse produto eu agradeço.,gostei muito da mercadoria e gostaria de fazer outra compra agora sendo a mesa para decoracao de festas se poderem me ajudar enviando me o pedido desse produto eu agradeco.,"['gostei', 'muito', 'da', 'mercadoria', 'gostaria', 'de', 'fazer', 'outra', 'compra', 'agora', 'sendo', 'mesa', 'para', 'decoracao', 'de', 'festas', 'se', 'poderem', 'me', 'ajudar', 'enviando', 'me', 'pedido', 'desse', 'produto', 'eu', 'agradeco']",1.0,5,10,10
25640,Exelente produto e a entrega mais rápido que o esperado...,exelente produto e a entrega mais rapido que o esperado...,"['exelente', 'produto', 'entrega', 'mais', 'rapido', 'que', 'esperado']",1.0,5,10,10
8099,"o produto nao veio como solicitado.
era de vaquinha
uma pena
estou decepcionada","o produto nao veio como solicitado.
era de vaquinha
uma pena
estou decepcionada","['produto', 'nao', 'veio', 'como', 'solicitado', 'era', 'de', 'vaquinha', 'uma', 'pena', 'estou', 'decepcionada']",0.0,1,10,10
92167,"Loja entregou no prazo sem qualquer problema. Produto me surpreendeu, embalagem impecável.","loja entregou no prazo sem qualquer problema. produto me surpreendeu, embalagem impecavel.","['loja', 'entregou', 'no', 'prazo', 'sem', 'qualquer', 'problema', 'produto', 'me', 'surpreendeu', 'embalagem', 'impecavel']",1.0,5,10,10
30649,"O produto demora horrores para ser entregue e ficam reagendando data de entrega e nós ficamos a merce deles sempre que tento em contato sempre cai a ligação, não comprarei nunca mais nessa loja!","o produto demora horrores para ser entregue e ficam reagendando data de entrega e nos ficamos a merce deles sempre que tento em contato sempre cai a ligacao, nao comprarei nunca mais nessa loja!","['produto', 'demora', 'horrores', 'para', 'ser', 'entregue', 'ficam', 'reagendando', 'data', 'de', 'entrega', 'nos', 'ficamos', 'merce', 'deles', 'sempre', 'que', 'tento', 'em', 'contato', 'sempre', 'cai', 'ligacao', 'nao', 'comprarei', 'nunca', 'mais', 'nessa', 'loja']",0.0,1,10,10
77247,Ola. Ontem recebi meu Revoflex quebrado e faltando pedaços. Quero saber como troca-lo. ,ola. ontem recebi meu revoflex quebrado e faltando pedacos. quero saber como troca-lo. ,"['ola', 'ontem', 'recebi', 'meu', 'revoflex', 'quebrado', 'faltando', 'pedacos', 'quero', 'saber', 'como', 'troca', 'lo']",0.0,1,10,10
25426,O produto parece ser outro pela foto ,o produto parece ser outro pela foto ,"['produto', 'parece', 'ser', 'outro', 'pela', 'foto']",0.0,2,10,10
66666,entrega rapida,entrega rapida,"['entrega', 'rapida']",1.0,4,10,10
69667,Não recebi o produto e a loja nem se quer me dar uma satisfação ,nao recebi o produto e a loja nem se quer me dar uma satisfacao ,"['nao', 'recebi', 'produto', 'loja', 'nem', 'se', 'quer', 'me', 'dar', 'uma', 'satisfacao']",0.0,1,10,10
65298,"Pedi um produto com o ""fornecedor"", targaryen, mas infelizmente eles não tiveram o compromisso de enviar o produto que eu havia de fato pedido. Gostaria de devolver meu produto, pois me senti enganada.","pedi um produto com o ""fornecedor"", targaryen, mas infelizmente eles nao tiveram o compromisso de enviar o produto que eu havia de fato pedido. gostaria de devolver meu produto, pois me senti enganada.","['pedi', 'um', 'produto', 'com', 'fornecedor', 'targaryen', 'mas', 'infelizmente', 'eles', 'nao', 'tiveram', 'compromisso', 'de', 'enviar', 'produto', 'que', 'eu', 'havia', 'de', 'fato', 'pedido', 'gostaria', 'de', 'devolver', 'meu', 'produto', 'pois', 'me', 'senti', 'enganada']",0.0,1,10,10
13659,Entrega no prazo .,entrega no prazo .,"['entrega', 'no', 'prazo']",1.0,4,10,10
97572,produto com defeito nas costuras.,produto com defeito nas costuras.,"['produto', 'com', 'defeito', 'nas', 'costuras']",0.0,1,10,10
69373,"sempre comprei no baratheon, recebi sempre os produtos antes do prazo, agora comprei alguns produtos e estou recebendo parcialmente,do pedido falta duas cuzcuzeira...","sempre comprei no baratheon, recebi sempre os produtos antes do prazo, agora comprei alguns produtos e estou recebendo parcialmente,do pedido falta duas cuzcuzeira...","['sempre', 'comprei', 'no', 'baratheon', 'recebi', 'sempre', 'os', 'produtos', 'antes', 'do', 'prazo', 'agora', 'comprei', 'alguns', 'produtos', 'estou', 'recebendo', 'parcialmente', 'do', 'pedido', 'falta', 'duas', 'cuzcuzeira']",0.0,2,10,10
67441,"Coloquei a placa assim que chegou. A maquina voltou a funcionar, porém é preciso olhar a mangueira, e o termotasto.","coloquei a placa assim que chegou. a maquina voltou a funcionar, porem e preciso olhar a mangueira, e o termotasto.","['coloquei', 'placa', 'assim', 'que', 'chegou', 'maquina', 'voltou', 'funcionar', 'porem', 'preciso', 'olhar', 'mangueira', 'termotasto']",1.0,4,10,10
75666,"O status da entrega é ruim, sempre desatualizado, mostra que teve erro na entrega, mudam o prazo e no fim entregam antes. ","o status da entrega e ruim, sempre desatualizado, mostra que teve erro na entrega, mudam o prazo e no fim entregam antes. ","['status', 'da', 'entrega', 'ruim', 'sempre', 'desatualizado', 'mostra', 'que', 'teve', 'erro', 'na', 'entrega', 'mudam', 'prazo', 'no', 'fim', 'entregam', 'antes']",1.0,4,10,10
75878,"Loja horrível, não entregou o meu produto até hoje. ","loja horrivel, nao entregou o meu produto ate hoje. ","['loja', 'horrivel', 'nao', 'entregou', 'meu', 'produto', 'ate', 'hoje']",0.0,1,10,10
70499,"O preço poderia ser melhor. O produto chegou no prazo. No geral, boa compra.","o preco poderia ser melhor. o produto chegou no prazo. no geral, boa compra.","['preco', 'poderia', 'ser', 'melhor', 'produto', 'chegou', 'no', 'prazo', 'no', 'geral', 'boa', 'compra']",1.0,5,10,10
17356,Recebi o produto antes do prazo,recebi o produto antes do prazo,"['recebi', 'produto', 'antes', 'do', 'prazo']",1.0,5,10,10
60601,"Produto entregue conforme anunciado, inclusive com as conexões e válvulas. Até um rolo de fita veda rosca veio junto com a conexões. Super recomendo.","produto entregue conforme anunciado, inclusive com as conexoes e valvulas. ate um rolo de fita veda rosca veio junto com a conexoes. super recomendo.","['produto', 'entregue', 'conforme', 'anunciado', 'inclusive', 'com', 'as', 'conexoes', 'valvulas', 'ate', 'um', 'rolo', 'de', 'fita', 'veda', 'rosca', 'veio', 'junto', 'com', 'conexoes', 'super', 'recomendo']",1.0,5,10,10
83013,produto excelente. ,produto excelente. ,"['produto', 'excelente']",1.0,5,10,10
1553,"Chegou antes da data prevista, tudo ok","chegou antes da data prevista, tudo ok","['chegou', 'antes', 'da', 'data', 'prevista', 'tudo', 'ok']",1.0,5,10,10
25819,comprei dois produtos há mais de um mês e não recebi nenhum,comprei dois produtos ha mais de um mes e nao recebi nenhum,"['comprei', 'dois', 'produtos', 'ha', 'mais', 'de', 'um', 'mes', 'nao', 'recebi', 'nenhum']",0.0,1,10,10
8375,O produto chegou no prazo estipulado e em perfeito estado.,o produto chegou no prazo estipulado e em perfeito estado.,"['produto', 'chegou', 'no', 'prazo', 'estipulado', 'em', 'perfeito', 'estado']",1.0,5,10,10
88603,Linda mochila..Preço justo...Excelente material.,linda mochila..preco justo...excelente material.,"['linda', 'mochila', 'preco', 'justo', 'excelente', 'material']",1.0,5,10,10
20424,"Só faltou mesmo o manual para regular o relógio, é meio complicado. Vou ter que levar em uma relojoaria para me ensinarem.
Mas o produto é o esperado.","so faltou mesmo o manual para regular o relogio, e meio complicado. vou ter que levar em uma relojoaria para me ensinarem.
mas o produto e o esperado.","['so', 'faltou', 'mesmo', 'manual', 'para', 'regular', 'relogio', 'meio', 'complicado', 'vou', 'ter', 'que', 'levar', 'em', 'uma', 'relojoaria', 'para', 'me', 'ensinarem', 'mas', 'produto', 'esperado']",1.0,5,10,10
69450,O Produto chegou 15 dias depois do pagamento e voltarei fazer outras compras desta empresa ! Vcs estão de parabéns 😍😍,o produto chegou 15 dias depois do pagamento e voltarei fazer outras compras desta empresa ! vcs estao de parabens 😍😍,"['produto', 'chegou', '15', 'dias', 'depois', 'do', 'pagamento', 'voltarei', 'fazer', 'outras', 'compras', 'desta', 'empresa', 'vcs', 'estao', 'de', 'parabens']",1.0,5,10,10
48169,"Veio tudo certinho , irei comprar sempre daí, 
Super recomendo 👏👏👏👏👏👏","veio tudo certinho , irei comprar sempre dai, 
super recomendo 👏👏👏👏👏👏","['veio', 'tudo', 'certinho', 'irei', 'comprar', 'sempre', 'dai', 'super', 'recomendo']",1.0,5,10,10
20988,Produto veio de acordo com solicitado e dentro do prazo,produto veio de acordo com solicitado e dentro do prazo,"['produto', 'veio', 'de', 'acordo', 'com', 'solicitado', 'dentro', 'do', 'prazo']",1.0,5,10,10
21075,"Depender dos correios hoje em dia coloca a satisfação do cliente com o fornecedor em risco, pois os correios, não são precisos em seus serviços. ","depender dos correios hoje em dia coloca a satisfacao do cliente com o fornecedor em risco, pois os correios, nao sao precisos em seus servicos. ","['depender', 'dos', 'correios', 'hoje', 'em', 'dia', 'coloca', 'satisfacao', 'do', 'cliente', 'com', 'fornecedor', 'em', 'risco', 'pois', 'os', 'correios', 'nao', 'sao', 'precisos', 'em', 'seus', 'servicos']",1.0,4,10,10
4613,Voltarei a comprar,voltarei a comprar,"['voltarei', 'comprar']",1.0,5,10,10
2854,Amei a tesoura com corte preciso recomendo para quem quer uma tesoura de qualidade entrega rapida,amei a tesoura com corte preciso recomendo para quem quer uma tesoura de qualidade entrega rapida,"['amei', 'tesoura', 'com', 'corte', 'preciso', 'recomendo', 'para', 'quem', 'quer', 'uma', 'tesoura', 'de', 'qualidade', 'entrega', 'rapida']",1.0,5,10,10
9319,"O produto foi entregue bem rápido, mas infelizmente o brinquedo é de péssima qualidade, coisa que não dá pra saber vendo só as fotos, alguns dos carrinhos até já quebraram.","o produto foi entregue bem rapido, mas infelizmente o brinquedo e de pessima qualidade, coisa que nao da pra saber vendo so as fotos, alguns dos carrinhos ate ja quebraram.","['produto', 'foi', 'entregue', 'bem', 'rapido', 'mas', 'infelizmente', 'brinquedo', 'de', 'pessima', 'qualidade', 'coisa', 'que', 'nao', 'da', 'pra', 'saber', 'vendo', 'so', 'as', 'fotos', 'alguns', 'dos', 'carrinhos', 'ate', 'ja', 'quebraram']",,3,-1,10
65500,Foto não corresponde ao produto. Apesar de conter medidas que não dão a noção do tamanho do produto.,foto nao corresponde ao produto. apesar de conter medidas que nao dao a nocao do tamanho do produto.,"['foto', 'nao', 'corresponde', 'ao', 'produto', 'apesar', 'de', 'conter', 'medidas', 'que', 'nao', 'dao', 'nocao', 'do', 'tamanho', 'do', 'produto']",0.0,1,10,10
12530,Muito satisfeito entraga bem rapida ,muito satisfeito entraga bem rapida ,"['muito', 'satisfeito', 'entraga', 'bem', 'rapida']",1.0,5,10,10
40131,gostei muito bacana,gostei muito bacana,"['gostei', 'muito', 'bacana']",1.0,5,10,10
32479,Satisfeita ,satisfeita ,['satisfeita'],1.0,5,10,10
86822,"o produto foi roubado nos correios, mas ate o momento a loja não deu nenhuma posição sobre o caso.","o produto foi roubado nos correios, mas ate o momento a loja nao deu nenhuma posicao sobre o caso.","['produto', 'foi', 'roubado', 'nos', 'correios', 'mas', 'ate', 'momento', 'loja', 'nao', 'deu', 'nenhuma', 'posicao', 'sobre', 'caso']",0.0,2,10,10
3156,Carregador diferente do que está na foto e é paralelo!,carregador diferente do que esta na foto e e paralelo!,"['carregador', 'diferente', 'do', 'que', 'esta', 'na', 'foto', 'paralelo']",0.0,2,10,10
15021,desejo saber como vou fazer para receber o objeto??,desejo saber como vou fazer para receber o objeto??,"['desejo', 'saber', 'como', 'vou', 'fazer', 'para', 'receber', 'objeto']",0.0,1,10,10
51878,Parece bom,parece bom,"['parece', 'bom']",1.0,4,10,10
46892,"Adquiri um kit Rivera 5 peças não recebi o cobre leito,veio um lençol muito fino que não é um cobre leito.
gostaria que fosse trocado pelo produto que adquiri no site.","adquiri um kit rivera 5 pecas nao recebi o cobre leito,veio um lencol muito fino que nao e um cobre leito.
gostaria que fosse trocado pelo produto que adquiri no site.","['adquiri', 'um', 'kit', 'rivera', 'pecas', 'nao', 'recebi', 'cobre', 'leito', 'veio', 'um', 'lencol', 'muito', 'fino', 'que', 'nao', 'um', 'cobre', 'leito', 'gostaria', 'que', 'fosse', 'trocado', 'pelo', 'produto', 'que', 'adquiri', 'no', 'site']",0.0,1,10,10
73963,"Comprei para iniciar um curso, levei para a professora avaliar, pois a tesoura estava dura, ao abrir e fechar, resumindo ela está com defeito o defeito esta nas duas tesouras que veio no kit, dinheiro","comprei para iniciar um curso, levei para a professora avaliar, pois a tesoura estava dura, ao abrir e fechar, resumindo ela esta com defeito o defeito esta nas duas tesouras que veio no kit, dinheiro","['comprei', 'para', 'iniciar', 'um', 'curso', 'levei', 'para', 'professora', 'avaliar', 'pois', 'tesoura', 'estava', 'dura', 'ao', 'abrir', 'fechar', 'resumindo', 'ela', 'esta', 'com', 'defeito', 'defeito', 'esta', 'nas', 'duas', 'tesouras', 'que', 'veio', 'no', 'kit', 'dinheiro']",0.0,1,10,10
95864,Ótima compra ,otima compra ,"['otima', 'compra']",1.0,5,10,10
75896,"Sempre adquiro produtos das lannister e nunca, nunca, nunca tive problemas...","sempre adquiro produtos das lannister e nunca, nunca, nunca tive problemas...","['sempre', 'adquiro', 'produtos', 'das', 'lannister', 'nunca', 'nunca', 'nunca', 'tive', 'problemas']",1.0,5,10,10
20789,poderia melhora,poderia melhora,"['poderia', 'melhora']",,3,-1,10
8133,"Em função da voltagem não ser a da minha região solicitei o cancelamento da compra... Estou aguardando o estorno do valor pago no cartão.
Grato","em funcao da voltagem nao ser a da minha regiao solicitei o cancelamento da compra... estou aguardando o estorno do valor pago no cartao.
grato","['em', 'funcao', 'da', 'voltagem', 'nao', 'ser', 'da', 'minha', 'regiao', 'solicitei', 'cancelamento', 'da', 'compra', 'estou', 'aguardando', 'estorno', 'do', 'valor', 'pago', 'no', 'cartao', 'grato']",1.0,5,10,10
94178,Nota 1000,nota 1000,"['nota', '1000']",1.0,5,10,10
97797,"Comprei o Boneco no Mario Bros tradicional e me mandaram o Boneco Mario Bros Fire branco. Se eu quisesse esse, teria comprado em outro lugar. Não recomendo a loja. ","comprei o boneco no mario bros tradicional e me mandaram o boneco mario bros fire branco. se eu quisesse esse, teria comprado em outro lugar. nao recomendo a loja. ","['comprei', 'boneco', 'no', 'mario', 'bros', 'tradicional', 'me', 'mandaram', 'boneco', 'mario', 'bros', 'fire', 'branco', 'se', 'eu', 'quisesse', 'esse', 'teria', 'comprado', 'em', 'outro', 'lugar', 'nao', 'recomendo', 'loja']",0.0,2,10,10
7584,"O Varão vem em 4 partes, mas quando se encaixam ficam com folga, ai quanto pendura a cortina ele fica torto com uma ""barriga"" entre um Gancho de fixação e outro!! ","o varao vem em 4 partes, mas quando se encaixam ficam com folga, ai quanto pendura a cortina ele fica torto com uma ""barriga"" entre um gancho de fixacao e outro!! ","['varao', 'vem', 'em', 'partes', 'mas', 'quando', 'se', 'encaixam', 'ficam', 'com', 'folga', 'ai', 'quanto', 'pendura', 'cortina', 'ele', 'fica', 'torto', 'com', 'uma', 'barriga', 'entre', 'um', 'gancho', 'de', 'fixacao', 'outro']",0.0,1,10,10
71516,Recebi antes do prazo chegou corretamente,recebi antes do prazo chegou corretamente,"['recebi', 'antes', 'do', 'prazo', 'chegou', 'corretamente']",1.0,4,10,10
59770,ChegoChegou antes do prazo,chegochegou antes do prazo,"['chegochegou', 'antes', 'do', 'prazo']",0.0,1,10,10
93142,Recomendo.,recomendo.,['recomendo'],1.0,5,10,10
54947,Comprei este produto adorei os benefícios que contém nele. A entrega foi satisfatória!!!,comprei este produto adorei os beneficios que contem nele. a entrega foi satisfatoria!!!,"['comprei', 'este', 'produto', 'adorei', 'os', 'beneficios', 'que', 'contem', 'nele', 'entrega', 'foi', 'satisfatoria']",1.0,5,10,10
39250,aguardo solucionar a entrega errada,aguardo solucionar a entrega errada,"['aguardo', 'solucionar', 'entrega', 'errada']",0.0,1,10,10
74400,Ótimo produto!,otimo produto!,"['otimo', 'produto']",1.0,4,10,10
59393,"Meu produto não chegou, já fiz 2 solicitações e o prazo de resposta venceu a 4 dias e ninguém entra em contato","meu produto nao chegou, ja fiz 2 solicitacoes e o prazo de resposta venceu a 4 dias e ninguem entra em contato","['meu', 'produto', 'nao', 'chegou', 'ja', 'fiz', 'solicitacoes', 'prazo', 'de', 'resposta', 'venceu', 'dias', 'ninguem', 'entra', 'em', 'contato']",0.0,1,10,10
60422,"Boa tarde,
Gostei muito do serviço e espero ser atendida bem assim na próxima compra!","boa tarde,
gostei muito do servico e espero ser atendida bem assim na proxima compra!","['boa', 'tarde', 'gostei', 'muito', 'do', 'servico', 'espero', 'ser', 'atendida', 'bem', 'assim', 'na', 'proxima', 'compra']",1.0,5,10,10
14462,"Produto veio sem a caixa original , riscado e sem a nota fiscal .","produto veio sem a caixa original , riscado e sem a nota fiscal .","['produto', 'veio', 'sem', 'caixa', 'original', 'riscado', 'sem', 'nota', 'fiscal']",0.0,1,10,10
21370,Gostei muito obrigado por atender os clientes com muita competência. ,gostei muito obrigado por atender os clientes com muita competencia. ,"['gostei', 'muito', 'obrigado', 'por', 'atender', 'os', 'clientes', 'com', 'muita', 'competencia']",1.0,5,10,10
241,Produto muito bom,produto muito bom,"['produto', 'muito', 'bom']",1.0,5,10,10
31856,"Entrega feita antes do prazo , produto de qualidade , ótima prestação de serviço ao cliente .","entrega feita antes do prazo , produto de qualidade , otima prestacao de servico ao cliente .","['entrega', 'feita', 'antes', 'do', 'prazo', 'produto', 'de', 'qualidade', 'otima', 'prestacao', 'de', 'servico', 'ao', 'cliente']",1.0,5,10,10
99602,"Excelente qualidade !! Lindissimo !Preço maravilhos e entrega rapida !! Em resumo amei tudoooo
","excelente qualidade !! lindissimo !preco maravilhos e entrega rapida !! em resumo amei tudoooo
","['excelente', 'qualidade', 'lindissimo', 'preco', 'maravilhos', 'entrega', 'rapida', 'em', 'resumo', 'amei', 'tudoooo']",1.0,5,10,10
47500,"A culpa foi dos correios, é pena não termos outra opção no nosso país para envio de encomendas. Mas poderiam procurar tambem o setor de cargas das companhias aereas, as vezes sai mais barato.","a culpa foi dos correios, e pena nao termos outra opcao no nosso pais para envio de encomendas. mas poderiam procurar tambem o setor de cargas das companhias aereas, as vezes sai mais barato.","['culpa', 'foi', 'dos', 'correios', 'pena', 'nao', 'termos', 'outra', 'opcao', 'no', 'nosso', 'pais', 'para', 'envio', 'de', 'encomendas', 'mas', 'poderiam', 'procurar', 'tambem', 'setor', 'de', 'cargas', 'das', 'companhias', 'aereas', 'as', 'vezes', 'sai', 'mais', 'barato']",1.0,5,10,10
60875,Excelente produto. Chegou conforme combinado.,excelente produto. chegou conforme combinado.,"['excelente', 'produto', 'chegou', 'conforme', 'combinado']",1.0,5,10,10
87178,"Entrega foi bem antes do Plazo,e o produto foi o e que eu pedi","entrega foi bem antes do plazo,e o produto foi o e que eu pedi","['entrega', 'foi', 'bem', 'antes', 'do', 'plazo', 'produto', 'foi', 'que', 'eu', 'pedi']",1.0,4,10,10
11749,.,.,[],1.0,5,10,10
90445,"O teclado sem fio veio com peça faltando o que impossibilita a conectividade com o PC e o mouse veio sujo, amarelado, com aspecto de usado. Solicitei a devolução com emissão de voucher de crédito.","o teclado sem fio veio com peca faltando o que impossibilita a conectividade com o pc e o mouse veio sujo, amarelado, com aspecto de usado. solicitei a devolucao com emissao de voucher de credito.","['teclado', 'sem', 'fio', 'veio', 'com', 'peca', 'faltando', 'que', 'impossibilita', 'conectividade', 'com', 'pc', 'mouse', 'veio', 'sujo', 'amarelado', 'com', 'aspecto', 'de', 'usado', 'solicitei', 'devolucao', 'com', 'emissao', 'de', 'voucher', 'de', 'credito']",0.0,1,10,10
50588,"Eu pensei q a cor azul,era mais intenso.
Bem rápida a entrega.Obrigada!","eu pensei q a cor azul,era mais intenso.
bem rapida a entrega.obrigada!","['eu', 'pensei', 'cor', 'azul', 'era', 'mais', 'intenso', 'bem', 'rapida', 'entrega', 'obrigada']",1.0,5,10,10
87603,Ainda estou aguardando a entrega do produto!,ainda estou aguardando a entrega do produto!,"['ainda', 'estou', 'aguardando', 'entrega', 'do', 'produto']",0.0,1,10,10
60959,Produto entregue bem rápido.,produto entregue bem rapido.,"['produto', 'entregue', 'bem', 'rapido']",1.0,5,10,10
18583,"Estava dentro do prazo, mas acho que poderia ter entregue antes. ","estava dentro do prazo, mas acho que poderia ter entregue antes. ","['estava', 'dentro', 'do', 'prazo', 'mas', 'acho', 'que', 'poderia', 'ter', 'entregue', 'antes']",,3,-1,10
18622,´´otima,"  otima",['otima'],1.0,5,10,10
44104,Produtos excelente. Chegou bem antes do prazo previsto.,produtos excelente. chegou bem antes do prazo previsto.,"['produtos', 'excelente', 'chegou', 'bem', 'antes', 'do', 'prazo', 'previsto']",1.0,5,10,10
9606,Verifiquei que o acabamento deixa muito a desejar.,verifiquei que o acabamento deixa muito a desejar.,"['verifiquei', 'que', 'acabamento', 'deixa', 'muito', 'desejar']",0.0,2,10,10
57127,Muito boa gostei 👍 ,muito boa gostei 👍 ,"['muito', 'boa', 'gostei']",1.0,5,10,10
28775,"eu compraria se fosse entregue pela lannister,mais por essa empresa nunca mais,comprei esse brinquedo para minha filha e não entregaram,fiquei decepcionada...","eu compraria se fosse entregue pela lannister,mais por essa empresa nunca mais,comprei esse brinquedo para minha filha e nao entregaram,fiquei decepcionada...","['eu', 'compraria', 'se', 'fosse', 'entregue', 'pela', 'lannister', 'mais', 'por', 'essa', 'empresa', 'nunca', 'mais', 'comprei', 'esse', 'brinquedo', 'para', 'minha', 'filha', 'nao', 'entregaram', 'fiquei', 'decepcionada']",0.0,1,10,10
6531,Chegou antes do prazo previsto.,chegou antes do prazo previsto.,"['chegou', 'antes', 'do', 'prazo', 'previsto']",1.0,4,10,10
45150,"Película veio quebrada,comprei pela Lojas lannister.E agora é o parceiro que é responsável? 
Comprei pela lojas lannister
e é ela que tem que ser responsável não comprei com parceiro e nem o conhe","pelicula veio quebrada,comprei pela lojas lannister.e agora e o parceiro que e responsavel? 
comprei pela lojas lannister
e e ela que tem que ser responsavel nao comprei com parceiro e nem o conhe","['pelicula', 'veio', 'quebrada', 'comprei', 'pela', 'lojas', 'lannister', 'agora', 'parceiro', 'que', 'responsavel', 'comprei', 'pela', 'lojas', 'lannister', 'ela', 'que', 'tem', 'que', 'ser', 'responsavel', 'nao', 'comprei', 'com', 'parceiro', 'nem', 'conhe']",0.0,1,10,10
56687,Tudo Correu bem e era o que eu queria,tudo correu bem e era o que eu queria,"['tudo', 'correu', 'bem', 'era', 'que', 'eu', 'queria']",1.0,5,10,10
60481,"Gostei da compra, é um produto de qualidade, veio em perfeita condição, ótimo!!!","gostei da compra, e um produto de qualidade, veio em perfeita condicao, otimo!!!","['gostei', 'da', 'compra', 'um', 'produto', 'de', 'qualidade', 'veio', 'em', 'perfeita', 'condicao', 'otimo']",1.0,5,10,10
42046,"A pulseira aparente ser um pouco frágil, fora isso tudo certo. Entrega antecipada tá de parabéns 👏👏👏. ","a pulseira aparente ser um pouco fragil, fora isso tudo certo. entrega antecipada ta de parabens 👏👏👏. ","['pulseira', 'aparente', 'ser', 'um', 'pouco', 'fragil', 'fora', 'isso', 'tudo', 'certo', 'entrega', 'antecipada', 'ta', 'de', 'parabens']",1.0,4,10,10
16417,Gostei! Aprovado,gostei! aprovado,"['gostei', 'aprovado']",1.0,5,10,10
50579,"o prazo de entrega , muito antes . otimo, eu adorei. ","o prazo de entrega , muito antes . otimo, eu adorei. ","['prazo', 'de', 'entrega', 'muito', 'antes', 'otimo', 'eu', 'adorei']",1.0,5,10,10
22124,"Parceiro muito bom, vale a pena comprar com essa loja.","parceiro muito bom, vale a pena comprar com essa loja.","['parceiro', 'muito', 'bom', 'vale', 'pena', 'comprar', 'com', 'essa', 'loja']",1.0,5,10,10
5193,Muito fino....mas bom...,muito fino....mas bom...,"['muito', 'fino', 'mas', 'bom']",,3,-1,10
71100,Produto de ótima qualidade e de fácil montagem.,produto de otima qualidade e de facil montagem.,"['produto', 'de', 'otima', 'qualidade', 'de', 'facil', 'montagem']",1.0,5,10,10
52539,"produto OK, pena nao ter chegado antes.","produto ok, pena nao ter chegado antes.","['produto', 'ok', 'pena', 'nao', 'ter', 'chegado', 'antes']",1.0,4,10,10
48413,Tudo ok,tudo ok,"['tudo', 'ok']",1.0,4,10,10
90137,e lindo ,e lindo ,['lindo'],1.0,5,10,10
48249,Produto de boa qualidade mas que não serviu em minha cama. Já fiz a reforma (pensei que fosse uma saia e não um tecido interiço) e ficou bonito. Prazo para entrega muito demorado (30 dias),produto de boa qualidade mas que nao serviu em minha cama. ja fiz a reforma (pensei que fosse uma saia e nao um tecido interico) e ficou bonito. prazo para entrega muito demorado (30 dias),"['produto', 'de', 'boa', 'qualidade', 'mas', 'que', 'nao', 'serviu', 'em', 'minha', 'cama', 'ja', 'fiz', 'reforma', 'pensei', 'que', 'fosse', 'uma', 'saia', 'nao', 'um', 'tecido', 'interico', 'ficou', 'bonito', 'prazo', 'para', 'entrega', 'muito', 'demorado', '30', 'dias']",,3,-1,10
18497,"Quero saber porque tanto atraso na minha encomenda, porque deram previsão de entrega para o dia 23/4 até hoje nada","quero saber porque tanto atraso na minha encomenda, porque deram previsao de entrega para o dia 23/4 ate hoje nada","['quero', 'saber', 'porque', 'tanto', 'atraso', 'na', 'minha', 'encomenda', 'porque', 'deram', 'previsao', 'de', 'entrega', 'para', 'dia', '23', 'ate', 'hoje', 'nada']",0.0,1,10,10
60256,"uma ótima loja, só que depois de ter efetuado a compra que fui informado que não havia mais produto em estoque.","uma otima loja, so que depois de ter efetuado a compra que fui informado que nao havia mais produto em estoque.","['uma', 'otima', 'loja', 'so', 'que', 'depois', 'de', 'ter', 'efetuado', 'compra', 'que', 'fui', 'informado', 'que', 'nao', 'havia', 'mais', 'produto', 'em', 'estoque']",1.0,4,10,10
59240,"Produto conforme o anuncio, bem embalado, entrega rapida.","produto conforme o anuncio, bem embalado, entrega rapida.","['produto', 'conforme', 'anuncio', 'bem', 'embalado', 'entrega', 'rapida']",1.0,5,10,10
96833,"O pedido consta de 2 produtos e até agora recebi apenas 1 produto, e o que me preocupa é que o status aparece como entregue.
Solicito providências

","o pedido consta de 2 produtos e ate agora recebi apenas 1 produto, e o que me preocupa e que o status aparece como entregue.
solicito providencias

","['pedido', 'consta', 'de', 'produtos', 'ate', 'agora', 'recebi', 'apenas', 'produto', 'que', 'me', 'preocupa', 'que', 'status', 'aparece', 'como', 'entregue', 'solicito', 'providencias']",0.0,1,10,10
24809,Ótimo ,otimo ,['otimo'],1.0,5,10,10
19688,Boa forma de comprar,boa forma de comprar,"['boa', 'forma', 'de', 'comprar']",1.0,4,10,10
76526,"Não gostei do produto, solicitei a devolução pelo site da lannister, informaram que em 48 horas iriam dar o retorno e até o momento ninguém se manifestou. Quero devolver o produto.","nao gostei do produto, solicitei a devolucao pelo site da lannister, informaram que em 48 horas iriam dar o retorno e ate o momento ninguem se manifestou. quero devolver o produto.","['nao', 'gostei', 'do', 'produto', 'solicitei', 'devolucao', 'pelo', 'site', 'da', 'lannister', 'informaram', 'que', 'em', '48', 'horas', 'iriam', 'dar', 'retorno', 'ate', 'momento', 'ninguem', 'se', 'manifestou', 'quero', 'devolver', 'produto']",0.0,1,10,10
61762,"fui bem atendido, é uma empresa séria e profissional
","fui bem atendido, e uma empresa seria e profissional
","['fui', 'bem', 'atendido', 'uma', 'empresa', 'seria', 'profissional']",1.0,5,10,10
60577,otimo,otimo,['otimo'],1.0,5,10,10
26272,Boa,boa,['boa'],1.0,5,10,10
92399,Painel bom bonito valorizou o ambiente ,painel bom bonito valorizou o ambiente ,"['painel', 'bom', 'bonito', 'valorizou', 'ambiente']",1.0,5,10,10
7837,"Amanhã vou ligar no atendimento solicitando a devolução do meu dinheiro. Produto super frágil, minha mãe vou esticar pra por no colchão e rasgou.
Não recomendo.","amanha vou ligar no atendimento solicitando a devolucao do meu dinheiro. produto super fragil, minha mae vou esticar pra por no colchao e rasgou.
nao recomendo.","['amanha', 'vou', 'ligar', 'no', 'atendimento', 'solicitando', 'devolucao', 'do', 'meu', 'dinheiro', 'produto', 'super', 'fragil', 'minha', 'mae', 'vou', 'esticar', 'pra', 'por', 'no', 'colchao', 'rasgou', 'nao', 'recomendo']",0.0,1,10,10
67131,"Recebi informação sobre a situação do meu pedido até o recebimento. Chegou no prazo e o produto é o que eu especifiquei.
","recebi informacao sobre a situacao do meu pedido ate o recebimento. chegou no prazo e o produto e o que eu especifiquei.
","['recebi', 'informacao', 'sobre', 'situacao', 'do', 'meu', 'pedido', 'ate', 'recebimento', 'chegou', 'no', 'prazo', 'produto', 'que', 'eu', 'especifiquei']",1.0,5,10,10
50497,Entrega ante do prazo e produto correto.,entrega ante do prazo e produto correto.,"['entrega', 'ante', 'do', 'prazo', 'produto', 'correto']",1.0,5,10,10
7080,excelente prazo de entrega,excelente prazo de entrega,"['excelente', 'prazo', 'de', 'entrega']",1.0,5,10,10
93618,Top,top,['top'],1.0,5,10,10
13202,Na minha opinião faltou o manual de instrução da lanterna.,na minha opiniao faltou o manual de instrucao da lanterna.,"['na', 'minha', 'opiniao', 'faltou', 'manual', 'de', 'instrucao', 'da', 'lanterna']",1.0,4,10,10
97288,"Toalha de péssima qualidade, prefiro as dá marca casa e conforto.","toalha de pessima qualidade, prefiro as da marca casa e conforto.","['toalha', 'de', 'pessima', 'qualidade', 'prefiro', 'as', 'da', 'marca', 'casa', 'conforto']",0.0,1,10,10
92038,"Entrega super rápida, antes do prazo, super recomendo.","entrega super rapida, antes do prazo, super recomendo.","['entrega', 'super', 'rapida', 'antes', 'do', 'prazo', 'super', 'recomendo']",1.0,5,10,10
11145,Não chegou,nao chegou,"['nao', 'chegou']",0.0,1,10,10
48962,Bom,bom,['bom'],1.0,5,10,10
8246,"O produto tinha nota fiscal de todos os itens, mas há partes faltando.","o produto tinha nota fiscal de todos os itens, mas ha partes faltando.","['produto', 'tinha', 'nota', 'fiscal', 'de', 'todos', 'os', 'itens', 'mas', 'ha', 'partes', 'faltando']",0.0,1,10,10
11224,Muito bom Produto!!,muito bom produto!!,"['muito', 'bom', 'produto']",1.0,4,10,10
38410,A transação ocorreu dentro da proposta.,a transacao ocorreu dentro da proposta.,"['transacao', 'ocorreu', 'dentro', 'da', 'proposta']",1.0,5,10,10
75845,"Sensacional... Eu tinha medo de ser outra coisa, mas é muito linda. Pra quem é fã de coração, eu recomendo.","sensacional... eu tinha medo de ser outra coisa, mas e muito linda. pra quem e fa de coracao, eu recomendo.","['sensacional', 'eu', 'tinha', 'medo', 'de', 'ser', 'outra', 'coisa', 'mas', 'muito', 'linda', 'pra', 'quem', 'fa', 'de', 'coracao', 'eu', 'recomendo']",1.0,5,10,10
67625,Produto entregue no prazo recomendaria,produto entregue no prazo recomendaria,"['produto', 'entregue', 'no', 'prazo', 'recomendaria']",1.0,5,10,10
75178,"Não tenho como avaliar o parceiro. O fato é que não recebi o produto até hoje e amanhã é a data limite para informar isso à lannister. Favor alterar meu email para xarax200@gmail.com
Luiz Carlos
","nao tenho como avaliar o parceiro. o fato e que nao recebi o produto ate hoje e amanha e a data limite para informar isso a lannister. favor alterar meu email para xarax200@gmail.com
luiz carlos
","['nao', 'tenho', 'como', 'avaliar', 'parceiro', 'fato', 'que', 'nao', 'recebi', 'produto', 'ate', 'hoje', 'amanha', 'data', 'limite', 'para', 'informar', 'isso', 'lannister', 'favor', 'alterar', 'meu', 'email', 'para', 'xarax200', 'gmail', 'com', 'luiz', 'carlos']",0.0,2,10,10
59924,Excelente sou cliente assídua e recomendo sempre parabéns ,excelente sou cliente assidua e recomendo sempre parabens ,"['excelente', 'sou', 'cliente', 'assidua', 'recomendo', 'sempre', 'parabens']",1.0,5,10,10
71183,tudo serto so o preço que podia ser mais em conta.,tudo serto so o preco que podia ser mais em conta.,"['tudo', 'serto', 'so', 'preco', 'que', 'podia', 'ser', 'mais', 'em', 'conta']",1.0,4,10,10
82088,"Suporte diferenciado, pois permite depois que já apertou os parafuso, apenas encaixar a TV na parte do suporte da parede.","suporte diferenciado, pois permite depois que ja apertou os parafuso, apenas encaixar a tv na parte do suporte da parede.","['suporte', 'diferenciado', 'pois', 'permite', 'depois', 'que', 'ja', 'apertou', 'os', 'parafuso', 'apenas', 'encaixar', 'tv', 'na', 'parte', 'do', 'suporte', 'da', 'parede']",1.0,4,10,10
7833,Esta é a terceira vez que compro o produto. Só tenho elogios a fazer.,esta e a terceira vez que compro o produto. so tenho elogios a fazer.,"['esta', 'terceira', 'vez', 'que', 'compro', 'produto', 'so', 'tenho', 'elogios', 'fazer']",1.0,5,10,10
94606,"Achei ótimo, era para demorar até 20 dias, chegou 4 dias depois que meu pedido foi aprovado. 
Ainda não testei, mas pelo que dizem ele é maravilhoso!","achei otimo, era para demorar ate 20 dias, chegou 4 dias depois que meu pedido foi aprovado. 
ainda nao testei, mas pelo que dizem ele e maravilhoso!","['achei', 'otimo', 'era', 'para', 'demorar', 'ate', '20', 'dias', 'chegou', 'dias', 'depois', 'que', 'meu', 'pedido', 'foi', 'aprovado', 'ainda', 'nao', 'testei', 'mas', 'pelo', 'que', 'dizem', 'ele', 'maravilhoso']",1.0,5,10,10
10678,"Recebi um modelo de relógio diferente do que comprei. O modelo Casio que comprei é o A680, porém, para minha surpresa recebi o A168. Fora isso tenho lá minhas dúvidas sobre a originalidade do produto.","recebi um modelo de relogio diferente do que comprei. o modelo casio que comprei e o a680, porem, para minha surpresa recebi o a168. fora isso tenho la minhas duvidas sobre a originalidade do produto.","['recebi', 'um', 'modelo', 'de', 'relogio', 'diferente', 'do', 'que', 'comprei', 'modelo', 'casio', 'que', 'comprei', 'a680', 'porem', 'para', 'minha', 'surpresa', 'recebi', 'a168', 'fora', 'isso', 'tenho', 'la', 'minhas', 'duvidas', 'sobre', 'originalidade', 'do', 'produto']",0.0,1,10,10
73193,Muito bom. Mercadoria veio bem antes do previsto. Acompanhamento da entrega da mercadoria excelente. Parabéns. Continuem assim.,muito bom. mercadoria veio bem antes do previsto. acompanhamento da entrega da mercadoria excelente. parabens. continuem assim.,"['muito', 'bom', 'mercadoria', 'veio', 'bem', 'antes', 'do', 'previsto', 'acompanhamento', 'da', 'entrega', 'da', 'mercadoria', 'excelente', 'parabens', 'continuem', 'assim']",1.0,5,10,10
72043,Preço bom entrega rapida,preco bom entrega rapida,"['preco', 'bom', 'entrega', 'rapida']",1.0,5,10,10
22813,Estou satisfeita com oproduto e o prazo de entrega,estou satisfeita com oproduto e o prazo de entrega,"['estou', 'satisfeita', 'com', 'oproduto', 'prazo', 'de', 'entrega']",1.0,5,10,10
56928,A boneca é uma graça! Minha filha amou!!!!,a boneca e uma graca! minha filha amou!!!!,"['boneca', 'uma', 'graca', 'minha', 'filha', 'amou']",1.0,5,10,10
40409,"Quanto ao produto, nada a reclamar, mas a targaryen que entrega demorou bastante em seu procedimento de separação e entrega do produto, comprei outro produto junto de outra empresa e chegou bem antes!","quanto ao produto, nada a reclamar, mas a targaryen que entrega demorou bastante em seu procedimento de separacao e entrega do produto, comprei outro produto junto de outra empresa e chegou bem antes!","['quanto', 'ao', 'produto', 'nada', 'reclamar', 'mas', 'targaryen', 'que', 'entrega', 'demorou', 'bastante', 'em', 'seu', 'procedimento', 'de', 'separacao', 'entrega', 'do', 'produto', 'comprei', 'outro', 'produto', 'junto', 'de', 'outra', 'empresa', 'chegou', 'bem', 'antes']",,3,-1,10
77129,Recebi o produto antes do prazo!! Tudo ok! Recomendo!,recebi o produto antes do prazo!! tudo ok! recomendo!,"['recebi', 'produto', 'antes', 'do', 'prazo', 'tudo', 'ok', 'recomendo']",1.0,4,10,10
25917,"Apesar de falar que o cooler era compativel com o meu purificador na descricao do anuncio, NAO É.

Tive que devolver. Ou seja, esperei a toa.","apesar de falar que o cooler era compativel com o meu purificador na descricao do anuncio, nao e.

tive que devolver. ou seja, esperei a toa.","['apesar', 'de', 'falar', 'que', 'cooler', 'era', 'compativel', 'com', 'meu', 'purificador', 'na', 'descricao', 'do', 'anuncio', 'nao', 'tive', 'que', 'devolver', 'ou', 'seja', 'esperei', 'toa']",0.0,1,10,10
38315,"Serviços todos ótimos, porém achei só o fecho um pouco frágil!!recomendo! ","servicos todos otimos, porem achei so o fecho um pouco fragil!!recomendo! ","['servicos', 'todos', 'otimos', 'porem', 'achei', 'so', 'fecho', 'um', 'pouco', 'fragil', 'recomendo']",1.0,5,10,10
862,O produto veio estragado,o produto veio estragado,"['produto', 'veio', 'estragado']",0.0,1,10,10
61675,Chegou dentro do prazo e bem embalada tudo certo ,chegou dentro do prazo e bem embalada tudo certo ,"['chegou', 'dentro', 'do', 'prazo', 'bem', 'embalada', 'tudo', 'certo']",1.0,4,10,10
12000,recomendo,recomendo,['recomendo'],1.0,5,10,10
921,satisfeito eu recomendo,satisfeito eu recomendo,"['satisfeito', 'eu', 'recomendo']",1.0,4,10,10
87384,"Produto um tanto pequeno,potes sem boa vedação na tampa.","produto um tanto pequeno,potes sem boa vedacao na tampa.","['produto', 'um', 'tanto', 'pequeno', 'potes', 'sem', 'boa', 'vedacao', 'na', 'tampa']",,3,-1,10
84243,Gostei adorei do jeitinho que eu pensava.,gostei adorei do jeitinho que eu pensava.,"['gostei', 'adorei', 'do', 'jeitinho', 'que', 'eu', 'pensava']",1.0,5,10,10
32614,"Comprei um ultrabook e foi enviado um celular, mandei de volta, mais o ultrabook até o momento não recebi, como fica isso.","comprei um ultrabook e foi enviado um celular, mandei de volta, mais o ultrabook ate o momento nao recebi, como fica isso.","['comprei', 'um', 'ultrabook', 'foi', 'enviado', 'um', 'celular', 'mandei', 'de', 'volta', 'mais', 'ultrabook', 'ate', 'momento', 'nao', 'recebi', 'como', 'fica', 'isso']",0.0,1,10,10
230,Entrega antes do prazo. Produto muito prático e de fácil manuseio. ,entrega antes do prazo. produto muito pratico e de facil manuseio. ,"['entrega', 'antes', 'do', 'prazo', 'produto', 'muito', 'pratico', 'de', 'facil', 'manuseio']",1.0,5,10,10
7623,Super recomendo! ,super recomendo! ,"['super', 'recomendo']",1.0,5,10,10
72920,Ótima loção para o corpo!,otima locao para o corpo!,"['otima', 'locao', 'para', 'corpo']",1.0,5,10,10
24683," Não veio oprotetor de escapamento!!"," nao veio oprotetor de escapamento!!","['nao', 'veio', 'oprotetor', 'de', 'escapamento']",0.0,2,10,10
23778,Demorou muito,demorou muito,"['demorou', 'muito']",1.0,4,10,10
80340,Produto de acordo conforme combinado. Produto entregue no prazo e atendeu a minha necessidade.,produto de acordo conforme combinado. produto entregue no prazo e atendeu a minha necessidade.,"['produto', 'de', 'acordo', 'conforme', 'combinado', 'produto', 'entregue', 'no', 'prazo', 'atendeu', 'minha', 'necessidade']",1.0,5,10,10
89196,Muita demora na entrega.,muita demora na entrega.,"['muita', 'demora', 'na', 'entrega']",0.0,2,10,10
14336,"O produto é bom, mas o vendedor precisa ficar atento a qualidade do produto.
O meu produto veio com um furinho, que parece ser de alfinete, mas que para mim, ficou escondido.
No geral, o produto é b","o produto e bom, mas o vendedor precisa ficar atento a qualidade do produto.
o meu produto veio com um furinho, que parece ser de alfinete, mas que para mim, ficou escondido.
no geral, o produto e b","['produto', 'bom', 'mas', 'vendedor', 'precisa', 'ficar', 'atento', 'qualidade', 'do', 'produto', 'meu', 'produto', 'veio', 'com', 'um', 'furinho', 'que', 'parece', 'ser', 'de', 'alfinete', 'mas', 'que', 'para', 'mim', 'ficou', 'escondido', 'no', 'geral', 'produto']",,3,-1,10
94301,"Parabenizo pelo respeito ao consumidor, cumprimento de prazo na entrega do produto. ","parabenizo pelo respeito ao consumidor, cumprimento de prazo na entrega do produto. ","['parabenizo', 'pelo', 'respeito', 'ao', 'consumidor', 'cumprimento', 'de', 'prazo', 'na', 'entrega', 'do', 'produto']",1.0,5,10,10
66502,mais uma ves parabens a lojas americana ea targaryen pelo compromiso com o criente.obrigado ate a proxima,mais uma ves parabens a lojas americana ea targaryen pelo compromiso com o criente.obrigado ate a proxima,"['mais', 'uma', 'ves', 'parabens', 'lojas', 'americana', 'ea', 'targaryen', 'pelo', 'compromiso', 'com', 'criente', 'obrigado', 'ate', 'proxima']",,3,-1,10
14772,"PRODUTO ENTREGUE COM AVARIA, SOLICITADO TROCA.","produto entregue com avaria, solicitado troca.","['produto', 'entregue', 'com', 'avaria', 'solicitado', 'troca']",0.0,2,10,10
69352,O produto ainda não chegou,o produto ainda nao chegou,"['produto', 'ainda', 'nao', 'chegou']",0.0,1,10,10
16673,Muito bom!,muito bom!,"['muito', 'bom']",0.0,2,10,10
36879,muito bom o produto e a entrega foi muito rápida,muito bom o produto e a entrega foi muito rapida,"['muito', 'bom', 'produto', 'entrega', 'foi', 'muito', 'rapida']",1.0,5,10,10
59636,Site confiável e chegou antes do prazo,site confiavel e chegou antes do prazo,"['site', 'confiavel', 'chegou', 'antes', 'do', 'prazo']",1.0,5,10,10
6345,Ainda não testei ,ainda nao testei ,"['ainda', 'nao', 'testei']",1.0,5,10,10
65544,Produto preencheu as expectativas.,produto preencheu as expectativas.,"['produto', 'preencheu', 'as', 'expectativas']",1.0,5,10,10
45283,"Produto veio nos conformes, melhor do que eu imaginava, entrega foi antes do previsto. Muito satisfeito com targaryen.","produto veio nos conformes, melhor do que eu imaginava, entrega foi antes do previsto. muito satisfeito com targaryen.","['produto', 'veio', 'nos', 'conformes', 'melhor', 'do', 'que', 'eu', 'imaginava', 'entrega', 'foi', 'antes', 'do', 'previsto', 'muito', 'satisfeito', 'com', 'targaryen']",1.0,5,10,10
66411,Vendedor e produto excelentes.,vendedor e produto excelentes.,"['vendedor', 'produto', 'excelentes']",1.0,5,10,10
79981,Satisfeita com o atendimento prestado. ,satisfeita com o atendimento prestado. ,"['satisfeita', 'com', 'atendimento', 'prestado']",1.0,5,10,10
17879,"Não costumo fazer compras pelo site, já fiz compras pelas lojas lannister por ser uma loja idônea, deu super certo e eu fico feliz com isso.","nao costumo fazer compras pelo site, ja fiz compras pelas lojas lannister por ser uma loja idonea, deu super certo e eu fico feliz com isso.","['nao', 'costumo', 'fazer', 'compras', 'pelo', 'site', 'ja', 'fiz', 'compras', 'pelas', 'lojas', 'lannister', 'por', 'ser', 'uma', 'loja', 'idonea', 'deu', 'super', 'certo', 'eu', 'fico', 'feliz', 'com', 'isso']",1.0,5,10,10
19471,"O produto esta em atraso, não muda o status desde o dia 18/03, e era para ter chegado no dia 26/03 hoje já é dia 30/03 e ainda não chegou,gostaria de uma posição. ","o produto esta em atraso, nao muda o status desde o dia 18/03, e era para ter chegado no dia 26/03 hoje ja e dia 30/03 e ainda nao chegou,gostaria de uma posicao. ","['produto', 'esta', 'em', 'atraso', 'nao', 'muda', 'status', 'desde', 'dia', '18', '03', 'era', 'para', 'ter', 'chegado', 'no', 'dia', '26', '03', 'hoje', 'ja', 'dia', '30', '03', 'ainda', 'nao', 'chegou', 'gostaria', 'de', 'uma', 'posicao']",0.0,2,10,10
23153,"Chegou antes do praço, nada a reclamar.","chegou antes do praco, nada a reclamar.","['chegou', 'antes', 'do', 'praco', 'nada', 'reclamar']",1.0,5,10,10
32595,Não recebi o produto,nao recebi o produto,"['nao', 'recebi', 'produto']",0.0,1,10,10
57567,"Recebi apenas o massageado e, falta um produto","recebi apenas o massageado e, falta um produto","['recebi', 'apenas', 'massageado', 'falta', 'um', 'produto']",1.0,5,10,10
43980,Excelente parabéns,excelente parabens,"['excelente', 'parabens']",1.0,5,10,10
34005,"BOA TARDE, FALTA ENTREGAR UMA CADEIRA DO MEU PEDIDO, O QUE ACONTECEU?","boa tarde, falta entregar uma cadeira do meu pedido, o que aconteceu?","['boa', 'tarde', 'falta', 'entregar', 'uma', 'cadeira', 'do', 'meu', 'pedido', 'que', 'aconteceu']",0.0,1,10,10
75655,"Bom produto gostei 
E parabéns a loja q entregou antes do prazo 
Recomendo","bom produto gostei 
e parabens a loja q entregou antes do prazo 
recomendo","['bom', 'produto', 'gostei', 'parabens', 'loja', 'entregou', 'antes', 'do', 'prazo', 'recomendo']",1.0,4,10,10
81066,"Produto bom, entregue antes do prazo","produto bom, entregue antes do prazo","['produto', 'bom', 'entregue', 'antes', 'do', 'prazo']",1.0,4,10,10
86527,Recomendo,recomendo,['recomendo'],1.0,5,10,10
28266,"Tudo ok, recomendo!","tudo ok, recomendo!","['tudo', 'ok', 'recomendo']",1.0,5,10,10
5501,Show,show,['show'],1.0,5,10,10
91274,Um produto de altíssima qualidade e designer arrojado...,um produto de altissima qualidade e designer arrojado...,"['um', 'produto', 'de', 'altissima', 'qualidade', 'designer', 'arrojado']",1.0,5,10,10
60220,"Tudo,ok eu recomend","tudo,ok eu recomend","['tudo', 'ok', 'eu', 'recomend']",1.0,5,10,10
64533,"Na discrição do produto aparecia tamanho oficial, ,as quando recebi o xadrez era em tamanho menor. Não se aproximou do tamanho real de um jogo de xadrez oficial.","na discricao do produto aparecia tamanho oficial, ,as quando recebi o xadrez era em tamanho menor. nao se aproximou do tamanho real de um jogo de xadrez oficial.","['na', 'discricao', 'do', 'produto', 'aparecia', 'tamanho', 'oficial', 'as', 'quando', 'recebi', 'xadrez', 'era', 'em', 'tamanho', 'menor', 'nao', 'se', 'aproximou', 'do', 'tamanho', 'real', 'de', 'um', 'jogo', 'de', 'xadrez', 'oficial']",,3,-1,10
58409,"Produto ótimo, entrega no prazo!!!","produto otimo, entrega no prazo!!!","['produto', 'otimo', 'entrega', 'no', 'prazo']",1.0,5,10,10
93489,"Eu peguei o produto é até hoje não recebi.
 Era para ser entregue até dia 26 de junho. 
 Pra mim foi uma decepção. 
 Já tenho uma amiga que queira comprar o produto,mas não recomendo.","eu peguei o produto e ate hoje nao recebi.
 era para ser entregue ate dia 26 de junho. 
 pra mim foi uma decepcao. 
 ja tenho uma amiga que queira comprar o produto,mas nao recomendo.","['eu', 'peguei', 'produto', 'ate', 'hoje', 'nao', 'recebi', 'era', 'para', 'ser', 'entregue', 'ate', 'dia', '26', 'de', 'junho', 'pra', 'mim', 'foi', 'uma', 'decepcao', 'ja', 'tenho', 'uma', 'amiga', 'que', 'queira', 'comprar', 'produto', 'mas', 'nao', 'recomendo']",0.0,1,10,10
18475,"Meu produto ainda não foi entregue, comprei à um mês e ainda nada.","meu produto ainda nao foi entregue, comprei a um mes e ainda nada.","['meu', 'produto', 'ainda', 'nao', 'foi', 'entregue', 'comprei', 'um', 'mes', 'ainda', 'nada']",0.0,1,10,10
37812,muito bom recebi minha compra antes do que previa,muito bom recebi minha compra antes do que previa,"['muito', 'bom', 'recebi', 'minha', 'compra', 'antes', 'do', 'que', 'previa']",1.0,5,10,10
44286,"O produto é excelente, veio conforme a propaganda. A entrega foi super rápida, chegou bem antes do prazo determinado.","o produto e excelente, veio conforme a propaganda. a entrega foi super rapida, chegou bem antes do prazo determinado.","['produto', 'excelente', 'veio', 'conforme', 'propaganda', 'entrega', 'foi', 'super', 'rapida', 'chegou', 'bem', 'antes', 'do', 'prazo', 'determinado']",1.0,5,10,10
79763,"Comprei a base dermacol cor 207, pela cor mostrada nas imagens dá para ver um bege claro porém a cor que chegou é outra. Ou o site esta mostrando as cores erradas, ou é defeito de fabrica.","comprei a base dermacol cor 207, pela cor mostrada nas imagens da para ver um bege claro porem a cor que chegou e outra. ou o site esta mostrando as cores erradas, ou e defeito de fabrica.","['comprei', 'base', 'dermacol', 'cor', '207', 'pela', 'cor', 'mostrada', 'nas', 'imagens', 'da', 'para', 'ver', 'um', 'bege', 'claro', 'porem', 'cor', 'que', 'chegou', 'outra', 'ou', 'site', 'esta', 'mostrando', 'as', 'cores', 'erradas', 'ou', 'defeito', 'de', 'fabrica']",0.0,1,10,10
82342,Entrega rápida ,entrega rapida ,"['entrega', 'rapida']",1.0,5,10,10
98580,VENDEDOR CONFIÁVEL,vendedor confiavel,"['vendedor', 'confiavel']",1.0,5,10,10
32690,Ainda estou a espera do meu produto,ainda estou a espera do meu produto,"['ainda', 'estou', 'espera', 'do', 'meu', 'produto']",0.0,1,10,10
27169,Muito bom. Adorei,muito bom. adorei,"['muito', 'bom', 'adorei']",1.0,5,10,10
43894,"A data prevista era o dia 5/1/2018. Recebi o produto no dia 11/01/2018 que veio errado. Pois comprei dois espremedores e recebi apenas, um já reclamei no mesmo dia da entrega e não obtive retorno.","a data prevista era o dia 5/1/2018. recebi o produto no dia 11/01/2018 que veio errado. pois comprei dois espremedores e recebi apenas, um ja reclamei no mesmo dia da entrega e nao obtive retorno.","['data', 'prevista', 'era', 'dia', '2018', 'recebi', 'produto', 'no', 'dia', '11', '01', '2018', 'que', 'veio', 'errado', 'pois', 'comprei', 'dois', 'espremedores', 'recebi', 'apenas', 'um', 'ja', 'reclamei', 'no', 'mesmo', 'dia', 'da', 'entrega', 'nao', 'obtive', 'retorno']",0.0,1,10,10
89050,"Comprei um whey protein e uma creatina e somente o whey foi entregue, já tem uma semana que o whey foi entregue e nenhuma satisfação da loja foi dada, e nem responderam a mensagem que eu enviei.","comprei um whey protein e uma creatina e somente o whey foi entregue, ja tem uma semana que o whey foi entregue e nenhuma satisfacao da loja foi dada, e nem responderam a mensagem que eu enviei.","['comprei', 'um', 'whey', 'protein', 'uma', 'creatina', 'somente', 'whey', 'foi', 'entregue', 'ja', 'tem', 'uma', 'semana', 'que', 'whey', 'foi', 'entregue', 'nenhuma', 'satisfacao', 'da', 'loja', 'foi', 'dada', 'nem', 'responderam', 'mensagem', 'que', 'eu', 'enviei']",0.0,1,10,10
64348,"Olá,
O produto retornou para o CD, vou receber um reembolso?","ola,
o produto retornou para o cd, vou receber um reembolso?","['ola', 'produto', 'retornou', 'para', 'cd', 'vou', 'receber', 'um', 'reembolso']",0.0,2,10,10
1700,Produto entregue conforme contratado.,produto entregue conforme contratado.,"['produto', 'entregue', 'conforme', 'contratado']",1.0,5,10,10
9767,"Pena que chegou, depois que sai em viagem","pena que chegou, depois que sai em viagem","['pena', 'que', 'chegou', 'depois', 'que', 'sai', 'em', 'viagem']",1.0,5,10,10
57115,"Superou as minhas expectativas, entregue antes do prazo, bem embalado, produto de acordo com o pedido.","superou as minhas expectativas, entregue antes do prazo, bem embalado, produto de acordo com o pedido.","['superou', 'as', 'minhas', 'expectativas', 'entregue', 'antes', 'do', 'prazo', 'bem', 'embalado', 'produto', 'de', 'acordo', 'com', 'pedido']",1.0,4,10,10
32640,"Comprei uma capa pet para carro e uma guia dupla, recebi apenas a guia dupla!! Estou idignada e chateada!! Que falta de atenção é essa... ja fiz protocolos de reclamação e ninguem me retorna nada.","comprei uma capa pet para carro e uma guia dupla, recebi apenas a guia dupla!! estou idignada e chateada!! que falta de atencao e essa... ja fiz protocolos de reclamacao e ninguem me retorna nada.","['comprei', 'uma', 'capa', 'pet', 'para', 'carro', 'uma', 'guia', 'dupla', 'recebi', 'apenas', 'guia', 'dupla', 'estou', 'idignada', 'chateada', 'que', 'falta', 'de', 'atencao', 'essa', 'ja', 'fiz', 'protocolos', 'de', 'reclamacao', 'ninguem', 'me', 'retorna', 'nada']",0.0,1,10,10
74507,Produto nota 10,produto nota 10,"['produto', 'nota', '10']",1.0,5,10,10
89880,Ótima vendedor,otima vendedor,"['otima', 'vendedor']",1.0,5,10,10
56075,Produto entregue no prazo,produto entregue no prazo,"['produto', 'entregue', 'no', 'prazo']",1.0,5,10,10
12802,"Recomendo, preço bom, o produto chegou certinho, no prazo estipulado👏🏻","recomendo, preco bom, o produto chegou certinho, no prazo estipulado👏🏻","['recomendo', 'preco', 'bom', 'produto', 'chegou', 'certinho', 'no', 'prazo', 'estipulado']",1.0,5,10,10
74330,Ñão recebi o produto adquirido,nao recebi o produto adquirido,"['nao', 'recebi', 'produto', 'adquirido']",0.0,1,10,10
39920,Muito bom,muito bom,"['muito', 'bom']",1.0,5,10,10
60485,Eu estou muito decepcionada com o baratheon comprei não recebi até hoje ja tem um mês viu ter que ir no procom não recomendo a ninguem,eu estou muito decepcionada com o baratheon comprei nao recebi ate hoje ja tem um mes viu ter que ir no procom nao recomendo a ninguem,"['eu', 'estou', 'muito', 'decepcionada', 'com', 'baratheon', 'comprei', 'nao', 'recebi', 'ate', 'hoje', 'ja', 'tem', 'um', 'mes', 'viu', 'ter', 'que', 'ir', 'no', 'procom', 'nao', 'recomendo', 'ninguem']",0.0,1,10,10
51010,Gostei muito do produto,gostei muito do produto,"['gostei', 'muito', 'do', 'produto']",1.0,5,10,10
35020,Tudo perfeito,tudo perfeito,"['tudo', 'perfeito']",1.0,5,10,10
87701,"Produto de boa qualidade e chegou mais rápido que o esperado, super recomendo.","produto de boa qualidade e chegou mais rapido que o esperado, super recomendo.","['produto', 'de', 'boa', 'qualidade', 'chegou', 'mais', 'rapido', 'que', 'esperado', 'super', 'recomendo']",1.0,4,10,10
17585,"CORTINA FICOU SUPER LINDA NO MEU QUARTO E AINDA QUEBRA QUALQUER LUZ, AMEI ESSA PARTE.","cortina ficou super linda no meu quarto e ainda quebra qualquer luz, amei essa parte.","['cortina', 'ficou', 'super', 'linda', 'no', 'meu', 'quarto', 'ainda', 'quebra', 'qualquer', 'luz', 'amei', 'essa', 'parte']",1.0,5,10,10
99856,"Meus pedidos estão dando como entregues , mais não recebi minha luminária!","meus pedidos estao dando como entregues , mais nao recebi minha luminaria!","['meus', 'pedidos', 'estao', 'dando', 'como', 'entregues', 'mais', 'nao', 'recebi', 'minha', 'luminaria']",0.0,1,10,10
13778,"Os produtos chegaram no prazo previsto, na embalagem original e bem acondicionados.","os produtos chegaram no prazo previsto, na embalagem original e bem acondicionados.","['os', 'produtos', 'chegaram', 'no', 'prazo', 'previsto', 'na', 'embalagem', 'original', 'bem', 'acondicionados']",1.0,4,10,10
32156,Muito antes do previsto! ,muito antes do previsto! ,"['muito', 'antes', 'do', 'previsto']",1.0,5,10,10
19020,Entrega muito rapida,entrega muito rapida,"['entrega', 'muito', 'rapida']",1.0,5,10,10
86576,Produto muito bom ,produto muito bom ,"['produto', 'muito', 'bom']",,3,-1,10
52117,"Produto com qualidade, recomendo.","produto com qualidade, recomendo.","['produto', 'com', 'qualidade', 'recomendo']",1.0,5,10,10
63310,"site muito bom com produtos de alto qualidade com preço justo, gostei bastante. Grato. ","site muito bom com produtos de alto qualidade com preco justo, gostei bastante. grato. ","['site', 'muito', 'bom', 'com', 'produtos', 'de', 'alto', 'qualidade', 'com', 'preco', 'justo', 'gostei', 'bastante', 'grato']",1.0,5,10,10
84045,o produto chego antes do prazo de entrega revomendo,o produto chego antes do prazo de entrega revomendo,"['produto', 'chego', 'antes', 'do', 'prazo', 'de', 'entrega', 'revomendo']",1.0,5,10,10
45560,"Recomendo, veio tudo certo","recomendo, veio tudo certo","['recomendo', 'veio', 'tudo', 'certo']",1.0,5,10,10
9484,Tudo ok funcionando....super recomendável. ,tudo ok funcionando....super recomendavel. ,"['tudo', 'ok', 'funcionando', 'super', 'recomendavel']",1.0,5,10,10
87922,"Entregue 9 dias antes do previsto.
Produto de qualidade melhor do que o esperado.","entregue 9 dias antes do previsto.
produto de qualidade melhor do que o esperado.","['entregue', 'dias', 'antes', 'do', 'previsto', 'produto', 'de', 'qualidade', 'melhor', 'do', 'que', 'esperado']",1.0,5,10,10
159,Ótimo custo-benefício,otimo custo-beneficio,"['otimo', 'custo', 'beneficio']",1.0,5,10,10
32984,"Não tenho nenhuma queixa. só elogios. Fui atendida sem burocracias, no sprazo. recebi emails atenciosos . ESTOU SATISFEITA.","nao tenho nenhuma queixa. so elogios. fui atendida sem burocracias, no sprazo. recebi emails atenciosos . estou satisfeita.","['nao', 'tenho', 'nenhuma', 'queixa', 'so', 'elogios', 'fui', 'atendida', 'sem', 'burocracias', 'no', 'sprazo', 'recebi', 'emails', 'atenciosos', 'estou', 'satisfeita']",1.0,5,10,10
3261,"Perto de vencer a validade. N foi informado de forma clara no anúncio. 
Claro objetivo de enganar consumidor.","perto de vencer a validade. n foi informado de forma clara no anuncio. 
claro objetivo de enganar consumidor.","['perto', 'de', 'vencer', 'validade', 'foi', 'informado', 'de', 'forma', 'clara', 'no', 'anuncio', 'claro', 'objetivo', 'de', 'enganar', 'consumidor']",0.0,2,10,10
88771,Tudo perfeito,tudo perfeito,"['tudo', 'perfeito']",1.0,5,10,10
40765,"Meu produto não foi entregue, estava previsto para 19/04 e até agora nada. Já passou do prazo de entrega.Pois já veio até cobrando a primeira parcela no meu cartão.
Já mandei email e o site não respo","meu produto nao foi entregue, estava previsto para 19/04 e ate agora nada. ja passou do prazo de entrega.pois ja veio ate cobrando a primeira parcela no meu cartao.
ja mandei email e o site nao respo","['meu', 'produto', 'nao', 'foi', 'entregue', 'estava', 'previsto', 'para', '19', '04', 'ate', 'agora', 'nada', 'ja', 'passou', 'do', 'prazo', 'de', 'entrega', 'pois', 'ja', 'veio', 'ate', 'cobrando', 'primeira', 'parcela', 'no', 'meu', 'cartao', 'ja', 'mandei', 'email', 'site', 'nao', 'respo']",0.0,1,10,10
83083,"Recebi antes do prazo, ótima experiência!","recebi antes do prazo, otima experiencia!","['recebi', 'antes', 'do', 'prazo', 'otima', 'experiencia']",1.0,5,10,10
39492,TOP 10,top 10,"['top', '10']",1.0,5,10,10
91549,Muito bom recebi e 3 dias o materia é de boa qualidade recomendo,muito bom recebi e 3 dias o materia e de boa qualidade recomendo,"['muito', 'bom', 'recebi', 'dias', 'materia', 'de', 'boa', 'qualidade', 'recomendo']",1.0,5,10,10
80288,Eu escolhi o conjunto safari dourado e veio branco! Não gostei é quero trocar.,eu escolhi o conjunto safari dourado e veio branco! nao gostei e quero trocar.,"['eu', 'escolhi', 'conjunto', 'safari', 'dourado', 'veio', 'branco', 'nao', 'gostei', 'quero', 'trocar']",0.0,1,10,10
52706,Entrega super atrasada,entrega super atrasada,"['entrega', 'super', 'atrasada']",0.0,1,10,10
20766,"Eu comprei três unidades de um produto e a empresa, apesar de ter expedido nota dos três, enviou somente uma unidade","eu comprei tres unidades de um produto e a empresa, apesar de ter expedido nota dos tres, enviou somente uma unidade","['eu', 'comprei', 'tres', 'unidades', 'de', 'um', 'produto', 'empresa', 'apesar', 'de', 'ter', 'expedido', 'nota', 'dos', 'tres', 'enviou', 'somente', 'uma', 'unidade']",0.0,1,10,10
59105,"Não recebi meu produto, muito menos o dinheiro da devolução b","nao recebi meu produto, muito menos o dinheiro da devolucao b","['nao', 'recebi', 'meu', 'produto', 'muito', 'menos', 'dinheiro', 'da', 'devolucao']",0.0,1,10,10
95668,Sou muito satisfeito com todas as compras que já fiz pelo site da lannister se continuar assim para mim está ótimo. Me sinto muito segura o tempo de é o melhor temos ,sou muito satisfeito com todas as compras que ja fiz pelo site da lannister se continuar assim para mim esta otimo. me sinto muito segura o tempo de e o melhor temos ,"['sou', 'muito', 'satisfeito', 'com', 'todas', 'as', 'compras', 'que', 'ja', 'fiz', 'pelo', 'site', 'da', 'lannister', 'se', 'continuar', 'assim', 'para', 'mim', 'esta', 'otimo', 'me', 'sinto', 'muito', 'segura', 'tempo', 'de', 'melhor', 'temos']",1.0,5,10,10
99749,Chegou antes da data prevista,chegou antes da data prevista,"['chegou', 'antes', 'da', 'data', 'prevista']",1.0,5,10,10
48368,tudo certo.,tudo certo.,"['tudo', 'certo']",1.0,4,10,10
11982,"Fiz a compra de 2 conjuntos, e apesar de constar na nota fiscal os 2, somente 1 conjunto foi enviado no pacote. Quero meu outro conjunto. ","fiz a compra de 2 conjuntos, e apesar de constar na nota fiscal os 2, somente 1 conjunto foi enviado no pacote. quero meu outro conjunto. ","['fiz', 'compra', 'de', 'conjuntos', 'apesar', 'de', 'constar', 'na', 'nota', 'fiscal', 'os', 'somente', 'conjunto', 'foi', 'enviado', 'no', 'pacote', 'quero', 'meu', 'outro', 'conjunto']",0.0,1,10,10
1960,Produto chegou no prazo da entrega sem nenhum detalhe.,produto chegou no prazo da entrega sem nenhum detalhe.,"['produto', 'chegou', 'no', 'prazo', 'da', 'entrega', 'sem', 'nenhum', 'detalhe']",1.0,5,10,10
99398,"produto enviado corretamente, inclusive antes do prazo estabelecido, estou muito satisfeita.
Obrigada","produto enviado corretamente, inclusive antes do prazo estabelecido, estou muito satisfeita.
obrigada","['produto', 'enviado', 'corretamente', 'inclusive', 'antes', 'do', 'prazo', 'estabelecido', 'estou', 'muito', 'satisfeita', 'obrigada']",1.0,5,10,10
94901,Bom,bom,['bom'],1.0,5,10,10
73816,O prazo de entrega do produto era dia 08/03. Ainda não recebi o produto e ninguém entrou em contato comigo para dar alguma explicação.,o prazo de entrega do produto era dia 08/03. ainda nao recebi o produto e ninguem entrou em contato comigo para dar alguma explicacao.,"['prazo', 'de', 'entrega', 'do', 'produto', 'era', 'dia', '08', '03', 'ainda', 'nao', 'recebi', 'produto', 'ninguem', 'entrou', 'em', 'contato', 'comigo', 'para', 'dar', 'alguma', 'explicacao']",0.0,1,10,10
46555,Bom custo - beneficio.,bom custo - beneficio.,"['bom', 'custo', 'beneficio']",1.0,4,10,10
6313,"Produto correto, entrega antes da data. Tudo perfeito.","produto correto, entrega antes da data. tudo perfeito.","['produto', 'correto', 'entrega', 'antes', 'da', 'data', 'tudo', 'perfeito']",1.0,5,10,10
74637,Eu comprei o KIT cartuchos 664XL (preto e Colorido) e mandaram ERRADO Kit de cartuchos 662XL . QUERO QUE TROQUE PELO PRODUTO CORRETO COM ESTA NO PEDIDO E NA NOTA FISCAL QUE É : KIT CARTUCHOS 664XL .,eu comprei o kit cartuchos 664xl (preto e colorido) e mandaram errado kit de cartuchos 662xl . quero que troque pelo produto correto com esta no pedido e na nota fiscal que e : kit cartuchos 664xl .,"['eu', 'comprei', 'kit', 'cartuchos', '664xl', 'preto', 'colorido', 'mandaram', 'errado', 'kit', 'de', 'cartuchos', '662xl', 'quero', 'que', 'troque', 'pelo', 'produto', 'correto', 'com', 'esta', 'no', 'pedido', 'na', 'nota', 'fiscal', 'que', 'kit', 'cartuchos', '664xl']",0.0,2,10,10
11795,Não coloque ainda mas se ficar do meu gosto comorarei mais,nao coloque ainda mas se ficar do meu gosto comorarei mais,"['nao', 'coloque', 'ainda', 'mas', 'se', 'ficar', 'do', 'meu', 'gosto', 'comorarei', 'mais']",1.0,5,10,10
26485,Paciência,paciencia,['paciencia'],1.0,5,10,10
6336,Como combinado ,como combinado ,"['como', 'combinado']",1.0,5,10,10
87686,"Só não gostei da qualidade do produto,parecia melhor na foto","so nao gostei da qualidade do produto,parecia melhor na foto","['so', 'nao', 'gostei', 'da', 'qualidade', 'do', 'produto', 'parecia', 'melhor', 'na', 'foto']",,3,-1,10
52342,"recebi o produto 14 dias antes do prazo estimado, ÓTIMO","recebi o produto 14 dias antes do prazo estimado, otimo","['recebi', 'produto', '14', 'dias', 'antes', 'do', 'prazo', 'estimado', 'otimo']",1.0,4,10,10
46359,A cadeira veio ok e no prazo. Dei apenas duas estrelas pois os demais produtos pedidos chegaram com uma semana de atraso na entrega!,a cadeira veio ok e no prazo. dei apenas duas estrelas pois os demais produtos pedidos chegaram com uma semana de atraso na entrega!,"['cadeira', 'veio', 'ok', 'no', 'prazo', 'dei', 'apenas', 'duas', 'estrelas', 'pois', 'os', 'demais', 'produtos', 'pedidos', 'chegaram', 'com', 'uma', 'semana', 'de', 'atraso', 'na', 'entrega']",0.0,2,10,10
2426,Lindo o kit. Entrega rápida. RECOMENDO ,lindo o kit. entrega rapida. recomendo ,"['lindo', 'kit', 'entrega', 'rapida', 'recomendo']",1.0,4,10,10
76910,O pedido chegou no prazo,o pedido chegou no prazo,"['pedido', 'chegou', 'no', 'prazo']",1.0,5,10,10
25906,"Desorganização, produto veio errado.","desorganizacao, produto veio errado.","['desorganizacao', 'produto', 'veio', 'errado']",0.0,1,10,10
64614,Entrega rápida.. produto bem embalado..,entrega rapida.. produto bem embalado..,"['entrega', 'rapida', 'produto', 'bem', 'embalado']",1.0,5,10,10
57278,"Amei a bolsa,ótima qualidade e lindas. ","amei a bolsa,otima qualidade e lindas. ","['amei', 'bolsa', 'otima', 'qualidade', 'lindas']",1.0,5,10,10
68094,"modelo comprado: travesseiro memoria carinho BABY PILLOW / modelo entregue: travesseiro memoria carinho PRAM PILLOW.
Até o momento nenhum posicionamento do vender para a troca","modelo comprado: travesseiro memoria carinho baby pillow / modelo entregue: travesseiro memoria carinho pram pillow.
ate o momento nenhum posicionamento do vender para a troca","['modelo', 'comprado', 'travesseiro', 'memoria', 'carinho', 'baby', 'pillow', 'modelo', 'entregue', 'travesseiro', 'memoria', 'carinho', 'pram', 'pillow', 'ate', 'momento', 'nenhum', 'posicionamento', 'do', 'vender', 'para', 'troca']",0.0,1,10,10
59180,"A embalagem parece original, mas logo após a instalação a própria impressora informa que o suprimento NÃO É HP. No cartucho falta indicação da cor e o nome HP vem numa etiqueta de papel e não pintada.","a embalagem parece original, mas logo apos a instalacao a propria impressora informa que o suprimento nao e hp. no cartucho falta indicacao da cor e o nome hp vem numa etiqueta de papel e nao pintada.","['embalagem', 'parece', 'original', 'mas', 'logo', 'apos', 'instalacao', 'propria', 'impressora', 'informa', 'que', 'suprimento', 'nao', 'hp', 'no', 'cartucho', 'falta', 'indicacao', 'da', 'cor', 'nome', 'hp', 'vem', 'numa', 'etiqueta', 'de', 'papel', 'nao', 'pintada']",0.0,1,10,10
18358,Gostaria de saber quando vou receber meu relogio,gostaria de saber quando vou receber meu relogio,"['gostaria', 'de', 'saber', 'quando', 'vou', 'receber', 'meu', 'relogio']",0.0,1,10,10
52733,Eu já paguei pelo produto e ele ainda não chegou ,eu ja paguei pelo produto e ele ainda nao chegou ,"['eu', 'ja', 'paguei', 'pelo', 'produto', 'ele', 'ainda', 'nao', 'chegou']",0.0,1,10,10
64573,"Apenas um espelho veio riscado, mas, só deu para perceber depois de retirada a película ","apenas um espelho veio riscado, mas, so deu para perceber depois de retirada a pelicula ","['apenas', 'um', 'espelho', 'veio', 'riscado', 'mas', 'so', 'deu', 'para', 'perceber', 'depois', 'de', 'retirada', 'pelicula']",1.0,4,10,10
5605,A chaleira aquece a água rápido... muito boa..a única coisa é que ela diz que apita mas nunca apitou...mas isso não tem problema pq dá p escutar quando está fervendo a água... recomendo!!!,a chaleira aquece a agua rapido... muito boa..a unica coisa e que ela diz que apita mas nunca apitou...mas isso nao tem problema pq da p escutar quando esta fervendo a agua... recomendo!!!,"['chaleira', 'aquece', 'agua', 'rapido', 'muito', 'boa', 'unica', 'coisa', 'que', 'ela', 'diz', 'que', 'apita', 'mas', 'nunca', 'apitou', 'mas', 'isso', 'nao', 'tem', 'problema', 'pq', 'da', 'escutar', 'quando', 'esta', 'fervendo', 'agua', 'recomendo']",1.0,4,10,10
84728,Muito lindo,muito lindo,"['muito', 'lindo']",1.0,5,10,10
2380,"bem, nao fiquei muito satisfeita porque comprei errado, nao queria lençol de solteiro para berço e sim lençol de solteiro.O pano dos lençois nao é de boa qualidade.","bem, nao fiquei muito satisfeita porque comprei errado, nao queria lencol de solteiro para berco e sim lencol de solteiro.o pano dos lencois nao e de boa qualidade.","['bem', 'nao', 'fiquei', 'muito', 'satisfeita', 'porque', 'comprei', 'errado', 'nao', 'queria', 'lencol', 'de', 'solteiro', 'para', 'berco', 'sim', 'lencol', 'de', 'solteiro', 'pano', 'dos', 'lencois', 'nao', 'de', 'boa', 'qualidade']",,3,-1,10
20111,"gostei muito da mercadoria, os vendedores são eselelente ","gostei muito da mercadoria, os vendedores sao eselelente ","['gostei', 'muito', 'da', 'mercadoria', 'os', 'vendedores', 'sao', 'eselelente']",1.0,4,10,10
45662,"Entrega bem antes do prazo previsto, adorei, assim que se faz uma empresa séria.","entrega bem antes do prazo previsto, adorei, assim que se faz uma empresa seria.","['entrega', 'bem', 'antes', 'do', 'prazo', 'previsto', 'adorei', 'assim', 'que', 'se', 'faz', 'uma', 'empresa', 'seria']",1.0,5,10,10
87496,recebi antes do prazo,recebi antes do prazo,"['recebi', 'antes', 'do', 'prazo']",1.0,5,10,10
95374,Difícil diálogo com vendedor ,dificil dialogo com vendedor ,"['dificil', 'dialogo', 'com', 'vendedor']",0.0,2,10,10
72544,"Eu ainda não recebi o produto, gostaria de saber o que aconteceu?? ","eu ainda nao recebi o produto, gostaria de saber o que aconteceu?? ","['eu', 'ainda', 'nao', 'recebi', 'produto', 'gostaria', 'de', 'saber', 'que', 'aconteceu']",0.0,1,10,10
39037,Produto muito ruim.,produto muito ruim.,"['produto', 'muito', 'ruim']",0.0,1,10,10
91920,"Gostei muito de todo o processo de compra. O produto condiz exatamente com a descrição e a qualidade é melhor que o esperado, afinal o kit custa o valor de uma camiseta. Voltarei a comprar com certeza","gostei muito de todo o processo de compra. o produto condiz exatamente com a descricao e a qualidade e melhor que o esperado, afinal o kit custa o valor de uma camiseta. voltarei a comprar com certeza","['gostei', 'muito', 'de', 'todo', 'processo', 'de', 'compra', 'produto', 'condiz', 'exatamente', 'com', 'descricao', 'qualidade', 'melhor', 'que', 'esperado', 'afinal', 'kit', 'custa', 'valor', 'de', 'uma', 'camiseta', 'voltarei', 'comprar', 'com', 'certeza']",1.0,5,10,10
56934,Produto de qualidade chegou antes do prazo recomendo,produto de qualidade chegou antes do prazo recomendo,"['produto', 'de', 'qualidade', 'chegou', 'antes', 'do', 'prazo', 'recomendo']",1.0,5,10,10
18844,"O produto chegou em perfeitas condições, o site lannister.com provou mais uma vez ser confiável. Contudo, houve atraso de 3 dias na entrega (considerando o prazo fornecido pelo próprio site).","o produto chegou em perfeitas condicoes, o site lannister.com provou mais uma vez ser confiavel. contudo, houve atraso de 3 dias na entrega (considerando o prazo fornecido pelo proprio site).","['produto', 'chegou', 'em', 'perfeitas', 'condicoes', 'site', 'lannister', 'com', 'provou', 'mais', 'uma', 'vez', 'ser', 'confiavel', 'contudo', 'houve', 'atraso', 'de', 'dias', 'na', 'entrega', 'considerando', 'prazo', 'fornecido', 'pelo', 'proprio', 'site']",,3,-1,10
28485,"chegou mt rapido, e o produto é excelente, top demais o k10 pro","chegou mt rapido, e o produto e excelente, top demais o k10 pro","['chegou', 'mt', 'rapido', 'produto', 'excelente', 'top', 'demais', 'k10', 'pro']",1.0,5,10,10
14122,"São muito profissionais, a entrega foi super rápida. Gostamos muito!","sao muito profissionais, a entrega foi super rapida. gostamos muito!","['sao', 'muito', 'profissionais', 'entrega', 'foi', 'super', 'rapida', 'gostamos', 'muito']",1.0,5,10,10
34035,Tiveram agilidade,tiveram agilidade,"['tiveram', 'agilidade']",1.0,5,10,10
58400,Aguardo o produto,aguardo o produto,"['aguardo', 'produto']",1.0,4,10,10
60030,Produto que eu recebi está com defeito de fábrica ,produto que eu recebi esta com defeito de fabrica ,"['produto', 'que', 'eu', 'recebi', 'esta', 'com', 'defeito', 'de', 'fabrica']",,3,-1,10
36627,"Gostei bastante do produto. Recomendo.
","gostei bastante do produto. recomendo.
","['gostei', 'bastante', 'do', 'produto', 'recomendo']",1.0,5,10,10
72869,"Produto bom, atendeu minhas expectativas. Obrigado.","produto bom, atendeu minhas expectativas. obrigado.","['produto', 'bom', 'atendeu', 'minhas', 'expectativas', 'obrigado']",1.0,5,10,10
2077,Tudo ok. Conforme o anúncio.,tudo ok. conforme o anuncio.,"['tudo', 'ok', 'conforme', 'anuncio']",1.0,5,10,10
87323,Chegou antes do prazo e o produto é exatamente pedido o que eu queria,chegou antes do prazo e o produto e exatamente pedido o que eu queria,"['chegou', 'antes', 'do', 'prazo', 'produto', 'exatamente', 'pedido', 'que', 'eu', 'queria']",1.0,5,10,10
4443,Continue assim.o que tiver no site mantenha sempre,continue assim.o que tiver no site mantenha sempre,"['continue', 'assim', 'que', 'tiver', 'no', 'site', 'mantenha', 'sempre']",1.0,4,10,10
43499,"MUITO BOM ATENDIMENTO, RAPIDO E PRECISO,....","muito bom atendimento, rapido e preciso,....","['muito', 'bom', 'atendimento', 'rapido', 'preciso']",1.0,5,10,10
19932,"Só fiz a compra, foi entregue em outro lugar, mas acredito que esteja tudo certo. Obrigada","so fiz a compra, foi entregue em outro lugar, mas acredito que esteja tudo certo. obrigada","['so', 'fiz', 'compra', 'foi', 'entregue', 'em', 'outro', 'lugar', 'mas', 'acredito', 'que', 'esteja', 'tudo', 'certo', 'obrigada']",1.0,4,10,10
41482,otimo vendedor,otimo vendedor,"['otimo', 'vendedor']",1.0,4,10,10
28066,Boa noite. venho por deste comunicar que recebi apenas o bebe conforto. No ato da entrega faltou o carrinho. Preciso que resolvam o mais rapido possivel. att Alssandro. No aguardo.,boa noite. venho por deste comunicar que recebi apenas o bebe conforto. no ato da entrega faltou o carrinho. preciso que resolvam o mais rapido possivel. att alssandro. no aguardo.,"['boa', 'noite', 'venho', 'por', 'deste', 'comunicar', 'que', 'recebi', 'apenas', 'bebe', 'conforto', 'no', 'ato', 'da', 'entrega', 'faltou', 'carrinho', 'preciso', 'que', 'resolvam', 'mais', 'rapido', 'possivel', 'att', 'alssandro', 'no', 'aguardo']",0.0,1,10,10
49462,"Boa tarde,

Enviaram uma chave de NF-e inválida, estou solicitando a dias e não me enviaram, o produto chegou precisamos fazer a baixa financeira e fiscal e não podemos, pois não temos a nota fiscal","boa tarde,

enviaram uma chave de nf-e invalida, estou solicitando a dias e nao me enviaram, o produto chegou precisamos fazer a baixa financeira e fiscal e nao podemos, pois nao temos a nota fiscal","['boa', 'tarde', 'enviaram', 'uma', 'chave', 'de', 'nf', 'invalida', 'estou', 'solicitando', 'dias', 'nao', 'me', 'enviaram', 'produto', 'chegou', 'precisamos', 'fazer', 'baixa', 'financeira', 'fiscal', 'nao', 'podemos', 'pois', 'nao', 'temos', 'nota', 'fiscal']",0.0,2,10,10
72694,"produto entregue, mais os vendedores deveriam ser mais atenciosos.","produto entregue, mais os vendedores deveriam ser mais atenciosos.","['produto', 'entregue', 'mais', 'os', 'vendedores', 'deveriam', 'ser', 'mais', 'atenciosos']",,3,-1,10
62857,chegou antes do prazo ,chegou antes do prazo ,"['chegou', 'antes', 'do', 'prazo']",1.0,5,10,10
34930,Ao invés de vocês se preocuparem em resolver o problema da entrega do produto. Ficam enchendo o saco com avaliação.Comprei o produto no dia 29/04/2018 para ser entregue no dia 15/05/2018. Atéagoranada,ao inves de voces se preocuparem em resolver o problema da entrega do produto. ficam enchendo o saco com avaliacao.comprei o produto no dia 29/04/2018 para ser entregue no dia 15/05/2018. ateagoranada,"['ao', 'inves', 'de', 'voces', 'se', 'preocuparem', 'em', 'resolver', 'problema', 'da', 'entrega', 'do', 'produto', 'ficam', 'enchendo', 'saco', 'com', 'avaliacao', 'comprei', 'produto', 'no', 'dia', '29', '04', '2018', 'para', 'ser', 'entregue', 'no', 'dia', '15', '05', '2018', 'ateagoranada']",0.0,1,10,10
44256,"Produto diferente do oferecido, e cheio de defeitos.","produto diferente do oferecido, e cheio de defeitos.","['produto', 'diferente', 'do', 'oferecido', 'cheio', 'de', 'defeitos']",0.0,1,10,10
76163,"Boa tarde, o produto era para ser entregue até o dia 26/07, e até agora não recebi. ","boa tarde, o produto era para ser entregue ate o dia 26/07, e ate agora nao recebi. ","['boa', 'tarde', 'produto', 'era', 'para', 'ser', 'entregue', 'ate', 'dia', '26', '07', 'ate', 'agora', 'nao', 'recebi']",0.0,2,10,10
21322,ótimo produdto,otimo produdto,"['otimo', 'produdto']",1.0,4,10,10
26806,"A toalha q se referem ao piso do banheiro, veio na cor bege e nao8na cor vermelho como está na amostra.","a toalha q se referem ao piso do banheiro, veio na cor bege e nao8na cor vermelho como esta na amostra.","['toalha', 'se', 'referem', 'ao', 'piso', 'do', 'banheiro', 'veio', 'na', 'cor', 'bege', 'nao8na', 'cor', 'vermelho', 'como', 'esta', 'na', 'amostra']",1.0,4,10,10
27446,Os correios informou ontem dia 25 que o produto estava a cinco dias esperando retirada e foi devolvido dia 24/10 mas só recebi essa informação ontem,os correios informou ontem dia 25 que o produto estava a cinco dias esperando retirada e foi devolvido dia 24/10 mas so recebi essa informacao ontem,"['os', 'correios', 'informou', 'ontem', 'dia', '25', 'que', 'produto', 'estava', 'cinco', 'dias', 'esperando', 'retirada', 'foi', 'devolvido', 'dia', '24', '10', 'mas', 'so', 'recebi', 'essa', 'informacao', 'ontem']",1.0,5,10,10
59900,Gostei dos produtos,gostei dos produtos,"['gostei', 'dos', 'produtos']",1.0,5,10,10
65828,Entregue dentro do prazo.,entregue dentro do prazo.,"['entregue', 'dentro', 'do', 'prazo']",1.0,4,10,10
2160,Produto enorme e confortavel.,produto enorme e confortavel.,"['produto', 'enorme', 'confortavel']",1.0,5,10,10
55830,Produto excelente! Exatamente como anunciado! Entrega rápida! ,produto excelente! exatamente como anunciado! entrega rapida! ,"['produto', 'excelente', 'exatamente', 'como', 'anunciado', 'entrega', 'rapida']",1.0,5,10,10
23047,muito bom e chegou antes do prazo,muito bom e chegou antes do prazo,"['muito', 'bom', 'chegou', 'antes', 'do', 'prazo']",1.0,5,10,10
43602,"Só não gostei porque tive que sair do meu trabalho para ir busca o produto nos cordeiro 
Porque eles não fizeram a entrega.","so nao gostei porque tive que sair do meu trabalho para ir busca o produto nos cordeiro 
porque eles nao fizeram a entrega.","['so', 'nao', 'gostei', 'porque', 'tive', 'que', 'sair', 'do', 'meu', 'trabalho', 'para', 'ir', 'busca', 'produto', 'nos', 'cordeiro', 'porque', 'eles', 'nao', 'fizeram', 'entrega']",,3,-1,10
68442,O produto parece bom. O acabamento é bom.Vamos ver a durabilidade.,o produto parece bom. o acabamento e bom.vamos ver a durabilidade.,"['produto', 'parece', 'bom', 'acabamento', 'bom', 'vamos', 'ver', 'durabilidade']",1.0,5,10,10
9269,Tudo entregue de maneira correta e antes do prazo.,tudo entregue de maneira correta e antes do prazo.,"['tudo', 'entregue', 'de', 'maneira', 'correta', 'antes', 'do', 'prazo']",1.0,5,10,10
40260,chegou antes do prazo ,chegou antes do prazo ,"['chegou', 'antes', 'do', 'prazo']",1.0,5,10,10
12937,Não consigo falar com vocês.,nao consigo falar com voces.,"['nao', 'consigo', 'falar', 'com', 'voces']",1.0,5,10,10
67094,nao compro mais neste site,nao compro mais neste site,"['nao', 'compro', 'mais', 'neste', 'site']",0.0,1,10,10
50954,"Excelente produto, não fica chiando, gostei","excelente produto, nao fica chiando, gostei","['excelente', 'produto', 'nao', 'fica', 'chiando', 'gostei']",1.0,5,10,10
70785,"Super recomendo, chegou rápido.","super recomendo, chegou rapido.","['super', 'recomendo', 'chegou', 'rapido']",1.0,5,10,10
1710,"Gostei, som mt. bom.","gostei, som mt. bom.","['gostei', 'som', 'mt', 'bom']",1.0,5,10,10
26186,"A estampa do produto ñ é a mesma que solicitei, mas ñ vou querer trocar.","a estampa do produto n e a mesma que solicitei, mas n vou querer trocar.","['estampa', 'do', 'produto', 'mesma', 'que', 'solicitei', 'mas', 'vou', 'querer', 'trocar']",1.0,4,10,10
66767,"O prazo de entrega foi de 28 dias. Chegou antes do prazo, mas demorou 3 semanas entre a compra e a chegada. ","o prazo de entrega foi de 28 dias. chegou antes do prazo, mas demorou 3 semanas entre a compra e a chegada. ","['prazo', 'de', 'entrega', 'foi', 'de', '28', 'dias', 'chegou', 'antes', 'do', 'prazo', 'mas', 'demorou', 'semanas', 'entre', 'compra', 'chegada']",0.0,1,10,10
18061,otimo,otimo,['otimo'],1.0,5,10,10
33650,"produto de otima qualidade e a entrega super rapida! Parabéns, como sempre vcs arrasam!","produto de otima qualidade e a entrega super rapida! parabens, como sempre vcs arrasam!","['produto', 'de', 'otima', 'qualidade', 'entrega', 'super', 'rapida', 'parabens', 'como', 'sempre', 'vcs', 'arrasam']",1.0,5,10,10
79735,parabens ao grupo stark chegou antes do prazo produto de qualidade ... ,parabens ao grupo stark chegou antes do prazo produto de qualidade ... ,"['parabens', 'ao', 'grupo', 'stark', 'chegou', 'antes', 'do', 'prazo', 'produto', 'de', 'qualidade']",1.0,5,10,10
89012,Meu produto está com defeito,meu produto esta com defeito,"['meu', 'produto', 'esta', 'com', 'defeito']",0.0,2,10,10
94235,Já fiz outras compras e foi tudo certo . porém esta nada ,ja fiz outras compras e foi tudo certo . porem esta nada ,"['ja', 'fiz', 'outras', 'compras', 'foi', 'tudo', 'certo', 'porem', 'esta', 'nada']",0.0,1,10,10
91075,"Comprei estojo de pinceis de maquiagem, a loja me entregou tesouras de cortar cabelo.
Péssimo","comprei estojo de pinceis de maquiagem, a loja me entregou tesouras de cortar cabelo.
pessimo","['comprei', 'estojo', 'de', 'pinceis', 'de', 'maquiagem', 'loja', 'me', 'entregou', 'tesouras', 'de', 'cortar', 'cabelo', 'pessimo']",0.0,1,10,10
78158,"Tudo conforme o esperado,obrigada.","tudo conforme o esperado,obrigada.","['tudo', 'conforme', 'esperado', 'obrigada']",1.0,5,10,10
66553,"Embora o status do meu pedido esteja como entregue, não recebi nada e não consigo maiores informações","embora o status do meu pedido esteja como entregue, nao recebi nada e nao consigo maiores informacoes","['embora', 'status', 'do', 'meu', 'pedido', 'esteja', 'como', 'entregue', 'nao', 'recebi', 'nada', 'nao', 'consigo', 'maiores', 'informacoes']",0.0,1,10,10
92037,muita espera,muita espera,"['muita', 'espera']",,3,-1,10
94789,Esse creme é maravilhoso ,esse creme e maravilhoso ,"['esse', 'creme', 'maravilhoso']",1.0,5,10,10
40573,Tive um problema com os correios favor entrar em contato. Mnowbakcon@gmail.com,tive um problema com os correios favor entrar em contato. mnowbakcon@gmail.com,"['tive', 'um', 'problema', 'com', 'os', 'correios', 'favor', 'entrar', 'em', 'contato', 'mnowbakcon', 'gmail', 'com']",,3,-1,10
29047,"O produto apresentado na foto não condiz com o produto entregue. O arco não é tão grande e o babado só fica virado para cima, não tem caimento e não tem acabamento em renda.","o produto apresentado na foto nao condiz com o produto entregue. o arco nao e tao grande e o babado so fica virado para cima, nao tem caimento e nao tem acabamento em renda.","['produto', 'apresentado', 'na', 'foto', 'nao', 'condiz', 'com', 'produto', 'entregue', 'arco', 'nao', 'tao', 'grande', 'babado', 'so', 'fica', 'virado', 'para', 'cima', 'nao', 'tem', 'caimento', 'nao', 'tem', 'acabamento', 'em', 'renda']",,3,-1,10
79870,Boa experiência. ,boa experiencia. ,"['boa', 'experiencia']",1.0,4,10,10
56077,Muito bom gostei muito chegou até antes do prazo,muito bom gostei muito chegou ate antes do prazo,"['muito', 'bom', 'gostei', 'muito', 'chegou', 'ate', 'antes', 'do', 'prazo']",1.0,5,10,10
78241,O produto não é entregue no prazo. ,o produto nao e entregue no prazo. ,"['produto', 'nao', 'entregue', 'no', 'prazo']",0.0,2,10,10
96296,Ainda não recebi para poder opinar ,ainda nao recebi para poder opinar ,"['ainda', 'nao', 'recebi', 'para', 'poder', 'opinar']",0.0,1,10,10
22478,"Recebi meu pedido, três cartuchos para impressora HP ""originais"", porém ao instalá-los na impressora, a mesma recusou informando que eram recarregados. Solicitei a devolução, mandei dia 16/07 e nada.","recebi meu pedido, tres cartuchos para impressora hp ""originais"", porem ao instala-los na impressora, a mesma recusou informando que eram recarregados. solicitei a devolucao, mandei dia 16/07 e nada.","['recebi', 'meu', 'pedido', 'tres', 'cartuchos', 'para', 'impressora', 'hp', 'originais', 'porem', 'ao', 'instala', 'los', 'na', 'impressora', 'mesma', 'recusou', 'informando', 'que', 'eram', 'recarregados', 'solicitei', 'devolucao', 'mandei', 'dia', '16', '07', 'nada']",0.0,1,10,10
50181,fornecedor correto e produto excelente ,fornecedor correto e produto excelente ,"['fornecedor', 'correto', 'produto', 'excelente']",,3,-1,10
28589,Recomendo.,recomendo.,['recomendo'],1.0,5,10,10
57432,Espero minha encomenda. Já comprei outras vezes na lannister e sempre recebi certo. Não mudei de endereço.,espero minha encomenda. ja comprei outras vezes na lannister e sempre recebi certo. nao mudei de endereco.,"['espero', 'minha', 'encomenda', 'ja', 'comprei', 'outras', 'vezes', 'na', 'lannister', 'sempre', 'recebi', 'certo', 'nao', 'mudei', 'de', 'endereco']",0.0,1,10,10
80086,Muito bom,muito bom,"['muito', 'bom']",1.0,4,10,10
36145,"Muito decepcionada, fui cobrada pelo cartão de credito e não recebi meu produto pq não chegou na distribuidora da minha região conforme fui informada por e mail.E sem solução","muito decepcionada, fui cobrada pelo cartao de credito e nao recebi meu produto pq nao chegou na distribuidora da minha regiao conforme fui informada por e mail.e sem solucao","['muito', 'decepcionada', 'fui', 'cobrada', 'pelo', 'cartao', 'de', 'credito', 'nao', 'recebi', 'meu', 'produto', 'pq', 'nao', 'chegou', 'na', 'distribuidora', 'da', 'minha', 'regiao', 'conforme', 'fui', 'informada', 'por', 'mail', 'sem', 'solucao']",0.0,1,10,10
23906,O material da mochila ficou a desejar.,o material da mochila ficou a desejar.,"['material', 'da', 'mochila', 'ficou', 'desejar']",0.0,1,10,10
91022,"ÓTIMA COMPRA, ÓTIMO PRODUTO, ENTREGA DENTRO DO PRAZO. NOTA 10.","otima compra, otimo produto, entrega dentro do prazo. nota 10.","['otima', 'compra', 'otimo', 'produto', 'entrega', 'dentro', 'do', 'prazo', 'nota', '10']",1.0,5,10,10
76694,Produto prático e uma ótima opção para liberar espaço no guarda-roupa. ,produto pratico e uma otima opcao para liberar espaco no guarda-roupa. ,"['produto', 'pratico', 'uma', 'otima', 'opcao', 'para', 'liberar', 'espaco', 'no', 'guarda', 'roupa']",1.0,5,10,10
61450,e um site sério,e um site serio,"['um', 'site', 'serio']",1.0,5,10,10
11083,Rápido,rapido,['rapido'],1.0,4,10,10
5244,"Bom amei o produto
","bom amei o produto
","['bom', 'amei', 'produto']",1.0,5,10,10
98497,"até hoje não recebi dois produtos...
o pedido foi feito em novembro e estou no aguardo...","ate hoje nao recebi dois produtos...
o pedido foi feito em novembro e estou no aguardo...","['ate', 'hoje', 'nao', 'recebi', 'dois', 'produtos', 'pedido', 'foi', 'feito', 'em', 'novembro', 'estou', 'no', 'aguardo']",0.0,2,10,10
92924,"Fiquei muito satisfeita com o produto,fiz um pedido especial para entrega ,e eles acolheram este pedido,que pra mim fez toda a diferença.Muito feliz obrigada nota 10.","fiquei muito satisfeita com o produto,fiz um pedido especial para entrega ,e eles acolheram este pedido,que pra mim fez toda a diferenca.muito feliz obrigada nota 10.","['fiquei', 'muito', 'satisfeita', 'com', 'produto', 'fiz', 'um', 'pedido', 'especial', 'para', 'entrega', 'eles', 'acolheram', 'este', 'pedido', 'que', 'pra', 'mim', 'fez', 'toda', 'diferenca', 'muito', 'feliz', 'obrigada', 'nota', '10']",1.0,5,10,10
66454,"Produto chegou tudo ok, produto excelente ","produto chegou tudo ok, produto excelente ","['produto', 'chegou', 'tudo', 'ok', 'produto', 'excelente']",1.0,5,10,10
21616,"Produto fácil de usar, eficiente.
Os vidros ficam limpinhos.","produto facil de usar, eficiente.
os vidros ficam limpinhos.","['produto', 'facil', 'de', 'usar', 'eficiente', 'os', 'vidros', 'ficam', 'limpinhos']",1.0,4,10,10
61993,Tudo certo prazo e produto correto,tudo certo prazo e produto correto,"['tudo', 'certo', 'prazo', 'produto', 'correto']",1.0,5,10,10
91197,chegou antes do prazo!!!,chegou antes do prazo!!!,"['chegou', 'antes', 'do', 'prazo']",1.0,4,10,10
16157,"Super recomendo a compra e entrega direto pelo Lojas lannister, mais pela loja parceira targaryen não.
Entrega super atrasada. Avaliando o produto, não recomendo, baixa qualidade. Triste com a compra.","super recomendo a compra e entrega direto pelo lojas lannister, mais pela loja parceira targaryen nao.
entrega super atrasada. avaliando o produto, nao recomendo, baixa qualidade. triste com a compra.","['super', 'recomendo', 'compra', 'entrega', 'direto', 'pelo', 'lojas', 'lannister', 'mais', 'pela', 'loja', 'parceira', 'targaryen', 'nao', 'entrega', 'super', 'atrasada', 'avaliando', 'produto', 'nao', 'recomendo', 'baixa', 'qualidade', 'triste', 'com', 'compra']",0.0,1,10,10
18290,estou plenamente satisfeita com o produto. Adorei,estou plenamente satisfeita com o produto. adorei,"['estou', 'plenamente', 'satisfeita', 'com', 'produto', 'adorei']",1.0,5,10,10
60257,Produto ecxelente,produto ecxelente,"['produto', 'ecxelente']",1.0,5,10,10
14939,Entrega rápida amei,entrega rapida amei,"['entrega', 'rapida', 'amei']",1.0,5,10,10
2398,A,a,[],0.0,1,10,10
77275,Obrigada,obrigada,['obrigada'],1.0,4,10,10
58714,"Chegou antes do prazo. Achei um pouco lento, a qualidade da camera não é la essas coisas.","chegou antes do prazo. achei um pouco lento, a qualidade da camera nao e la essas coisas.","['chegou', 'antes', 'do', 'prazo', 'achei', 'um', 'pouco', 'lento', 'qualidade', 'da', 'camera', 'nao', 'la', 'essas', 'coisas']",1.0,4,10,10
87854,Recebi o produto que encomendei dentro do prazo anunciado.,recebi o produto que encomendei dentro do prazo anunciado.,"['recebi', 'produto', 'que', 'encomendei', 'dentro', 'do', 'prazo', 'anunciado']",1.0,5,10,10
59325,"Muito bom! Chegou no prazo correto,muito bem embalado! Parabéns!","muito bom! chegou no prazo correto,muito bem embalado! parabens!","['muito', 'bom', 'chegou', 'no', 'prazo', 'correto', 'muito', 'bem', 'embalado', 'parabens']",1.0,5,10,10
39148,Chegou até antes do prazo.,chegou ate antes do prazo.,"['chegou', 'ate', 'antes', 'do', 'prazo']",1.0,5,10,10
47916,Empresa com produtos de ótima qualidade. Tudo bem embalado para proteção no transporte. Recomendo,empresa com produtos de otima qualidade. tudo bem embalado para protecao no transporte. recomendo,"['empresa', 'com', 'produtos', 'de', 'otima', 'qualidade', 'tudo', 'bem', 'embalado', 'para', 'protecao', 'no', 'transporte', 'recomendo']",1.0,5,10,10
39998,Tudo certo pena que o produto não é muito bom,tudo certo pena que o produto nao e muito bom,"['tudo', 'certo', 'pena', 'que', 'produto', 'nao', 'muito', 'bom']",,3,-1,10
34040,Muito bom.,muito bom.,"['muito', 'bom']",1.0,5,10,10
74586,Não recebi o produto,nao recebi o produto,"['nao', 'recebi', 'produto']",0.0,1,10,10
45280,Amei comprar com vcs,amei comprar com vcs,"['amei', 'comprar', 'com', 'vcs']",1.0,5,10,10
42638,eu super recomendo a lojas lannister,eu super recomendo a lojas lannister,"['eu', 'super', 'recomendo', 'lojas', 'lannister']",1.0,5,10,10
54145,Gostei,gostei,['gostei'],1.0,5,10,10
31109,"Chegou até antes da data prevista!
Parabéns pela rapidez!","chegou ate antes da data prevista!
parabens pela rapidez!","['chegou', 'ate', 'antes', 'da', 'data', 'prevista', 'parabens', 'pela', 'rapidez']",1.0,5,10,10
79341,"Produto de ótima qualidade, entrega super rápida, chegou antes do prazo. Estou muito satisfeita. O produto ja está em uso e não apresentou nenhum defeito. Produto e loja recomendadissimos.","produto de otima qualidade, entrega super rapida, chegou antes do prazo. estou muito satisfeita. o produto ja esta em uso e nao apresentou nenhum defeito. produto e loja recomendadissimos.","['produto', 'de', 'otima', 'qualidade', 'entrega', 'super', 'rapida', 'chegou', 'antes', 'do', 'prazo', 'estou', 'muito', 'satisfeita', 'produto', 'ja', 'esta', 'em', 'uso', 'nao', 'apresentou', 'nenhum', 'defeito', 'produto', 'loja', 'recomendadissimos']",1.0,5,10,10
54040,"Não entregou o produto, confiou aos correios e não fez nenhum contato para saber da situação...","nao entregou o produto, confiou aos correios e nao fez nenhum contato para saber da situacao...","['nao', 'entregou', 'produto', 'confiou', 'aos', 'correios', 'nao', 'fez', 'nenhum', 'contato', 'para', 'saber', 'da', 'situacao']",0.0,1,10,10
88845,"Entrega rápida 
","entrega rapida 
","['entrega', 'rapida']",1.0,5,10,10
80670,Recebi o produto dentro do prazo em perfeitas condições!,recebi o produto dentro do prazo em perfeitas condicoes!,"['recebi', 'produto', 'dentro', 'do', 'prazo', 'em', 'perfeitas', 'condicoes']",1.0,5,10,10
67759,Muito bom para aquilo q eu precisava,muito bom para aquilo q eu precisava,"['muito', 'bom', 'para', 'aquilo', 'eu', 'precisava']",1.0,5,10,10
79319,so acharia legal vir uma lamina de presente,so acharia legal vir uma lamina de presente,"['so', 'acharia', 'legal', 'vir', 'uma', 'lamina', 'de', 'presente']",1.0,5,10,10
27489,Entrega chegou antes do prazo.,entrega chegou antes do prazo.,"['entrega', 'chegou', 'antes', 'do', 'prazo']",1.0,5,10,10
67670,lindo o modelo,lindo o modelo,"['lindo', 'modelo']",1.0,4,10,10
65606,"Boa Noite, nao consegui colocar a bandeja no triple, pois nao sei e nao veio manual como colocar e nao sei como instalar a bandeja no meio do triple, peço um manual de nstalar..Grata...Ilsa Duarte","boa noite, nao consegui colocar a bandeja no triple, pois nao sei e nao veio manual como colocar e nao sei como instalar a bandeja no meio do triple, peco um manual de nstalar..grata...ilsa duarte","['boa', 'noite', 'nao', 'consegui', 'colocar', 'bandeja', 'no', 'triple', 'pois', 'nao', 'sei', 'nao', 'veio', 'manual', 'como', 'colocar', 'nao', 'sei', 'como', 'instalar', 'bandeja', 'no', 'meio', 'do', 'triple', 'peco', 'um', 'manual', 'de', 'nstalar', 'grata', 'ilsa', 'duarte']",,3,-1,10
31267,Ótimo produto em ótimo prazo de entrega,otimo produto em otimo prazo de entrega,"['otimo', 'produto', 'em', 'otimo', 'prazo', 'de', 'entrega']",1.0,5,10,10
89545,produto de qualidade,produto de qualidade,"['produto', 'de', 'qualidade']",1.0,4,10,10
60971,"Produto simplicidade,e funcional...","produto simplicidade,e funcional...","['produto', 'simplicidade', 'funcional']",,3,-1,10
54097,Gosto muito de comprar nessa loja.,gosto muito de comprar nessa loja.,"['gosto', 'muito', 'de', 'comprar', 'nessa', 'loja']",1.0,4,10,10
6050,O produto chegou antes do esperado e em perfeito estado! Recomendo muito.,o produto chegou antes do esperado e em perfeito estado! recomendo muito.,"['produto', 'chegou', 'antes', 'do', 'esperado', 'em', 'perfeito', 'estado', 'recomendo', 'muito']",1.0,4,10,10
50280,Um amigo já tinha indicado a targaryen para compra de arduínos. Então fiz a compra já esperando um bom atendimento. O produto chegou rápido e muito bem embalado.,um amigo ja tinha indicado a targaryen para compra de arduinos. entao fiz a compra ja esperando um bom atendimento. o produto chegou rapido e muito bem embalado.,"['um', 'amigo', 'ja', 'tinha', 'indicado', 'targaryen', 'para', 'compra', 'de', 'arduinos', 'entao', 'fiz', 'compra', 'ja', 'esperando', 'um', 'bom', 'atendimento', 'produto', 'chegou', 'rapido', 'muito', 'bem', 'embalado']",1.0,5,10,10
34939,otima,otima,['otima'],1.0,5,10,10
98467,Não recebi o produto correto. Prefiro acreditar que foi por engano. Já fiz o pedido de troca ou devolução do valor. Estou no aguardo da resposta por e-mail.,nao recebi o produto correto. prefiro acreditar que foi por engano. ja fiz o pedido de troca ou devolucao do valor. estou no aguardo da resposta por e-mail.,"['nao', 'recebi', 'produto', 'correto', 'prefiro', 'acreditar', 'que', 'foi', 'por', 'engano', 'ja', 'fiz', 'pedido', 'de', 'troca', 'ou', 'devolucao', 'do', 'valor', 'estou', 'no', 'aguardo', 'da', 'resposta', 'por', 'mail']",0.0,1,10,10
43440,"Ótimo produto, e chegou bem antes do prazo.","otimo produto, e chegou bem antes do prazo.","['otimo', 'produto', 'chegou', 'bem', 'antes', 'do', 'prazo']",1.0,5,10,10
51568,Paguei e não recebi o produto. E agora???,paguei e nao recebi o produto. e agora???,"['paguei', 'nao', 'recebi', 'produto', 'agora']",0.0,1,10,10
53385,"As bolsas chegaram bem antes do prazo, no entanto a bolsa grande veio com pequenas avarias; uma parte está descosturada e o acabamento dentro não estava tão bom quanto o da pequena, que veio perfeita.","as bolsas chegaram bem antes do prazo, no entanto a bolsa grande veio com pequenas avarias; uma parte esta descosturada e o acabamento dentro nao estava tao bom quanto o da pequena, que veio perfeita.","['as', 'bolsas', 'chegaram', 'bem', 'antes', 'do', 'prazo', 'no', 'entanto', 'bolsa', 'grande', 'veio', 'com', 'pequenas', 'avarias', 'uma', 'parte', 'esta', 'descosturada', 'acabamento', 'dentro', 'nao', 'estava', 'tao', 'bom', 'quanto', 'da', 'pequena', 'que', 'veio', 'perfeita']",,3,-1,10
86019,"Maravilhoso poder comprar em casa....receber no prazo..
","maravilhoso poder comprar em casa....receber no prazo..
","['maravilhoso', 'poder', 'comprar', 'em', 'casa', 'receber', 'no', 'prazo']",1.0,5,10,10
36086,"muito satisfeito especificamente com essa compra, entrega feita rapidamente.","muito satisfeito especificamente com essa compra, entrega feita rapidamente.","['muito', 'satisfeito', 'especificamente', 'com', 'essa', 'compra', 'entrega', 'feita', 'rapidamente']",1.0,5,10,10
49816,Entrega rápida e produto dentro do esperado. Recomendado.,entrega rapida e produto dentro do esperado. recomendado.,"['entrega', 'rapida', 'produto', 'dentro', 'do', 'esperado', 'recomendado']",1.0,4,10,10
85211,Muito bom,muito bom,"['muito', 'bom']",1.0,5,10,10
14375,"ainda esta no prazo, vou aguardar.","ainda esta no prazo, vou aguardar.","['ainda', 'esta', 'no', 'prazo', 'vou', 'aguardar']",,3,-1,10
39637,"As vezes acesso o site de uma determinada loja, seleciono o produto e vejo que não é vendido por aquela loja, desistindo da compra. Mas é por parceiros como este que não mais farei isso. Recomendo.","as vezes acesso o site de uma determinada loja, seleciono o produto e vejo que nao e vendido por aquela loja, desistindo da compra. mas e por parceiros como este que nao mais farei isso. recomendo.","['as', 'vezes', 'acesso', 'site', 'de', 'uma', 'determinada', 'loja', 'seleciono', 'produto', 'vejo', 'que', 'nao', 'vendido', 'por', 'aquela', 'loja', 'desistindo', 'da', 'compra', 'mas', 'por', 'parceiros', 'como', 'este', 'que', 'nao', 'mais', 'farei', 'isso', 'recomendo']",1.0,5,10,10
8135,"Ótimo. Rápido demais, chega bem antes do prazo","otimo. rapido demais, chega bem antes do prazo","['otimo', 'rapido', 'demais', 'chega', 'bem', 'antes', 'do', 'prazo']",1.0,5,10,10
32554,Conforme descrito no site,conforme descrito no site,"['conforme', 'descrito', 'no', 'site']",1.0,5,10,10
62130,"Ótimo produto..bem como descrito
Chegou antes do prazo! Super recomendo","otimo produto..bem como descrito
chegou antes do prazo! super recomendo","['otimo', 'produto', 'bem', 'como', 'descrito', 'chegou', 'antes', 'do', 'prazo', 'super', 'recomendo']",1.0,5,10,10
93546,Serviço péssimo.,servico pessimo.,"['servico', 'pessimo']",0.0,1,10,10
64209,Muito rápido a entrega!!!,muito rapido a entrega!!!,"['muito', 'rapido', 'entrega']",1.0,5,10,10
78633,"Ótimo atendimento, dentro do prazo.
Obrigado","otimo atendimento, dentro do prazo.
obrigado","['otimo', 'atendimento', 'dentro', 'do', 'prazo', 'obrigado']",1.0,4,10,10
72215,Produto enviado antes do prazo mas o horario que o correiro envio nao se encontrava ninguem em casa.,produto enviado antes do prazo mas o horario que o correiro envio nao se encontrava ninguem em casa.,"['produto', 'enviado', 'antes', 'do', 'prazo', 'mas', 'horario', 'que', 'correiro', 'envio', 'nao', 'se', 'encontrava', 'ninguem', 'em', 'casa']",1.0,4,10,10
2052,"Muito bonito, aparenta qualidade. Ainda não o apliquei, por isso não posso falar quanto a aderência do mesmo. Pelo custo beneficio RECOMENDO.","muito bonito, aparenta qualidade. ainda nao o apliquei, por isso nao posso falar quanto a aderencia do mesmo. pelo custo beneficio recomendo.","['muito', 'bonito', 'aparenta', 'qualidade', 'ainda', 'nao', 'apliquei', 'por', 'isso', 'nao', 'posso', 'falar', 'quanto', 'aderencia', 'do', 'mesmo', 'pelo', 'custo', 'beneficio', 'recomendo']",1.0,5,10,10
19908,"Comprometimento
","comprometimento
",['comprometimento'],1.0,5,10,10
11554,"Recebi apenas o colágeno no sabor limonada suíça, o outro sabor eu não recebi.","recebi apenas o colageno no sabor limonada suica, o outro sabor eu nao recebi.","['recebi', 'apenas', 'colageno', 'no', 'sabor', 'limonada', 'suica', 'outro', 'sabor', 'eu', 'nao', 'recebi']",,3,-1,10
14775,Excelente produto,excelente produto,"['excelente', 'produto']",1.0,5,10,10
12426,Gostei muito do produto e da loja. Chegou em perfeito estado e dentro do prazo.,gostei muito do produto e da loja. chegou em perfeito estado e dentro do prazo.,"['gostei', 'muito', 'do', 'produto', 'da', 'loja', 'chegou', 'em', 'perfeito', 'estado', 'dentro', 'do', 'prazo']",1.0,5,10,10
26138,SÓ NÃO GOSTEI PORQUE O PRODUTO NÃO VEIO EM NENHUMA CAIXA APENAS COM UM SAQUINHO. E COMO COMPREI PARA REVENDER SEM UMA EMBALAGEM ESPECIFICA FICA UM POUCO DESVALORIZADO.,so nao gostei porque o produto nao veio em nenhuma caixa apenas com um saquinho. e como comprei para revender sem uma embalagem especifica fica um pouco desvalorizado.,"['so', 'nao', 'gostei', 'porque', 'produto', 'nao', 'veio', 'em', 'nenhuma', 'caixa', 'apenas', 'com', 'um', 'saquinho', 'como', 'comprei', 'para', 'revender', 'sem', 'uma', 'embalagem', 'especifica', 'fica', 'um', 'pouco', 'desvalorizado']",,3,-1,10
12352,"Foi tudo perfeito. Obrigada!
","foi tudo perfeito. obrigada!
","['foi', 'tudo', 'perfeito', 'obrigada']",1.0,5,10,10
81826,"Super recomendo, entrega rápida. Produto ótimo.","super recomendo, entrega rapida. produto otimo.","['super', 'recomendo', 'entrega', 'rapida', 'produto', 'otimo']",1.0,5,10,10
39715,gostei demais,gostei demais,"['gostei', 'demais']",1.0,5,10,10
23640,Produto de qualidade! Consegui organizar todos os livros da minha filha! Ficou lindo! Preço bom! Entrega dentro do prazo!,produto de qualidade! consegui organizar todos os livros da minha filha! ficou lindo! preco bom! entrega dentro do prazo!,"['produto', 'de', 'qualidade', 'consegui', 'organizar', 'todos', 'os', 'livros', 'da', 'minha', 'filha', 'ficou', 'lindo', 'preco', 'bom', 'entrega', 'dentro', 'do', 'prazo']",1.0,5,10,10
36255,"Peço verificar junto a empresa e transportadora, pois até o momento meu pedido não foi entregue.
Contando com o apoio dos senhores.
","peco verificar junto a empresa e transportadora, pois ate o momento meu pedido nao foi entregue.
contando com o apoio dos senhores.
","['peco', 'verificar', 'junto', 'empresa', 'transportadora', 'pois', 'ate', 'momento', 'meu', 'pedido', 'nao', 'foi', 'entregue', 'contando', 'com', 'apoio', 'dos', 'senhores']",0.0,1,10,10
53741,"eu gostei do produto, atendeu ao que o vendedor dizia","eu gostei do produto, atendeu ao que o vendedor dizia","['eu', 'gostei', 'do', 'produto', 'atendeu', 'ao', 'que', 'vendedor', 'dizia']",1.0,5,10,10
9240,recebi,recebi,['recebi'],1.0,5,10,10
58517,"Estou aguardando o produto ate hoje desde o dia 17/02 e ainda nao chegou. nao consigo falar com um atendente, preciso resolver essa situação.","estou aguardando o produto ate hoje desde o dia 17/02 e ainda nao chegou. nao consigo falar com um atendente, preciso resolver essa situacao.","['estou', 'aguardando', 'produto', 'ate', 'hoje', 'desde', 'dia', '17', '02', 'ainda', 'nao', 'chegou', 'nao', 'consigo', 'falar', 'com', 'um', 'atendente', 'preciso', 'resolver', 'essa', 'situacao']",0.0,2,10,10
5074,Gostei e recomendo !!!,gostei e recomendo !!!,"['gostei', 'recomendo']",1.0,5,10,10
41148,Gostei do produto!,gostei do produto!,"['gostei', 'do', 'produto']",,3,-1,10
25534,"entrega no prazo, muito satisfeito e produto de alta qualidade","entrega no prazo, muito satisfeito e produto de alta qualidade","['entrega', 'no', 'prazo', 'muito', 'satisfeito', 'produto', 'de', 'alta', 'qualidade']",1.0,5,10,10
38063,"Produto excelente, bom preço, rapidez na entrega. Estou satisfeito com a compra.","produto excelente, bom preco, rapidez na entrega. estou satisfeito com a compra.","['produto', 'excelente', 'bom', 'preco', 'rapidez', 'na', 'entrega', 'estou', 'satisfeito', 'com', 'compra']",1.0,5,10,10
92092,"A entrega foi rápida , porém o sabor veio errado... Ainda não experimentei o produto ","a entrega foi rapida , porem o sabor veio errado... ainda nao experimentei o produto ","['entrega', 'foi', 'rapida', 'porem', 'sabor', 'veio', 'errado', 'ainda', 'nao', 'experimentei', 'produto']",,3,-1,10
46400,Mto bom. ,mto bom. ,"['mto', 'bom']",1.0,5,10,10
71507,"Ficou ótima minha capa, gostei muito e só com vocês que eu consegui encontrar. Parabens e continuem assim.","ficou otima minha capa, gostei muito e so com voces que eu consegui encontrar. parabens e continuem assim.","['ficou', 'otima', 'minha', 'capa', 'gostei', 'muito', 'so', 'com', 'voces', 'que', 'eu', 'consegui', 'encontrar', 'parabens', 'continuem', 'assim']",1.0,5,10,10
42082,"Não é a primeira vez que tenho problemas de entrega com a loja. Na próxima vez, caso haja concorrência de produtos, não optarei pela Lojas lannister.","nao e a primeira vez que tenho problemas de entrega com a loja. na proxima vez, caso haja concorrencia de produtos, nao optarei pela lojas lannister.","['nao', 'primeira', 'vez', 'que', 'tenho', 'problemas', 'de', 'entrega', 'com', 'loja', 'na', 'proxima', 'vez', 'caso', 'haja', 'concorrencia', 'de', 'produtos', 'nao', 'optarei', 'pela', 'lojas', 'lannister']",0.0,1,10,10
10420,"É isso aí lannister!!!
Nota 10!!!
Antes do prazo!!!","e isso ai lannister!!!
nota 10!!!
antes do prazo!!!","['isso', 'ai', 'lannister', 'nota', '10', 'antes', 'do', 'prazo']",1.0,5,10,10
81299,"Já uso está marca de travesseiro há uns 20 anos, adoro. Altura ideal, macio e confortável 
","ja uso esta marca de travesseiro ha uns 20 anos, adoro. altura ideal, macio e confortavel 
","['ja', 'uso', 'esta', 'marca', 'de', 'travesseiro', 'ha', 'uns', '20', 'anos', 'adoro', 'altura', 'ideal', 'macio', 'confortavel']",1.0,5,10,10
48989,"bom dia, queria ver sobre a entrega do meu suporte de tv.","bom dia, queria ver sobre a entrega do meu suporte de tv.","['bom', 'dia', 'queria', 'ver', 'sobre', 'entrega', 'do', 'meu', 'suporte', 'de', 'tv']",,3,-1,10
21207,Loja entregou no prazo e me deixou informado desde a data da compra,loja entregou no prazo e me deixou informado desde a data da compra,"['loja', 'entregou', 'no', 'prazo', 'me', 'deixou', 'informado', 'desde', 'data', 'da', 'compra']",1.0,5,10,10
77086,"Já fiz várias compras com as lojas lannister, e nunca tive nenhum tipo de problema, meus produtos chegaram até 4 dias antes do prazo estipulado para a entrega.","ja fiz varias compras com as lojas lannister, e nunca tive nenhum tipo de problema, meus produtos chegaram ate 4 dias antes do prazo estipulado para a entrega.","['ja', 'fiz', 'varias', 'compras', 'com', 'as', 'lojas', 'lannister', 'nunca', 'tive', 'nenhum', 'tipo', 'de', 'problema', 'meus', 'produtos', 'chegaram', 'ate', 'dias', 'antes', 'do', 'prazo', 'estipulado', 'para', 'entrega']",1.0,5,10,10
79819,"A entrega foi muito rápida, adorei ! O produto veio super bem embalado, recomendo.","a entrega foi muito rapida, adorei ! o produto veio super bem embalado, recomendo.","['entrega', 'foi', 'muito', 'rapida', 'adorei', 'produto', 'veio', 'super', 'bem', 'embalado', 'recomendo']",1.0,5,10,10
38216,"tudo perfeito

","tudo perfeito

","['tudo', 'perfeito']",1.0,4,10,10
68607,"Gostei muito, recomendo a outra pessoa.","gostei muito, recomendo a outra pessoa.","['gostei', 'muito', 'recomendo', 'outra', 'pessoa']",1.0,5,10,10
81134,"O que me incomoda nessa compra é a demora na entrega do produto. Sou cliente lannister a muito tempo e sempre satisfeita com a compra, mas infelizmente, as últimas compras não recebi .","o que me incomoda nessa compra e a demora na entrega do produto. sou cliente lannister a muito tempo e sempre satisfeita com a compra, mas infelizmente, as ultimas compras nao recebi .","['que', 'me', 'incomoda', 'nessa', 'compra', 'demora', 'na', 'entrega', 'do', 'produto', 'sou', 'cliente', 'lannister', 'muito', 'tempo', 'sempre', 'satisfeita', 'com', 'compra', 'mas', 'infelizmente', 'as', 'ultimas', 'compras', 'nao', 'recebi']",0.0,1,10,10
15183,Muito boa experiência,muito boa experiencia,"['muito', 'boa', 'experiencia']",1.0,5,10,10
33165,Boa entrega,boa entrega,"['boa', 'entrega']",1.0,4,10,10
56418,recomendo a todos que queiram um bom produto e de ótima qualidade.,recomendo a todos que queiram um bom produto e de otima qualidade.,"['recomendo', 'todos', 'que', 'queiram', 'um', 'bom', 'produto', 'de', 'otima', 'qualidade']",1.0,5,10,10
73608,Adorei,adorei,['adorei'],1.0,5,10,10
45413,"Não recebi meu produto e nem tive um retorno sobre isso, ","nao recebi meu produto e nem tive um retorno sobre isso, ","['nao', 'recebi', 'meu', 'produto', 'nem', 'tive', 'um', 'retorno', 'sobre', 'isso']",0.0,1,10,10
6576,"Atendeu minhas expectativas, bom","atendeu minhas expectativas, bom","['atendeu', 'minhas', 'expectativas', 'bom']",1.0,4,10,10
48346,Produto excelente!,produto excelente!,"['produto', 'excelente']",1.0,5,10,10
14002,Confiável ,confiavel ,['confiavel'],1.0,5,10,10
29855,Preço ótimo pela qualidade,preco otimo pela qualidade,"['preco', 'otimo', 'pela', 'qualidade']",1.0,5,10,10
4095,Rápido e eficaz ! E variedades pra vc escolher um bom presente para sua família.....,rapido e eficaz ! e variedades pra vc escolher um bom presente para sua familia.....,"['rapido', 'eficaz', 'variedades', 'pra', 'vc', 'escolher', 'um', 'bom', 'presente', 'para', 'sua', 'familia']",1.0,4,10,10
83802,Lindo maravilhoso 💋?💚,lindo maravilhoso 💋?💚,"['lindo', 'maravilhoso']",1.0,5,10,10
12167,Recebi o produto antes do prazo,recebi o produto antes do prazo,"['recebi', 'produto', 'antes', 'do', 'prazo']",1.0,5,10,10
68786,"Eu comprei umas cestas de vime, comprei 6, só que veio faltando uma tampa. Então não fiquei totalmente satisfeita! Mas o produto é muito bom!","eu comprei umas cestas de vime, comprei 6, so que veio faltando uma tampa. entao nao fiquei totalmente satisfeita! mas o produto e muito bom!","['eu', 'comprei', 'umas', 'cestas', 'de', 'vime', 'comprei', 'so', 'que', 'veio', 'faltando', 'uma', 'tampa', 'entao', 'nao', 'fiquei', 'totalmente', 'satisfeita', 'mas', 'produto', 'muito', 'bom']",,3,-1,10
37597,"faltou manual de instrução, algumas peças sem saber o que fazer ","faltou manual de instrucao, algumas pecas sem saber o que fazer ","['faltou', 'manual', 'de', 'instrucao', 'algumas', 'pecas', 'sem', 'saber', 'que', 'fazer']",,3,-1,10
26169,"Entrega no prazo, produto de qualidade exatamente como anunciado. Recomendo a loja.","entrega no prazo, produto de qualidade exatamente como anunciado. recomendo a loja.","['entrega', 'no', 'prazo', 'produto', 'de', 'qualidade', 'exatamente', 'como', 'anunciado', 'recomendo', 'loja']",1.0,5,10,10
68637,bom pode comprar,bom pode comprar,"['bom', 'pode', 'comprar']",1.0,4,10,10
34394,Estou muito satisfeita com a loja! Entrega antes do prazo sem qualquer problema! Muito obrigada!,estou muito satisfeita com a loja! entrega antes do prazo sem qualquer problema! muito obrigada!,"['estou', 'muito', 'satisfeita', 'com', 'loja', 'entrega', 'antes', 'do', 'prazo', 'sem', 'qualquer', 'problema', 'muito', 'obrigada']",1.0,5,10,10
36031,Muito boa chegou antes do esperado!,muito boa chegou antes do esperado!,"['muito', 'boa', 'chegou', 'antes', 'do', 'esperado']",1.0,5,10,10
39740,"produto diferente da foto anunciada e entrega feita de maneira ridícula, sem proteção o produto ficava solto dentro da caixa. Parece que nem trabalham no ramo kkkk amadores.","produto diferente da foto anunciada e entrega feita de maneira ridicula, sem protecao o produto ficava solto dentro da caixa. parece que nem trabalham no ramo kkkk amadores.","['produto', 'diferente', 'da', 'foto', 'anunciada', 'entrega', 'feita', 'de', 'maneira', 'ridicula', 'sem', 'protecao', 'produto', 'ficava', 'solto', 'dentro', 'da', 'caixa', 'parece', 'que', 'nem', 'trabalham', 'no', 'ramo', 'kkkk', 'amadores']",0.0,1,10,10
67249,boa tarde vocês e pontual,boa tarde voces e pontual,"['boa', 'tarde', 'voces', 'pontual']",1.0,5,10,10
38005,"A lannister.com está na minha lista mais TOP! Quase tudo que tenho comprei por ela sem problemas!! Recomendo a todos, pois durante estes mais de 10 anos nunca tive problemas.","a lannister.com esta na minha lista mais top! quase tudo que tenho comprei por ela sem problemas!! recomendo a todos, pois durante estes mais de 10 anos nunca tive problemas.","['lannister', 'com', 'esta', 'na', 'minha', 'lista', 'mais', 'top', 'quase', 'tudo', 'que', 'tenho', 'comprei', 'por', 'ela', 'sem', 'problemas', 'recomendo', 'todos', 'pois', 'durante', 'estes', 'mais', 'de', '10', 'anos', 'nunca', 'tive', 'problemas']",1.0,5,10,10
93332,"o meu produto não foi entregue no prazo me causando varios problemas com a minha filha, era presente de natal","o meu produto nao foi entregue no prazo me causando varios problemas com a minha filha, era presente de natal","['meu', 'produto', 'nao', 'foi', 'entregue', 'no', 'prazo', 'me', 'causando', 'varios', 'problemas', 'com', 'minha', 'filha', 'era', 'presente', 'de', 'natal']",0.0,1,10,10
40619,"produto conforme anuncio, muito bom e veio muito bem embalado. chegou no prazo.","produto conforme anuncio, muito bom e veio muito bem embalado. chegou no prazo.","['produto', 'conforme', 'anuncio', 'muito', 'bom', 'veio', 'muito', 'bem', 'embalado', 'chegou', 'no', 'prazo']",1.0,5,10,10
91096,FOi informado pelos meios de comunicação que o endereço estava errado e mesmo assim não efetuaram a devida correção.,foi informado pelos meios de comunicacao que o endereco estava errado e mesmo assim nao efetuaram a devida correcao.,"['foi', 'informado', 'pelos', 'meios', 'de', 'comunicacao', 'que', 'endereco', 'estava', 'errado', 'mesmo', 'assim', 'nao', 'efetuaram', 'devida', 'correcao']",0.0,2,10,10
82465,"Produto ótimo, a entrega deixou a desejar","produto otimo, a entrega deixou a desejar","['produto', 'otimo', 'entrega', 'deixou', 'desejar']",0.0,2,10,10
20649,.,.,[],1.0,4,10,10
1057,Fui surpreendido pela eficácia. Ótimo atentimento.,fui surpreendido pela eficacia. otimo atentimento.,"['fui', 'surpreendido', 'pela', 'eficacia', 'otimo', 'atentimento']",1.0,5,10,10
91552,Produto veio incompleto faltando 4 capas impermeaveis que comprei junto.,produto veio incompleto faltando 4 capas impermeaveis que comprei junto.,"['produto', 'veio', 'incompleto', 'faltando', 'capas', 'impermeaveis', 'que', 'comprei', 'junto']",0.0,1,10,10
92002,"Relógio muito bom, mais bonito pessoalmente! ","relogio muito bom, mais bonito pessoalmente! ","['relogio', 'muito', 'bom', 'mais', 'bonito', 'pessoalmente']",1.0,5,10,10
37235,Nossa muito rápido e produto de qualidade,nossa muito rapido e produto de qualidade,"['nossa', 'muito', 'rapido', 'produto', 'de', 'qualidade']",1.0,5,10,10
23870,"A DATA DE ENTREGA ERA DIA 27/09/2017
MAIS AINDA NÃO RECEBI MEU PRODUTO NA MINHA RESIDENCIA","a data de entrega era dia 27/09/2017
mais ainda nao recebi meu produto na minha residencia","['data', 'de', 'entrega', 'era', 'dia', '27', '09', '2017', 'mais', 'ainda', 'nao', 'recebi', 'meu', 'produto', 'na', 'minha', 'residencia']",0.0,1,10,10
84878,"Tive que pegar nos correios, e na caixa só havia uma cadeira sendo que eu comprei duas!!! Vou processar!","tive que pegar nos correios, e na caixa so havia uma cadeira sendo que eu comprei duas!!! vou processar!","['tive', 'que', 'pegar', 'nos', 'correios', 'na', 'caixa', 'so', 'havia', 'uma', 'cadeira', 'sendo', 'que', 'eu', 'comprei', 'duas', 'vou', 'processar']",0.0,1,10,10
33100,"Pelo custo ele atende muito bem as expectativas.As cerdas são macias,alem de ser lindo.","pelo custo ele atende muito bem as expectativas.as cerdas sao macias,alem de ser lindo.","['pelo', 'custo', 'ele', 'atende', 'muito', 'bem', 'as', 'expectativas', 'as', 'cerdas', 'sao', 'macias', 'alem', 'de', 'ser', 'lindo']",1.0,4,10,10
31872,Otima qualidade,otima qualidade,"['otima', 'qualidade']",1.0,4,10,10
4580,Não estou satisfeita com essa compra pois deu que foi aprovada e foi descontado o valor no cartão de crédito porém não sei porque cancelaram a compra e não foi devolvido o valor.,nao estou satisfeita com essa compra pois deu que foi aprovada e foi descontado o valor no cartao de credito porem nao sei porque cancelaram a compra e nao foi devolvido o valor.,"['nao', 'estou', 'satisfeita', 'com', 'essa', 'compra', 'pois', 'deu', 'que', 'foi', 'aprovada', 'foi', 'descontado', 'valor', 'no', 'cartao', 'de', 'credito', 'porem', 'nao', 'sei', 'porque', 'cancelaram', 'compra', 'nao', 'foi', 'devolvido', 'valor']",0.0,1,10,10
41516,Entrega feira antes do prazo. Maravilha!!!!,entrega feira antes do prazo. maravilha!!!!,"['entrega', 'feira', 'antes', 'do', 'prazo', 'maravilha']",1.0,5,10,10
81076,Bom,bom,['bom'],1.0,5,10,10
64130,Como faço para obter o reembolso já que não recebi o produto ? Aguardo ,como faco para obter o reembolso ja que nao recebi o produto ? aguardo ,"['como', 'faco', 'para', 'obter', 'reembolso', 'ja', 'que', 'nao', 'recebi', 'produto', 'aguardo']",0.0,1,10,10
11969,"Maravilhoso,minha filha adorou!","maravilhoso,minha filha adorou!","['maravilhoso', 'minha', 'filha', 'adorou']",1.0,5,10,10
46929,Recomendo para quem deseja aprofundar no mundo de Tolkien e para quem já leu o Silmarillion e trilogia O Senhor dos Anéis. Para os fãs da terra-média é uma obra indispensável na coleção.,recomendo para quem deseja aprofundar no mundo de tolkien e para quem ja leu o silmarillion e trilogia o senhor dos aneis. para os fas da terra-media e uma obra indispensavel na colecao.,"['recomendo', 'para', 'quem', 'deseja', 'aprofundar', 'no', 'mundo', 'de', 'tolkien', 'para', 'quem', 'ja', 'leu', 'silmarillion', 'trilogia', 'senhor', 'dos', 'aneis', 'para', 'os', 'fas', 'da', 'terra', 'media', 'uma', 'obra', 'indispensavel', 'na', 'colecao']",1.0,5,10,10
90288,"O produto chegou, no entanto não cobriu a tela toda como descrito e não é de gel, é película de vidro comum","o produto chegou, no entanto nao cobriu a tela toda como descrito e nao e de gel, e pelicula de vidro comum","['produto', 'chegou', 'no', 'entanto', 'nao', 'cobriu', 'tela', 'toda', 'como', 'descrito', 'nao', 'de', 'gel', 'pelicula', 'de', 'vidro', 'comum']",0.0,2,10,10
62724,"O produto nao é o mesmo da foto, a qualidade é pessima, muito mal acabado, faltam furos para instalar o aparelho, sugiro retirar esse fornecedor do site da lannister. estou devolvendo","o produto nao e o mesmo da foto, a qualidade e pessima, muito mal acabado, faltam furos para instalar o aparelho, sugiro retirar esse fornecedor do site da lannister. estou devolvendo","['produto', 'nao', 'mesmo', 'da', 'foto', 'qualidade', 'pessima', 'muito', 'mal', 'acabado', 'faltam', 'furos', 'para', 'instalar', 'aparelho', 'sugiro', 'retirar', 'esse', 'fornecedor', 'do', 'site', 'da', 'lannister', 'estou', 'devolvendo']",0.0,1,10,10
6953,"A tinta não é de qualidade boa, entupiu a cabeça dos bocais de tintas da impressora.","a tinta nao e de qualidade boa, entupiu a cabeca dos bocais de tintas da impressora.","['tinta', 'nao', 'de', 'qualidade', 'boa', 'entupiu', 'cabeca', 'dos', 'bocais', 'de', 'tintas', 'da', 'impressora']",0.0,1,10,10
8421,"Efetue a compra de um produto e acabei recebendo outro, totalmente diferente.","efetue a compra de um produto e acabei recebendo outro, totalmente diferente.","['efetue', 'compra', 'de', 'um', 'produto', 'acabei', 'recebendo', 'outro', 'totalmente', 'diferente']",1.0,5,10,10
64107,"Capa e película atenderam expectativa, gostaria que todos os parceiros fossem assim! ","capa e pelicula atenderam expectativa, gostaria que todos os parceiros fossem assim! ","['capa', 'pelicula', 'atenderam', 'expectativa', 'gostaria', 'que', 'todos', 'os', 'parceiros', 'fossem', 'assim']",1.0,5,10,10
11521,"Entrega rápida, antes da data. ","entrega rapida, antes da data. ","['entrega', 'rapida', 'antes', 'da', 'data']",1.0,4,10,10
97950,Tudo entregue bem antes do prazo. SEM problemas!,tudo entregue bem antes do prazo. sem problemas!,"['tudo', 'entregue', 'bem', 'antes', 'do', 'prazo', 'sem', 'problemas']",1.0,5,10,10
37303,"O produto foi entregue o prazo, mas este prazo poderia ser menos.","o produto foi entregue o prazo, mas este prazo poderia ser menos.","['produto', 'foi', 'entregue', 'prazo', 'mas', 'este', 'prazo', 'poderia', 'ser', 'menos']",1.0,4,10,10
97719,"Produto ótimo, amei.","produto otimo, amei.","['produto', 'otimo', 'amei']",1.0,5,10,10
18987,As almofadas são lindas e divertidas ,as almofadas sao lindas e divertidas ,"['as', 'almofadas', 'sao', 'lindas', 'divertidas']",1.0,5,10,10
56337,"Entrega correta, loja confiável muito obrigada ","entrega correta, loja confiavel muito obrigada ","['entrega', 'correta', 'loja', 'confiavel', 'muito', 'obrigada']",1.0,5,10,10
52057,É uma logística dinâmica que cumpre com suas responsabilidades ,e uma logistica dinamica que cumpre com suas responsabilidades ,"['uma', 'logistica', 'dinamica', 'que', 'cumpre', 'com', 'suas', 'responsabilidades']",1.0,5,10,10
15714,Tudo direitinho,tudo direitinho,"['tudo', 'direitinho']",1.0,5,10,10
9299,Produto com 15 dias de atraso do esperado.,produto com 15 dias de atraso do esperado.,"['produto', 'com', '15', 'dias', 'de', 'atraso', 'do', 'esperado']",0.0,1,10,10
7336,"BOM DIA, JÁ É A QUARTA VEZ QUE SOLICITO A DEVOLUÇÃO DO PRODUTO E ATÉ O MOMENTO NÃO TIVE RETORNO, POIS A MEDIDAS DA BOLSA NÃO SÃO AS MESMAS DECLARADAS NO ATO DA COMPRA. 
GT. KEYLA","bom dia, ja e a quarta vez que solicito a devolucao do produto e ate o momento nao tive retorno, pois a medidas da bolsa nao sao as mesmas declaradas no ato da compra. 
gt. keyla","['bom', 'dia', 'ja', 'quarta', 'vez', 'que', 'solicito', 'devolucao', 'do', 'produto', 'ate', 'momento', 'nao', 'tive', 'retorno', 'pois', 'medidas', 'da', 'bolsa', 'nao', 'sao', 'as', 'mesmas', 'declaradas', 'no', 'ato', 'da', 'compra', 'gt', 'keyla']",0.0,1,10,10
32431,O PRODUTO CHEGOU ANTES DO PRAZO.,o produto chegou antes do prazo.,"['produto', 'chegou', 'antes', 'do', 'prazo']",1.0,5,10,10
44818,Tudo ok,tudo ok,"['tudo', 'ok']",1.0,5,10,10
92883,Não recebi o produto,nao recebi o produto,"['nao', 'recebi', 'produto']",0.0,1,10,10
19672,"Até a data de hoje, não recebi minha mercadoria, super insatisfeita !!!","ate a data de hoje, nao recebi minha mercadoria, super insatisfeita !!!","['ate', 'data', 'de', 'hoje', 'nao', 'recebi', 'minha', 'mercadoria', 'super', 'insatisfeita']",0.0,1,10,10
37904,"Devolvi o cartucho, pois comprei um produto e recebi outro. 
A empresa já recebeu o produto. 
Peço a lannister.com informar quando será realizado o estorno no meu cartão de crédito.","devolvi o cartucho, pois comprei um produto e recebi outro. 
a empresa ja recebeu o produto. 
peco a lannister.com informar quando sera realizado o estorno no meu cartao de credito.","['devolvi', 'cartucho', 'pois', 'comprei', 'um', 'produto', 'recebi', 'outro', 'empresa', 'ja', 'recebeu', 'produto', 'peco', 'lannister', 'com', 'informar', 'quando', 'sera', 'realizado', 'estorno', 'no', 'meu', 'cartao', 'de', 'credito']",0.0,1,10,10
80200,OTIMO SERVICO,otimo servico,"['otimo', 'servico']",1.0,5,10,10
60338,bom,bom,['bom'],1.0,4,10,10
32308,Recomendo,recomendo,['recomendo'],1.0,4,10,10
64935,"Tudo certo!!!
Loja sempre prestativa. ","tudo certo!!!
loja sempre prestativa. ","['tudo', 'certo', 'loja', 'sempre', 'prestativa']",1.0,4,10,10
84306,O tecido é péssimo,o tecido e pessimo,"['tecido', 'pessimo']",,3,-1,10
91153,produto entregue no prazo.,produto entregue no prazo.,"['produto', 'entregue', 'no', 'prazo']",1.0,5,10,10
98780,Recebi o produto dentro do prazo e recomendo ótimo serviço ,recebi o produto dentro do prazo e recomendo otimo servico ,"['recebi', 'produto', 'dentro', 'do', 'prazo', 'recomendo', 'otimo', 'servico']",1.0,5,10,10
55874,recomendo.,recomendo.,['recomendo'],1.0,5,10,10
81115,"Produto lindo, chegou antes do previsto. Amei ... recomendo.","produto lindo, chegou antes do previsto. amei ... recomendo.","['produto', 'lindo', 'chegou', 'antes', 'do', 'previsto', 'amei', 'recomendo']",1.0,5,10,10
12690,O prazo de entrega venceu a 2 dias e ainda não recebi o produto. Já enviei e-mail para essa loja parceira das lannister.com mas eles não respondem.,o prazo de entrega venceu a 2 dias e ainda nao recebi o produto. ja enviei e-mail para essa loja parceira das lannister.com mas eles nao respondem.,"['prazo', 'de', 'entrega', 'venceu', 'dias', 'ainda', 'nao', 'recebi', 'produto', 'ja', 'enviei', 'mail', 'para', 'essa', 'loja', 'parceira', 'das', 'lannister', 'com', 'mas', 'eles', 'nao', 'respondem']",0.0,1,10,10
34197,"Já paguei faz tempo, estou precisando é ainda não recebi os produtos ","ja paguei faz tempo, estou precisando e ainda nao recebi os produtos ","['ja', 'paguei', 'faz', 'tempo', 'estou', 'precisando', 'ainda', 'nao', 'recebi', 'os', 'produtos']",0.0,1,10,10
31783,linda carteira do jeito que queria,linda carteira do jeito que queria,"['linda', 'carteira', 'do', 'jeito', 'que', 'queria']",1.0,5,10,10
79056,ótimo!,otimo!,['otimo'],1.0,5,10,10
63813,"Muito bom , confiavel","muito bom , confiavel","['muito', 'bom', 'confiavel']",1.0,5,10,10
31238,entregou ate antes do prazo,entregou ate antes do prazo,"['entregou', 'ate', 'antes', 'do', 'prazo']",1.0,4,10,10
88421,sem comentario,sem comentario,"['sem', 'comentario']",0.0,1,10,10
55809,otimo,otimo,['otimo'],1.0,5,10,10
35826,Fiquei muito satisfeita com a compra.,fiquei muito satisfeita com a compra.,"['fiquei', 'muito', 'satisfeita', 'com', 'compra']",1.0,5,10,10
76025,chegou antes do tempo,chegou antes do tempo,"['chegou', 'antes', 'do', 'tempo']",1.0,5,10,10
55819,Comprei dois kits e recebi apenas 1,comprei dois kits e recebi apenas 1,"['comprei', 'dois', 'kits', 'recebi', 'apenas']",0.0,1,10,10
91744,"entrega foi realizada antes do prazo máximo, foi bem mais rápido que o esperado!","entrega foi realizada antes do prazo maximo, foi bem mais rapido que o esperado!","['entrega', 'foi', 'realizada', 'antes', 'do', 'prazo', 'maximo', 'foi', 'bem', 'mais', 'rapido', 'que', 'esperado']",1.0,4,10,10
88712,Eu pedi 6 trios de pendentes e vcs só M entregaram 6 unidades este não foi meu pedido nem meu pagamento,eu pedi 6 trios de pendentes e vcs so m entregaram 6 unidades este nao foi meu pedido nem meu pagamento,"['eu', 'pedi', 'trios', 'de', 'pendentes', 'vcs', 'so', 'entregaram', 'unidades', 'este', 'nao', 'foi', 'meu', 'pedido', 'nem', 'meu', 'pagamento']",0.0,1,10,10
56767,"Entrega muito rápida, produto lindo e funcional.","entrega muito rapida, produto lindo e funcional.","['entrega', 'muito', 'rapida', 'produto', 'lindo', 'funcional']",1.0,5,10,10
33947,Achei o tapete super lindo...só pensei que fosse mais pesado. Ele é bem leve e o pêlo(fio) não é muito grande mas me agradou. Chegou antes do prazo previsto. Cor e tamanho de acordo com o anúncio.,achei o tapete super lindo...so pensei que fosse mais pesado. ele e bem leve e o pelo(fio) nao e muito grande mas me agradou. chegou antes do prazo previsto. cor e tamanho de acordo com o anuncio.,"['achei', 'tapete', 'super', 'lindo', 'so', 'pensei', 'que', 'fosse', 'mais', 'pesado', 'ele', 'bem', 'leve', 'pelo', 'fio', 'nao', 'muito', 'grande', 'mas', 'me', 'agradou', 'chegou', 'antes', 'do', 'prazo', 'previsto', 'cor', 'tamanho', 'de', 'acordo', 'com', 'anuncio']",1.0,4,10,10
75224,"Comprei bateria de 14 amperes, porém me entregaram uma de 12 amperes . 
Não vou trocar o produto porque estou precisando com urgência e a de 12 amperes está funcionando, mas me senti lesada.","comprei bateria de 14 amperes, porem me entregaram uma de 12 amperes . 
nao vou trocar o produto porque estou precisando com urgencia e a de 12 amperes esta funcionando, mas me senti lesada.","['comprei', 'bateria', 'de', '14', 'amperes', 'porem', 'me', 'entregaram', 'uma', 'de', '12', 'amperes', 'nao', 'vou', 'trocar', 'produto', 'porque', 'estou', 'precisando', 'com', 'urgencia', 'de', '12', 'amperes', 'esta', 'funcionando', 'mas', 'me', 'senti', 'lesada']",0.0,1,10,10
21555,Otima,otima,['otima'],1.0,5,10,10
54160,"muito satisfeita com a compra e o produto, entrega super rapida chegou antes da data prevista e com otima qualidade e super bonito , tudo conforme estava no anuncio valeu muito apena ter comprado .","muito satisfeita com a compra e o produto, entrega super rapida chegou antes da data prevista e com otima qualidade e super bonito , tudo conforme estava no anuncio valeu muito apena ter comprado .","['muito', 'satisfeita', 'com', 'compra', 'produto', 'entrega', 'super', 'rapida', 'chegou', 'antes', 'da', 'data', 'prevista', 'com', 'otima', 'qualidade', 'super', 'bonito', 'tudo', 'conforme', 'estava', 'no', 'anuncio', 'valeu', 'muito', 'apena', 'ter', 'comprado']",1.0,5,10,10
15540,"O pedido são dois itens e veio um só e emitido a nota fiscal dos dois itens.
Decepção! Sou cliente quase semanal do baratheon e agora me acontece isso.","o pedido sao dois itens e veio um so e emitido a nota fiscal dos dois itens.
decepcao! sou cliente quase semanal do baratheon e agora me acontece isso.","['pedido', 'sao', 'dois', 'itens', 'veio', 'um', 'so', 'emitido', 'nota', 'fiscal', 'dos', 'dois', 'itens', 'decepcao', 'sou', 'cliente', 'quase', 'semanal', 'do', 'baratheon', 'agora', 'me', 'acontece', 'isso']",0.0,1,10,10
86616,"Comprei um produto + um kit contendo outros 6 produtos. Recebi apenas o primeiro e, quando consulto no site, consta que o pedido já foi finalizado. Estou aguardando uma solução.","comprei um produto + um kit contendo outros 6 produtos. recebi apenas o primeiro e, quando consulto no site, consta que o pedido ja foi finalizado. estou aguardando uma solucao.","['comprei', 'um', 'produto', 'um', 'kit', 'contendo', 'outros', 'produtos', 'recebi', 'apenas', 'primeiro', 'quando', 'consulto', 'no', 'site', 'consta', 'que', 'pedido', 'ja', 'foi', 'finalizado', 'estou', 'aguardando', 'uma', 'solucao']",0.0,1,10,10
31436,Entrega antes do prazo ,entrega antes do prazo ,"['entrega', 'antes', 'do', 'prazo']",1.0,5,10,10
30479,Atendeu oque prometia no anuncio,atendeu oque prometia no anuncio,"['atendeu', 'oque', 'prometia', 'no', 'anuncio']",1.0,4,10,10
5747,Produto falsificado código de autênticidade falso.,produto falsificado codigo de autenticidade falso.,"['produto', 'falsificado', 'codigo', 'de', 'autenticidade', 'falso']",0.0,1,10,10
32858,Recomendo. Não tive nenhum problema com a loja ou o produto. ,recomendo. nao tive nenhum problema com a loja ou o produto. ,"['recomendo', 'nao', 'tive', 'nenhum', 'problema', 'com', 'loja', 'ou', 'produto']",1.0,5,10,10
59303,Gostei muito,gostei muito,"['gostei', 'muito']",1.0,5,10,10
26413,A entrega foi super rápida. Produto lindo e de excelente qualidade! Recomento!,a entrega foi super rapida. produto lindo e de excelente qualidade! recomento!,"['entrega', 'foi', 'super', 'rapida', 'produto', 'lindo', 'de', 'excelente', 'qualidade', 'recomento']",1.0,5,10,10
24225,Excelente qualidade.,excelente qualidade.,"['excelente', 'qualidade']",1.0,5,10,10
49919,Infelizmente nao foi entregue os pendulos..... ,infelizmente nao foi entregue os pendulos..... ,"['infelizmente', 'nao', 'foi', 'entregue', 'os', 'pendulos']",0.0,1,10,10
2241,"Não realiza o que promete, depois de instalado fica vazando pelo cartucho, mesmo seguindo as instruções, não vale a pena, dinheiro jogado fora.","nao realiza o que promete, depois de instalado fica vazando pelo cartucho, mesmo seguindo as instrucoes, nao vale a pena, dinheiro jogado fora.","['nao', 'realiza', 'que', 'promete', 'depois', 'de', 'instalado', 'fica', 'vazando', 'pelo', 'cartucho', 'mesmo', 'seguindo', 'as', 'instrucoes', 'nao', 'vale', 'pena', 'dinheiro', 'jogado', 'fora']",0.0,1,10,10
82251,Muito bom!,muito bom!,"['muito', 'bom']",1.0,5,10,10
45010,Grato por comprar nas Lojas lannister,grato por comprar nas lojas lannister,"['grato', 'por', 'comprar', 'nas', 'lojas', 'lannister']",1.0,5,10,10
38796," Veio faltando peça "," veio faltando peca ","['veio', 'faltando', 'peca']",0.0,1,10,10
60745,"As tesouras vieram soltas na bolsinha, então ficaram arranhadas,mas as tesouras são muito boas, só mesmo acho que colocar algo pra elas não caírem e uma esponja entre elas , pra não ter arranhões.
","as tesouras vieram soltas na bolsinha, entao ficaram arranhadas,mas as tesouras sao muito boas, so mesmo acho que colocar algo pra elas nao cairem e uma esponja entre elas , pra nao ter arranhoes.
","['as', 'tesouras', 'vieram', 'soltas', 'na', 'bolsinha', 'entao', 'ficaram', 'arranhadas', 'mas', 'as', 'tesouras', 'sao', 'muito', 'boas', 'so', 'mesmo', 'acho', 'que', 'colocar', 'algo', 'pra', 'elas', 'nao', 'cairem', 'uma', 'esponja', 'entre', 'elas', 'pra', 'nao', 'ter', 'arranhoes']",1.0,4,10,10
87344,Excelente!,excelente!,['excelente'],1.0,4,10,10
98737,"Super rápido, muito bom","super rapido, muito bom","['super', 'rapido', 'muito', 'bom']",1.0,5,10,10
67634,Ok,ok,['ok'],1.0,5,10,10
96121,Satisfeito com tudo.,satisfeito com tudo.,"['satisfeito', 'com', 'tudo']",1.0,5,10,10
56616,Quero reembolso,quero reembolso,"['quero', 'reembolso']",0.0,1,10,10
13860,"Este produto foi entregue correto, mas ainda não avalie sobre sua funcionalidade.","este produto foi entregue correto, mas ainda nao avalie sobre sua funcionalidade.","['este', 'produto', 'foi', 'entregue', 'correto', 'mas', 'ainda', 'nao', 'avalie', 'sobre', 'sua', 'funcionalidade']",,3,-1,10
34530,"A atendente do baratheon, por telefone, nos informou durante a compra que o kit seria com 5 refis. ","a atendente do baratheon, por telefone, nos informou durante a compra que o kit seria com 5 refis. ","['atendente', 'do', 'baratheon', 'por', 'telefone', 'nos', 'informou', 'durante', 'compra', 'que', 'kit', 'seria', 'com', 'refis']",1.0,4,10,10
20722,Dentro do combinado agora colocar no asfalto e marca km pois tem várias borracha deferente pois estamos no Brasil ,dentro do combinado agora colocar no asfalto e marca km pois tem varias borracha deferente pois estamos no brasil ,"['dentro', 'do', 'combinado', 'agora', 'colocar', 'no', 'asfalto', 'marca', 'km', 'pois', 'tem', 'varias', 'borracha', 'deferente', 'pois', 'estamos', 'no', 'brasil']",1.0,4,10,10
33728,Muito rápido ,muito rapido ,"['muito', 'rapido']",1.0,5,10,10
89068,"otimo
","otimo
",['otimo'],1.0,4,10,10
85467,Muito ruim a demora na entrega. Se fosse por transportadora seria mesmo valor e muito mais rápido a entrega. ,muito ruim a demora na entrega. se fosse por transportadora seria mesmo valor e muito mais rapido a entrega. ,"['muito', 'ruim', 'demora', 'na', 'entrega', 'se', 'fosse', 'por', 'transportadora', 'seria', 'mesmo', 'valor', 'muito', 'mais', 'rapido', 'entrega']",0.0,2,10,10
36060,OTIMO,otimo,['otimo'],1.0,5,10,10
56213,"O conjunto de Potes chegou certo e no prazo, mas o produto em si deixou a desejar.
Pintura lascada, peças com pequemos amassados. Em alguns o acabamento ficou todo enrugado","o conjunto de potes chegou certo e no prazo, mas o produto em si deixou a desejar.
pintura lascada, pecas com pequemos amassados. em alguns o acabamento ficou todo enrugado","['conjunto', 'de', 'potes', 'chegou', 'certo', 'no', 'prazo', 'mas', 'produto', 'em', 'si', 'deixou', 'desejar', 'pintura', 'lascada', 'pecas', 'com', 'pequemos', 'amassados', 'em', 'alguns', 'acabamento', 'ficou', 'todo', 'enrugado']",,3,-1,10
22138,"A descrição do produto está muito confuso....SEGUE DETALHAMENTO......
aíses Europeus Controle De Ipod Traseiro, Pode Carregar O Ipod/Iphone Rca Câmera De Visão Traseira De Entrada Relógio Em Tempo Re","a descricao do produto esta muito confuso....segue detalhamento......
aises europeus controle de ipod traseiro, pode carregar o ipod/iphone rca camera de visao traseira de entrada relogio em tempo re","['descricao', 'do', 'produto', 'esta', 'muito', 'confuso', 'segue', 'detalhamento', 'aises', 'europeus', 'controle', 'de', 'ipod', 'traseiro', 'pode', 'carregar', 'ipod', 'iphone', 'rca', 'camera', 'de', 'visao', 'traseira', 'de', 'entrada', 'relogio', 'em', 'tempo', 're']",1.0,5,10,10
9311,Nota 10,nota 10,"['nota', '10']",1.0,5,10,10
22227,"Produto muito bonito, possui detalhes no tecido, mas não parece ser resistente. ","produto muito bonito, possui detalhes no tecido, mas nao parece ser resistente. ","['produto', 'muito', 'bonito', 'possui', 'detalhes', 'no', 'tecido', 'mas', 'nao', 'parece', 'ser', 'resistente']",1.0,4,10,10
16716,"Tudo certo.Eu pensei q o tecido seria mais groço achei o tecido muito fino
..","tudo certo.eu pensei q o tecido seria mais groco achei o tecido muito fino
..","['tudo', 'certo', 'eu', 'pensei', 'tecido', 'seria', 'mais', 'groco', 'achei', 'tecido', 'muito', 'fino']",,3,-1,10
91043,Adoreiiiiiiiiiiiiiiiii. Tudo perfeito.,adoreiiiiiiiiiiiiiiiii. tudo perfeito.,"['adoreiiiiiiiiiiiiiiiii', 'tudo', 'perfeito']",1.0,5,10,10
34096,"Não recebi o produto que comprei, chegou outro modelo menor e diferente e não consigo entrar em contato com o atendimento das lojas lannister.com para fazer a troca. Aguardo retorno.","nao recebi o produto que comprei, chegou outro modelo menor e diferente e nao consigo entrar em contato com o atendimento das lojas lannister.com para fazer a troca. aguardo retorno.","['nao', 'recebi', 'produto', 'que', 'comprei', 'chegou', 'outro', 'modelo', 'menor', 'diferente', 'nao', 'consigo', 'entrar', 'em', 'contato', 'com', 'atendimento', 'das', 'lojas', 'lannister', 'com', 'para', 'fazer', 'troca', 'aguardo', 'retorno']",0.0,1,10,10
41774,Adorei,adorei,['adorei'],1.0,5,10,10
95584,"Como sempre entrega antes do prazo previsto. 
Produto de qualidade, conforme o esperado.","como sempre entrega antes do prazo previsto. 
produto de qualidade, conforme o esperado.","['como', 'sempre', 'entrega', 'antes', 'do', 'prazo', 'previsto', 'produto', 'de', 'qualidade', 'conforme', 'esperado']",1.0,5,10,10
10470,Adorei otima qualidade ,adorei otima qualidade ,"['adorei', 'otima', 'qualidade']",1.0,5,10,10
29387,muito bom,muito bom,"['muito', 'bom']",1.0,4,10,10
38989,"Pelo rastreio do produto chego a conclusão de que o problema está junto aos correios, pois eu consigo ver a saida do produto só que o segundo prazo de entrega que era 10/04 também não foi 
 cumprido.","pelo rastreio do produto chego a conclusao de que o problema esta junto aos correios, pois eu consigo ver a saida do produto so que o segundo prazo de entrega que era 10/04 tambem nao foi 
 cumprido.","['pelo', 'rastreio', 'do', 'produto', 'chego', 'conclusao', 'de', 'que', 'problema', 'esta', 'junto', 'aos', 'correios', 'pois', 'eu', 'consigo', 'ver', 'saida', 'do', 'produto', 'so', 'que', 'segundo', 'prazo', 'de', 'entrega', 'que', 'era', '10', '04', 'tambem', 'nao', 'foi', 'cumprido']",,3,-1,10
65290,"Recebi o produto bem antes do prazo informado pelo site.
","recebi o produto bem antes do prazo informado pelo site.
","['recebi', 'produto', 'bem', 'antes', 'do', 'prazo', 'informado', 'pelo', 'site']",1.0,5,10,10
46326,"Avaliação média, produto não foi entregue no prazo informado no ato da compra.","avaliacao media, produto nao foi entregue no prazo informado no ato da compra.","['avaliacao', 'media', 'produto', 'nao', 'foi', 'entregue', 'no', 'prazo', 'informado', 'no', 'ato', 'da', 'compra']",0.0,1,10,10
23174,Por enquanto o produto adquirido está funcionando muito bem. Recomendo essa loja.,por enquanto o produto adquirido esta funcionando muito bem. recomendo essa loja.,"['por', 'enquanto', 'produto', 'adquirido', 'esta', 'funcionando', 'muito', 'bem', 'recomendo', 'essa', 'loja']",1.0,4,10,10
49280,"Gastei muita passagem depois de pagar frete, passagem e uber tá faltando 1","gastei muita passagem depois de pagar frete, passagem e uber ta faltando 1","['gastei', 'muita', 'passagem', 'depois', 'de', 'pagar', 'frete', 'passagem', 'uber', 'ta', 'faltando']",,3,-1,10
99171,"AMEI PEDIDO ENTREGUE BEM ANTES DO PRAZO ,TUDO CERTINHO VENDEDOR ÓTIMO.OBRIGADO .","amei pedido entregue bem antes do prazo ,tudo certinho vendedor otimo.obrigado .","['amei', 'pedido', 'entregue', 'bem', 'antes', 'do', 'prazo', 'tudo', 'certinho', 'vendedor', 'otimo', 'obrigado']",1.0,5,10,10
28805,Antes do produto ser entregue eu pedi o cancelamento da compra. Estou aguardando o reembolso. Obrigada.,antes do produto ser entregue eu pedi o cancelamento da compra. estou aguardando o reembolso. obrigada.,"['antes', 'do', 'produto', 'ser', 'entregue', 'eu', 'pedi', 'cancelamento', 'da', 'compra', 'estou', 'aguardando', 'reembolso', 'obrigada']",0.0,1,10,10
34838,Entregaram dentro do prazo e o produto está sem nenhum dano. Gostei!,entregaram dentro do prazo e o produto esta sem nenhum dano. gostei!,"['entregaram', 'dentro', 'do', 'prazo', 'produto', 'esta', 'sem', 'nenhum', 'dano', 'gostei']",1.0,5,10,10
63916,Na caixa vem explicando como fazer para utilizar a garrafa. Eu fiz chá com água fervendo às 7h e quando fui tomar às 13h ainda estava quase fervendo. Até umas 19h a temperatura ainda estava bem quente,na caixa vem explicando como fazer para utilizar a garrafa. eu fiz cha com agua fervendo as 7h e quando fui tomar as 13h ainda estava quase fervendo. ate umas 19h a temperatura ainda estava bem quente,"['na', 'caixa', 'vem', 'explicando', 'como', 'fazer', 'para', 'utilizar', 'garrafa', 'eu', 'fiz', 'cha', 'com', 'agua', 'fervendo', 'as', '7h', 'quando', 'fui', 'tomar', 'as', '13h', 'ainda', 'estava', 'quase', 'fervendo', 'ate', 'umas', '19h', 'temperatura', 'ainda', 'estava', 'bem', 'quente']",1.0,5,10,10
68599,Já to a tempo esperando e a unica mensagem que recebi foi que meu pedido não foi enviado e depois nada.,ja to a tempo esperando e a unica mensagem que recebi foi que meu pedido nao foi enviado e depois nada.,"['ja', 'to', 'tempo', 'esperando', 'unica', 'mensagem', 'que', 'recebi', 'foi', 'que', 'meu', 'pedido', 'nao', 'foi', 'enviado', 'depois', 'nada']",0.0,2,10,10
49669,"Gostei do produto e da rapidez ao ser entregue, mais não fiquei satisfeita pela embalagem que veio achei muito fuleira pois a caixa do casio veio toda amassada e de péssima qualidade.
","gostei do produto e da rapidez ao ser entregue, mais nao fiquei satisfeita pela embalagem que veio achei muito fuleira pois a caixa do casio veio toda amassada e de pessima qualidade.
","['gostei', 'do', 'produto', 'da', 'rapidez', 'ao', 'ser', 'entregue', 'mais', 'nao', 'fiquei', 'satisfeita', 'pela', 'embalagem', 'que', 'veio', 'achei', 'muito', 'fuleira', 'pois', 'caixa', 'do', 'casio', 'veio', 'toda', 'amassada', 'de', 'pessima', 'qualidade']",1.0,4,10,10
51181,"PENA QUE O FRETE É MUITO SALGADO , POIS AI COMPRARIAMOS MUITO MAIS !","pena que o frete e muito salgado , pois ai comprariamos muito mais !","['pena', 'que', 'frete', 'muito', 'salgado', 'pois', 'ai', 'comprariamos', 'muito', 'mais']",1.0,5,10,10
74285,"Adquiri o produto c rodízios, entendi q fosse c 4 rodas de apoio no pé. Porém recebi o gaveteiro sem as rodinhas, com o apoio dos 4 pés estáticos.","adquiri o produto c rodizios, entendi q fosse c 4 rodas de apoio no pe. porem recebi o gaveteiro sem as rodinhas, com o apoio dos 4 pes estaticos.","['adquiri', 'produto', 'rodizios', 'entendi', 'fosse', 'rodas', 'de', 'apoio', 'no', 'pe', 'porem', 'recebi', 'gaveteiro', 'sem', 'as', 'rodinhas', 'com', 'apoio', 'dos', 'pes', 'estaticos']",0.0,2,10,10
60607,"Chegou bem embalado e bem antes do prazo estipulado!.
Ainda não montamos a fruteira,mas já agradeço pela eficiência.
Grata
Mary","chegou bem embalado e bem antes do prazo estipulado!.
ainda nao montamos a fruteira,mas ja agradeco pela eficiencia.
grata
mary","['chegou', 'bem', 'embalado', 'bem', 'antes', 'do', 'prazo', 'estipulado', 'ainda', 'nao', 'montamos', 'fruteira', 'mas', 'ja', 'agradeco', 'pela', 'eficiencia', 'grata', 'mary']",1.0,5,10,10
8487,Produto chegou rápido em ótimas condições e com um preço bem acessível. ,produto chegou rapido em otimas condicoes e com um preco bem acessivel. ,"['produto', 'chegou', 'rapido', 'em', 'otimas', 'condicoes', 'com', 'um', 'preco', 'bem', 'acessivel']",1.0,5,10,10
47942,"Eu comprei um trilho de mesa colorido em algodão, foi-me enviado um trapo de plástico parecendo uma pista de avião. Jà reclamei ao stark e até agora não tive nenhum retorno.","eu comprei um trilho de mesa colorido em algodao, foi-me enviado um trapo de plastico parecendo uma pista de aviao. ja reclamei ao stark e ate agora nao tive nenhum retorno.","['eu', 'comprei', 'um', 'trilho', 'de', 'mesa', 'colorido', 'em', 'algodao', 'foi', 'me', 'enviado', 'um', 'trapo', 'de', 'plastico', 'parecendo', 'uma', 'pista', 'de', 'aviao', 'ja', 'reclamei', 'ao', 'stark', 'ate', 'agora', 'nao', 'tive', 'nenhum', 'retorno']",0.0,1,10,10
14405,"Comprei dois jogos de cama da mesma marca mas com cores diferentes, porém veio o mesmo produto","comprei dois jogos de cama da mesma marca mas com cores diferentes, porem veio o mesmo produto","['comprei', 'dois', 'jogos', 'de', 'cama', 'da', 'mesma', 'marca', 'mas', 'com', 'cores', 'diferentes', 'porem', 'veio', 'mesmo', 'produto']",0.0,1,10,10
56516,"veio como eu esperava, muito bonitas","veio como eu esperava, muito bonitas","['veio', 'como', 'eu', 'esperava', 'muito', 'bonitas']",1.0,4,10,10
64086,Amei,amei,['amei'],1.0,5,10,10
42099,Tudo ótimo venho como eu imaginava super satisfeita.,tudo otimo venho como eu imaginava super satisfeita.,"['tudo', 'otimo', 'venho', 'como', 'eu', 'imaginava', 'super', 'satisfeita']",1.0,5,10,10
27785,"O produto e o prazo de entrega estão ok, porém fiz uma solicitação de alteração de endereço de entrega, a lannister falou que a loja responsável entraria em contato, mas ninguém o fez.","o produto e o prazo de entrega estao ok, porem fiz uma solicitacao de alteracao de endereco de entrega, a lannister falou que a loja responsavel entraria em contato, mas ninguem o fez.","['produto', 'prazo', 'de', 'entrega', 'estao', 'ok', 'porem', 'fiz', 'uma', 'solicitacao', 'de', 'alteracao', 'de', 'endereco', 'de', 'entrega', 'lannister', 'falou', 'que', 'loja', 'responsavel', 'entraria', 'em', 'contato', 'mas', 'ninguem', 'fez']",,3,-1,10
74662,O produto não foi entregue até o momento!,o produto nao foi entregue ate o momento!,"['produto', 'nao', 'foi', 'entregue', 'ate', 'momento']",0.0,1,10,10
44690,"Adorei a Luminária, o produto chegou em perfeito estado, já está instalada... e pelo que eu pesquisei em outras lojas, o valor está excelente !!! produto de alta qualidade !!","adorei a luminaria, o produto chegou em perfeito estado, ja esta instalada... e pelo que eu pesquisei em outras lojas, o valor esta excelente !!! produto de alta qualidade !!","['adorei', 'luminaria', 'produto', 'chegou', 'em', 'perfeito', 'estado', 'ja', 'esta', 'instalada', 'pelo', 'que', 'eu', 'pesquisei', 'em', 'outras', 'lojas', 'valor', 'esta', 'excelente', 'produto', 'de', 'alta', 'qualidade']",1.0,5,10,10
99455,Chegou bem antes do que imaginava..!! Parabéns! ,chegou bem antes do que imaginava..!! parabens! ,"['chegou', 'bem', 'antes', 'do', 'que', 'imaginava', 'parabens']",1.0,4,10,10
45756,Pela primeira vez me decepcione com um proteto nem acreditei qusndo eu vi produtos e péssima qualidade aff,pela primeira vez me decepcione com um proteto nem acreditei qusndo eu vi produtos e pessima qualidade aff,"['pela', 'primeira', 'vez', 'me', 'decepcione', 'com', 'um', 'proteto', 'nem', 'acreditei', 'qusndo', 'eu', 'vi', 'produtos', 'pessima', 'qualidade', 'aff']",0.0,1,10,10
39032,"Vendedor correto, produto entregue com agilidade.","vendedor correto, produto entregue com agilidade.","['vendedor', 'correto', 'produto', 'entregue', 'com', 'agilidade']",1.0,5,10,10
59837,Gostei do serviço ,gostei do servico ,"['gostei', 'do', 'servico']",1.0,5,10,10
36354,"Fiz a compra do mesmo dia 21/06, com prazo para até 11/07, foi entregue dia 27/06 devidamente empacotado e em perfeitas condições.

stark como sempre Bomdimais!","fiz a compra do mesmo dia 21/06, com prazo para ate 11/07, foi entregue dia 27/06 devidamente empacotado e em perfeitas condicoes.

stark como sempre bomdimais!","['fiz', 'compra', 'do', 'mesmo', 'dia', '21', '06', 'com', 'prazo', 'para', 'ate', '11', '07', 'foi', 'entregue', 'dia', '27', '06', 'devidamente', 'empacotado', 'em', 'perfeitas', 'condicoes', 'stark', 'como', 'sempre', 'bomdimais']",1.0,5,10,10
7675,"Boa tarde!

Recebi um produto, porém, não é a compra que realizei, meu pedido foi de uma capa/bolsinha com zíper e recebi uma capinha fina, muito feia!

Preciso que nos envie a mercadoria correta","boa tarde!

recebi um produto, porem, nao e a compra que realizei, meu pedido foi de uma capa/bolsinha com ziper e recebi uma capinha fina, muito feia!

preciso que nos envie a mercadoria correta","['boa', 'tarde', 'recebi', 'um', 'produto', 'porem', 'nao', 'compra', 'que', 'realizei', 'meu', 'pedido', 'foi', 'de', 'uma', 'capa', 'bolsinha', 'com', 'ziper', 'recebi', 'uma', 'capinha', 'fina', 'muito', 'feia', 'preciso', 'que', 'nos', 'envie', 'mercadoria', 'correta']",0.0,1,10,10
1843,Excelente produto para colecionador. Recomendo!,excelente produto para colecionador. recomendo!,"['excelente', 'produto', 'para', 'colecionador', 'recomendo']",1.0,5,10,10
80152,Entregaram cartucho errado. Pedi 02 cartuchos 60 xl preto hp e entregaram 01 cartucho 662 xl preto e 01 cartucho 662xl colorido. Aguardo a troca ,entregaram cartucho errado. pedi 02 cartuchos 60 xl preto hp e entregaram 01 cartucho 662 xl preto e 01 cartucho 662xl colorido. aguardo a troca ,"['entregaram', 'cartucho', 'errado', 'pedi', '02', 'cartuchos', '60', 'xl', 'preto', 'hp', 'entregaram', '01', 'cartucho', '662', 'xl', 'preto', '01', 'cartucho', '662xl', 'colorido', 'aguardo', 'troca']",0.0,1,10,10
76378,"Produto de baixa qualidade, não protege o computador em nada, é quase como um tecido, muito fino pra proteger o notebook de um eventual impacto, que deveria ser a função do produto.","produto de baixa qualidade, nao protege o computador em nada, e quase como um tecido, muito fino pra proteger o notebook de um eventual impacto, que deveria ser a funcao do produto.","['produto', 'de', 'baixa', 'qualidade', 'nao', 'protege', 'computador', 'em', 'nada', 'quase', 'como', 'um', 'tecido', 'muito', 'fino', 'pra', 'proteger', 'notebook', 'de', 'um', 'eventual', 'impacto', 'que', 'deveria', 'ser', 'funcao', 'do', 'produto']",0.0,1,10,10
59031,Rápida entrega e eficiente.,rapida entrega e eficiente.,"['rapida', 'entrega', 'eficiente']",,3,-1,10
5911,Vcs são todos enrolados não teem respeito com p cliente até hoje meu produto não chegou só sabem mentir entregar que é bom nada mais de 20 dias e não me entregaram nada ,vcs sao todos enrolados nao teem respeito com p cliente ate hoje meu produto nao chegou so sabem mentir entregar que e bom nada mais de 20 dias e nao me entregaram nada ,"['vcs', 'sao', 'todos', 'enrolados', 'nao', 'teem', 'respeito', 'com', 'cliente', 'ate', 'hoje', 'meu', 'produto', 'nao', 'chegou', 'so', 'sabem', 'mentir', 'entregar', 'que', 'bom', 'nada', 'mais', 'de', '20', 'dias', 'nao', 'me', 'entregaram', 'nada']",0.0,1,10,10
18058,Chegou mais rápido que o previsto! ,chegou mais rapido que o previsto! ,"['chegou', 'mais', 'rapido', 'que', 'previsto']",1.0,5,10,10
4469,recomendo,recomendo,['recomendo'],1.0,5,10,10
44093,"Excelente produto, recomendo!","excelente produto, recomendo!","['excelente', 'produto', 'recomendo']",1.0,5,10,10
18692,Tudo perfeito e como prometido!,tudo perfeito e como prometido!,"['tudo', 'perfeito', 'como', 'prometido']",1.0,5,10,10
90081,Compromisso,compromisso,['compromisso'],1.0,5,10,10
12092,Excelente,excelente,['excelente'],1.0,5,10,10
5172,Muito lindo e macio,muito lindo e macio,"['muito', 'lindo', 'macio']",1.0,5,10,10
92992,"Não recebi o produto e não tive nenhuma satisfação da empresa e no status consta como entregue, sempre comprei pela sub e nuca nunca tive esse tipo de problema, MUITO INSATISFEITA, quero meu dinheiro ","nao recebi o produto e nao tive nenhuma satisfacao da empresa e no status consta como entregue, sempre comprei pela sub e nuca nunca tive esse tipo de problema, muito insatisfeita, quero meu dinheiro ","['nao', 'recebi', 'produto', 'nao', 'tive', 'nenhuma', 'satisfacao', 'da', 'empresa', 'no', 'status', 'consta', 'como', 'entregue', 'sempre', 'comprei', 'pela', 'sub', 'nuca', 'nunca', 'tive', 'esse', 'tipo', 'de', 'problema', 'muito', 'insatisfeita', 'quero', 'meu', 'dinheiro']",0.0,1,10,10
16512,"o carrinho é lindo, original e super leve.","o carrinho e lindo, original e super leve.","['carrinho', 'lindo', 'original', 'super', 'leve']",1.0,5,10,10
93400,"otima loja, produto entregue antes do prazo previsto, recomendo a todos.","otima loja, produto entregue antes do prazo previsto, recomendo a todos.","['otima', 'loja', 'produto', 'entregue', 'antes', 'do', 'prazo', 'previsto', 'recomendo', 'todos']",1.0,5,10,10
65810,"Entrega antes do prazo, produto exatamente como está na foto, de qualidade, recomendo.","entrega antes do prazo, produto exatamente como esta na foto, de qualidade, recomendo.","['entrega', 'antes', 'do', 'prazo', 'produto', 'exatamente', 'como', 'esta', 'na', 'foto', 'de', 'qualidade', 'recomendo']",1.0,5,10,10
40511,O produto não foi entregue e quero cancelar pelo fato que comprei em outro lugar ,o produto nao foi entregue e quero cancelar pelo fato que comprei em outro lugar ,"['produto', 'nao', 'foi', 'entregue', 'quero', 'cancelar', 'pelo', 'fato', 'que', 'comprei', 'em', 'outro', 'lugar']",0.0,1,10,10
85316,"O hub que recebi não funciona com meu Apple CD Player externo, ou seja, não é um multiplicador de porta USB.","o hub que recebi nao funciona com meu apple cd player externo, ou seja, nao e um multiplicador de porta usb.","['hub', 'que', 'recebi', 'nao', 'funciona', 'com', 'meu', 'apple', 'cd', 'player', 'externo', 'ou', 'seja', 'nao', 'um', 'multiplicador', 'de', 'porta', 'usb']",0.0,2,10,10
57828,"Comprei cobre leito e recebi lençol como se fosse colcha fiquei triste.Estou tentando estorna a compra ou devolver produto ou trocar ninguém retorna contato.
","comprei cobre leito e recebi lencol como se fosse colcha fiquei triste.estou tentando estorna a compra ou devolver produto ou trocar ninguem retorna contato.
","['comprei', 'cobre', 'leito', 'recebi', 'lencol', 'como', 'se', 'fosse', 'colcha', 'fiquei', 'triste', 'estou', 'tentando', 'estorna', 'compra', 'ou', 'devolver', 'produto', 'ou', 'trocar', 'ninguem', 'retorna', 'contato']",0.0,1,10,10
45405,"Comprei 3 kits de cartuchos hp contendo 1 Preto e 1 colorido cada, total de 6 mas recebi em minha casa apenas 1 Preto e 1 colorido, com nota fiscal q dizia conter 3 de cada! Aguardo providências","comprei 3 kits de cartuchos hp contendo 1 preto e 1 colorido cada, total de 6 mas recebi em minha casa apenas 1 preto e 1 colorido, com nota fiscal q dizia conter 3 de cada! aguardo providencias","['comprei', 'kits', 'de', 'cartuchos', 'hp', 'contendo', 'preto', 'colorido', 'cada', 'total', 'de', 'mas', 'recebi', 'em', 'minha', 'casa', 'apenas', 'preto', 'colorido', 'com', 'nota', 'fiscal', 'dizia', 'conter', 'de', 'cada', 'aguardo', 'providencias']",0.0,1,10,10
77084,Ótimo produto excelente qualidade entrega rápida.,otimo produto excelente qualidade entrega rapida.,"['otimo', 'produto', 'excelente', 'qualidade', 'entrega', 'rapida']",1.0,5,10,10
40884,"gostei
","gostei
",['gostei'],1.0,5,10,10
34882,O produto foi entregue bem antes do prazo estipulado no ato da compra. ,o produto foi entregue bem antes do prazo estipulado no ato da compra. ,"['produto', 'foi', 'entregue', 'bem', 'antes', 'do', 'prazo', 'estipulado', 'no', 'ato', 'da', 'compra']",1.0,4,10,10
94645,produto bom recomendo,produto bom recomendo,"['produto', 'bom', 'recomendo']",1.0,5,10,10
36831,"Ainda não abri para conferir pois irei dar de presente, mas acredito que esteja correto. Chegou bem antes do prazo. Super recomendo..","ainda nao abri para conferir pois irei dar de presente, mas acredito que esteja correto. chegou bem antes do prazo. super recomendo..","['ainda', 'nao', 'abri', 'para', 'conferir', 'pois', 'irei', 'dar', 'de', 'presente', 'mas', 'acredito', 'que', 'esteja', 'correto', 'chegou', 'bem', 'antes', 'do', 'prazo', 'super', 'recomendo']",1.0,5,10,10
35567,"PRODUTO VEM EM PERFEITO ESTADO, PRAZO CERTO, COMO EU QUERIA.","produto vem em perfeito estado, prazo certo, como eu queria.","['produto', 'vem', 'em', 'perfeito', 'estado', 'prazo', 'certo', 'como', 'eu', 'queria']",1.0,5,10,10
49725,SUCESSO :D,sucesso :d,['sucesso'],1.0,5,10,10
76794,Tudo OK. Produto entregue no prazo correto. ,tudo ok. produto entregue no prazo correto. ,"['tudo', 'ok', 'produto', 'entregue', 'no', 'prazo', 'correto']",1.0,5,10,10
72847,Ultimamente estão atrasando muito as entregas,ultimamente estao atrasando muito as entregas,"['ultimamente', 'estao', 'atrasando', 'muito', 'as', 'entregas']",0.0,1,10,10
50905,recomendo,recomendo,['recomendo'],1.0,5,10,10
6468,"A mascara veio com um pequeno defeito na estampa como se tivesse derretido, so não devolverei porque se trata de um presente
Que a loja confira os produtos da próxima vez antes de envia a seus client","a mascara veio com um pequeno defeito na estampa como se tivesse derretido, so nao devolverei porque se trata de um presente
que a loja confira os produtos da proxima vez antes de envia a seus client","['mascara', 'veio', 'com', 'um', 'pequeno', 'defeito', 'na', 'estampa', 'como', 'se', 'tivesse', 'derretido', 'so', 'nao', 'devolverei', 'porque', 'se', 'trata', 'de', 'um', 'presente', 'que', 'loja', 'confira', 'os', 'produtos', 'da', 'proxima', 'vez', 'antes', 'de', 'envia', 'seus', 'client']",0.0,2,10,10
